# Rasgos activos de la red NNUE, calculados por Vigía: el sentido A del vector dorado.
# generador indices --semilla 20260911 — 100 partidas aleatorias.
# Una línea por posición: categoría|fen|rasgos vistos por las blancas|rasgos vistos por las negras
al_paso|rn1qkb1r/ppp1pp1p/3p1n2/6p1/8/5P1N/PPPPP1PR/RNBQKB2 w Qkq g6 0 5|9 11 12 13 14 15 18 70 80 130 133 199 200 260 323 417 428 432 434 435 437 438 439 490 510 570 632 639 700 763 769 770 771|8 10 11 13 14 15 20 25 70 82 130 192 199 260 323 426 433 435 436 437 438 439 488 510 570 573 624 639 700 763 768 769 771
al_paso|rn1qkb1r/ppp1pp1p/3p1n2/6p1/1P6/5P1N/P1PPP1PR/RNBQKB2 b Qkq b3 0 5|9 11 12 13 15 18 30 70 80 130 133 199 200 260 323 417 428 432 434 435 437 438 439 490 510 570 632 639 700 763 769 770 771|8 10 11 13 14 15 20 25 70 82 130 192 199 260 323 422 426 433 435 436 437 439 488 510 570 573 624 639 700 763 768 769 771
al_paso|8/8/8/1p6/1p6/k7/5K2/4n3 w - b6 0 63|330 414 422 451 727|25 33 124 360 757
al_paso|rnbqkbnr/pppppppp/8/8/5P2/8/PPPPP1PP/RNBQKBNR b KQkq f3 0 1|8 9 11 12 13 14 15 26 65 70 130 133 192 199 260 323 432 433 434 435 436 437 438 439 505 510 570 573 632 639 700 763 768 769 770 771|8 9 10 11 12 13 14 15 65 70 130 133 192 199 260 323 418 432 433 435 436 437 438 439 505 510 570 573 632 639 700 763 768 769 770 771
al_paso|r1bqkbnr/pppppp1p/2n5/6p1/5P2/6P1/PPPPP2P/RNBQKBNR w KQkq g6 0 3|8 11 12 13 14 15 17 26 65 70 130 133 192 199 260 323 417 432 434 435 436 437 438 439 493 505 570 573 632 639 700 763 768 769 770 771|8 10 11 12 13 14 15 25 65 85 130 133 192 199 260 323 418 425 432 435 436 437 438 439 505 510 570 573 632 639 700 763 768 769 770 771
al_paso|1rbqk2r/pppppp1p/2n1B3/8/1P6/6P1/P1P1P2P/RNbQ1KNR b k b3 0 8|8 11 13 15 17 30 65 70 171 192 199 260 322 432 434 435 436 437 438 439 493 517 573 632 638 700 763 770|8 10 11 12 13 14 15 85 133 189 192 198 260 323 422 425 432 435 437 439 505 510 531 632 639 700 762 768
al_paso|1rbqk2r/p1ppp2p/4p3/1p6/1Pn5/2P3P1/P3PK1P/RNQ3NR w k b6 0 12|8 11 15 17 21 30 65 70 192 199 261 330 422 427 432 435 436 437 439 477 573 632 638 700 763 770|8 11 12 13 15 19 30 101 133 192 198 260 323 422 425 429 432 435 439 505 510 632 639 701 754 768
al_paso|1r1qk2r/p1p1p2p/4p3/1p6/1P3N1P/2P1P1P1/P4K2/1R5b b k h3 0 18|15 17 19 21 24 30 90 198 330 422 427 432 435 437 439 512 632 638 700 763 770|8 11 13 15 19 30 184 192 198 260 323 416 422 425 427 429 439 482 638 754 768
al_paso|rnbqkbnr/pppppppp/8/8/7P/8/PPPPPPP1/RNBQKBNR b KQkq h3 0 1|9 10 11 12 13 14 15 24 65 70 130 133 192 199 260 323 432 433 434 435 436 437 438 439 505 510 570 573 632 639 700 763 768 769 770 771|8 9 10 11 12 13 14 15 65 70 130 133 192 199 260 323 416 433 434 435 436 437 438 439 505 510 570 573 632 639 700 763 768 769 770 771
al_paso|rnbqkbnr/p1pp1ppp/1p6/4p3/7P/N7/PPPPPPP1/R1BQKBNR w KQkq e6 0 3|9 10 11 12 13 14 15 24 65 87 130 133 192 199 260 323 419 430 432 433 434 436 437 439 505 510 570 573 632 639 700 763 768 769 770 771|8 9 10 12 13 15 22 27 65 70 130 133 192 199 260 323 416 433 434 435 436 437 438 439 495 505 570 573 632 639 700 763 768 769 770 771
al_paso|rnbqkbnr/p1pp1ppp/1p6/4p3/5P1P/N7/PPPPP1P1/R1BQKBNR b KQkq f3 0 3|9 11 12 13 14 15 24 26 65 87 130 133 192 199 260 323 419 430 432 433 434 436 437 439 505 510 570 573 632 639 700 763 768 769 770 771|8 9 10 12 13 15 22 27 65 70 130 133 192 199 260 323 416 418 433 435 436 437 438 439 495 505 570 573 632 639 700 763 768 769 770 771
al_paso|5k1B/2pQ1p2/2n5/7p/7P/8/r1P1P1P1/1R2KBNR w K h6 0 17|9 11 13 24 65 130 184 192 198 308 323 416 434 437 493 591 762 768|10 13 24 85 247 322 416 433 435 437 505 512 570 632 638 652 763 770
al_paso|7B/2p2k2/2n5/8/6PP/8/2r1P3/1R2KBNR b K g3 0 20|11 24 25 65 130 184 192 198 323 437 493 589 754 768|13 85 245 330 416 417 435 505 512 570 632 638 763 770
al_paso|7B/4k3/8/2p5/5R1P/8/4K3/5BNR w - c6 0 27|24 65 130 184 192 218 331 421 755|29 331 416 505 512 570 610 632 755
al_paso|rnbqkbnr/pppppppp/8/8/1P6/8/P1PPPPPP/RNBQKBNR b KQkq b3 0 1|8 9 10 11 12 13 15 30 65 70 130 133 192 199 260 323 432 433 434 435 436 437 438 439 505 510 570 573 632 639 700 763 768 769 770 771|8 9 10 11 12 13 14 15 65 70 130 133 192 199 260 323 422 432 433 434 435 436 437 439 505 510 570 573 632 639 700 763 768 769 770 771
al_paso|rnbqkbnr/ppppppp1/8/7p/1P6/8/P1PPPPPP/RNBQKBNR w KQkq h6 0 2|8 9 10 11 12 13 15 30 65 70 130 133 192 199 260 323 416 433 434 435 436 437 438 439 505 510 570 573 632 639 700 763 768 769 770 771|9 10 11 12 13 14 15 24 65 70 130 133 192 199 260 323 422 432 433 434 435 436 437 439 505 510 570 573 632 639 700 763 768 769 770 771
al_paso|rnbqkbnr/ppppppp1/8/7p/1P1P4/8/P1P1PPPP/RNBQKBNR b KQkq d3 0 2|8 9 10 11 13 15 28 30 65 70 130 133 192 199 260 323 416 433 434 435 436 437 438 439 505 510 570 573 632 639 700 763 768 769 770 771|9 10 11 12 13 14 15 24 65 70 130 133 192 199 260 323 420 422 432 433 434 435 437 439 505 510 570 573 632 639 700 763 768 769 770 771
al_paso|r1bqk3/pppnpp2/8/6rp/1P3P2/7P/P1P1P1P1/RN2KBNR b KQq f3 0 8|9 11 13 15 16 26 30 65 70 130 192 199 323 416 434 435 437 438 439 500 573 609 639 700 763 768 769 771|10 11 13 14 15 24 76 133 199 217 260 323 418 422 424 433 435 437 439 505 510 570 632 639 763 769 770 771
al_paso|4k3/4pp2/pn6/2r2P1p/P3P3/7P/1KP5/RN6 b - a3 0 20|10 23 24 28 37 65 192 329 423 424 436 437 489 610 764|10 11 23 24 86 221 323 410 419 423 424 437 510 639 758
al_paso|4k3/5p2/p7/4pP1p/n3P3/R6P/2K5/1N6 w - e6 0 23|23 28 37 65 208 330 420 423 424 437 472 764|10 23 24 27 103 323 410 419 424 510 623 757
al_paso|rnbqkbnr/pp1pp1pp/5p2/2p5/8/3P3N/PPP1PPPP/RNBQKB1R w KQkq c6 0 3|8 9 10 11 13 14 15 20 70 80 130 133 192 199 260 323 421 426 432 433 435 436 438 439 505 510 570 573 632 639 700 763 768 769 770 771|8 9 11 12 14 15 18 29 65 70 130 133 192 199 260 323 428 432 433 434 435 437 438 439 488 510 570 573 632 639 700 763 768 769 770 771
al_paso|rnb2bnr/4p1pp/1p4k1/6p1/4P3/2P4P/PP3P1P/RNB1KB1R b KQ e3 0 10|8 10 14 15 16 21 27 70 130 133 192 199 323 417 430 432 433 435 505 510 570 573 632 639 745 768 769|8 9 11 22 25 65 70 130 133 192 199 337 419 424 429 432 434 438 439 510 570 573 632 639 763 770 771
al_paso|5bnr/4p1p1/1pn5/1N4kp/4P3/2P5/PP3P1P/R2K1R2 w - h6 0 19|8 9 13 15 18 28 97 192 197 323 423 425 436 438 490 510 573 639 742|9 11 22 24 65 85 130 192 345 419 429 432 434 438 439 478 634 639 764
al_paso|8/5kb1/8/p4K2/2P2P1p/8/7P/6r1 b - f3 0 39|8 26 29 354 408 423 561 577 754|31 32 137 249 330 418 421 432 730
al_paso|rnbqkbnr/pppppp1p/6p1/8/1P6/P7/2PPPPPP/RNBQKBNR b KQkq b3 0 2|8 9 10 11 12 13 23 30 65 70 130 133 192 199 260 323 425 432 434 435 436 437 438 439 505 510 570 573 632 639 700 763 768 769 770 771|8 10 11 12 13 14 15 17 65 70 130 133 192 199 260 323 422 431 432 433 434 435 436 437 505 510 570 573 632 639 700 763 768 769 770 771
al_paso|rnbqkbnr/1ppppp1p/6p1/p7/1P6/P7/2PPPPPP/RNBQKBNR w KQkq a6 0 3|8 9 10 11 12 13 23 30 65 70 130 133 192 199 260 323 423 425 432 434 435 436 437 438 505 510 570 573 632 639 700 763 768 769 770 771|8 10 11 12 13 14 17 31 65 70 130 133 192 199 260 323 422 431 432 433 434 435 436 437 505 510 570 573 632 639 700 763 768 769 770 771
al_paso|1nbk3r/1pppqp1p/4p3/5np1/5P2/2P5/3PP1P1/R1Q1KB2 b - f3 0 16|9 11 12 21 26 130 199 261 323 417 427 432 434 436 437 438 482 510 573 632 691 764|9 10 11 13 15 20 30 65 93 130 199 268 323 421 426 435 436 438 573 632 698 764
al_paso|1nb1kr2/2pp1pnQ/4p3/1p6/1P3p2/8/R2PP1P1/4KB2 w - b6 0 22|9 11 12 30 130 207 304 323 410 422 427 434 436 437 497 510 573 634 763|10 12 13 19 30 34 70 73 133 194 323 422 433 435 436 570 631 648 763
al_paso|5k2/2R5/3p4/1p2pp2/1P1n1p2/8/3PP1P1/4KB2 w - f6 0 30|9 11 12 30 130 245 323 410 418 419 422 428 476 762|20 26 27 30 34 100 322 422 433 435 436 570 589 763
al_paso|1rbqkbnr/pppp1pp1/n3p2p/8/4P2P/1P3N1R/P1PP1PP1/RNBQKB2 b Qk e3 0 5|9 10 12 13 15 22 24 27 70 82 130 133 199 208 260 323 424 427 433 434 436 437 438 439 495 505 570 573 632 638 700 763 769 770|9 10 12 13 14 15 16 19 65 87 130 133 192 198 260 323 416 419 430 433 434 436 437 439 490 510 570 573 616 639 700 763 768 771
al_paso|2bq1b1r/p1pk1p2/p2ppn2/6B1/4P1PP/5N2/P1PrQP2/RN2K2R b Q g3 0 13|10 13 15 24 25 27 70 82 161 192 199 267 323 427 428 431 434 437 439 490 570 573 588 632 700 756 769|8 10 13 16 19 20 85 130 133 199 243 259 331 420 422 423 432 434 437 493 505 542 632 639 692 764 770
al_paso|2bq3b/p1p2p2/2k2n2/8/2Pp2PB/5N2/P2K1P1R/RN6 b - c3 0 20|8 13 26 30 65 85 159 192 207 331 411 432 434 437 493 570 575 699 746|8 10 13 35 85 130 135 259 338 418 422 432 437 493 505 551 631 632 755
al_paso|4n3/3k1pb1/8/2p3B1/2P5/3p1P2/R6R/3K4 w - c6 0 33|21 26 166 200 207 323 403 418 437 508 566 755|13 26 43 68 142 331 418 429 542 624 631 763
al_paso|2k5/2n5/7R/2p2pB1/2P5/2b2P2/8/3K4 w - f6 0 38|21 26 166 239 323 418 421 498 530 762|26 29 74 170 322 418 429 542 599 763
al_paso|rnbqkbnr/pppppp1p/8/6p1/5P2/8/PPPPP1PP/RNBQKBNR w KQkq g6 0 2|8 9 11 12 13 14 15 26 65 70 130 133 192 199 260 323 417 432 434 435 436 437 438 439 505 510 570 573 632 639 700 763 768 769 770 771|8 10 11 12 13 14 15 25 65 70 130 133 192 199 260 323 418 432 433 435 436 437 438 439 505 510 570 573 632 639 700 763 768 769 770 771
al_paso|rnbqkbnr/pppppp2/8/6Pp/8/2N4P/PPPPP1P1/R1BQKBNR w KQkq h6 0 5|9 11 12 13 14 15 16 33 65 85 130 133 192 199 260 323 416 434 435 436 437 438 439 505 510 570 573 632 639 700 763 768 769 770 771|10 11 12 13 14 15 24 65 70 130 133 192 199 260 323 409 424 433 435 436 437 438 439 493 505 570 573 632 639 700 763 768 769 770 771
al_paso|4rbnr/2p1q3/p1p2k2/7p/PP2p3/2P5/3PP2K/R1B1Q3 b - b3 0 21|11 12 21 30 31 133 199 259 328 411 416 429 431 437 505 570 632 635 691 746|13 21 23 24 35 65 130 192 195 267 338 422 423 429 435 436 573 639 699 752
al_paso|r1bqkbnr/2pppppp/1p6/p6Q/8/4PP2/n1PP2PP/RNB1KBNR w KQkq a6 0 6|8 9 12 13 18 19 65 70 130 133 192 199 288 323 423 430 432 433 434 435 436 437 463 505 570 573 632 639 700 763 768 769 770 771|8 9 10 11 12 13 22 31 65 119 130 133 192 199 260 323 426 427 432 433 436 437 505 510 570 573 632 639 664 763 768 769 770 771
al_paso|r1bq1b1r/2p1p2p/1pp2pk1/p7/2P5/4PP2/R2P2PP/1N2K1NR b K c3 0 14|8 9 12 18 19 29 65 70 192 207 323 423 426 429 430 432 435 437 570 573 632 639 700 745 768|8 11 13 18 21 22 31 130 133 192 199 260 337 421 426 427 432 433 436 505 510 631 632 763 770
al_paso|8/4bb1p/2p2p2/6k1/p2KP1P1/2R4P/8/8 b - g3 0 41|23 28 30 210 347 408 426 429 439 564 565 742|8 18 21 39 138 139 345 417 419 424 621 740
al_paso|rnbqkbnr/pppp1ppp/8/4p3/8/6P1/PPPPPP1P/RNBQKBNR w KQkq e6 0 2|8 10 11 12 13 14 15 17 65 70 130 133 192 199 260 323 419 432 433 434 436 437 438 439 505 510 570 573 632 639 700 763 768 769 770 771|8 9 10 12 13 14 15 27 65 70 130 133 192 199 260 323 425 432 434 435 436 437 438 439 505 510 570 573 632 639 700 763 768 769 770 771
al_paso|r1bqkbnr/p1pp1ppp/n7/1p2p3/8/2N2NP1/PPPPPP1P/R1BQKB1R w KQkq b6 0 4|8 10 11 12 13 14 15 17 82 85 130 133 192 199 260 323 419 422 432 433 434 436 437 439 495 505 570 573 632 639 700 763 768 769 770 771|8 9 10 12 13 15 27 30 65 87 130 133 192 199 260 323 425 432 434 435 436 437 438 439 490 493 570 573 632 639 700 763 768 769 770 771
al_paso|r1bqkbnr/p2p1ppp/n1p5/1p2N3/1P6/2N3P1/P1PPPP1P/R1BQKB1R b KQkq b3 0 5|8 10 11 12 13 15 17 30 85 99 130 133 192 199 260 323 422 429 432 433 434 436 439 495 505 570 573 632 639 700 763 768 769 770 771|8 9 10 12 15 21 30 65 87 130 133 192 199 260 323 422 425 432 434 435 436 437 439 475 493 570 573 632 639 700 763 768 769 770 771
al_paso|r1b1kbnN/3p3p/2p3p1/pN6/1n6/6P1/P1PQPP1P/R1B1KB1R w KQq a6 0 10|8 10 11 13 15 17 102 120 130 133 192 199 268 323 423 425 429 432 436 478 505 570 573 639 763 768 769 771|8 12 17 21 31 65 102 130 133 199 323 425 432 434 435 437 439 448 478 570 573 632 639 692 763 769 770 771
al_paso|2b1k1n1/R6p/2p5/3p4/1b3N2/2N3P1/2PQPP1P/2B1KB1R w K d6 0 16|8 10 11 13 17 85 90 130 133 192 247 268 323 420 429 432 505 542 573 763 768|8 21 28 65 133 166 323 425 432 434 435 437 482 493 570 573 591 632 692 763 770
al_paso|8/8/4R3/8/5P1k/8/2P1K2P/3R1B2 b - f3 0 37|8 13 26 130 196 235 331 728|352 418 432 437 570 595 636 755
al_paso|r1bqk2r/pppppp1p/2n2n2/5Pb1/1P6/2P5/P2PP1PP/RNBQKB1R b KQkq b3 0 6|8 9 11 12 15 21 30 34 70 130 133 192 199 260 323 432 434 435 436 437 438 439 490 493 545 573 632 639 700 763 768 769 770 771|8 10 11 12 13 14 15 82 85 133 153 192 199 260 323 410 422 429 432 433 435 436 439 510 570 573 632 639 700 763 768 769 770 771
al_paso|r1bqkr2/pppppp1p/2n2n2/5Pb1/1P1P4/2P5/P3P1PP/RNBQKB1R b KQq d3 0 7|8 9 11 15 21 28 30 34 70 130 133 192 199 260 323 432 434 435 436 437 438 439 490 493 545 573 634 639 700 763 768 769 771|8 10 11 12 13 14 15 82 85 133 153 194 199 260 323 410 420 422 429 432 433 435 439 510 570 573 632 639 700 763 769 770 771
al_paso|r1bqk1r1/pp1ppp1p/2p2n2/5P2/PP1Q4/2P5/3KP1PP/R4B1R b q a3 0 12|12 14 15 18 24 25 37 133 192 199 283 331 426 432 433 435 436 437 439 493 570 632 638 699 764 770|8 10 11 12 14 15 21 82 133 193 199 260 323 410 422 423 429 432 433 435 570 632 639 676 756 769
al_paso|r1b1k3/p2p1p1p/2p2p2/Pp3P1r/P7/2P5/6B1/R1KR4 w q b6 0 19|18 24 32 37 142 192 195 322 417 426 429 432 435 437 439 570 615 632 764 770|8 10 12 15 18 21 30 133 199 216 323 410 415 423 429 561 636 639 765 769
al_paso|B1b2k2/5p1p/p4p2/Pp1p1P2/P7/2P4r/2K5/R3R3 w - d6 0 23|18 24 32 37 184 192 196 330 417 419 424 429 437 439 570 599 765|8 10 18 23 28 30 133 232 322 410 415 423 429 519 635 639 757
al_paso|rnbqkbnr/pppppppp/8/8/4P3/8/PPPP1PPP/RNBQKBNR b KQkq e3 0 1|8 9 10 12 13 14 15 27 65 70 130 133 192 199 260 323 432 433 434 435 436 437 438 439 505 510 570 573 632 639 700 763 768 769 770 771|8 9 10 11 12 13 14 15 65 70 130 133 192 199 260 323 419 432 433 434 436 437 438 439 505 510 570 573 632 639 700 763 768 769 770 771
al_paso|rnbqkbnr/ppppp1pp/5p2/8/P3P3/8/1PPP1PPP/RNBQKBNR b KQkq a3 0 2|8 9 10 12 13 14 27 31 65 70 130 133 192 199 260 323 426 432 433 435 436 437 438 439 505 510 570 573 632 639 700 763 768 769 770 771|8 9 11 12 13 14 15 18 65 70 130 133 192 199 260 323 419 423 432 433 434 436 437 438 505 510 570 573 632 639 700 763 768 769 770 771
al_paso|rnbqkb1r/ppp1p1pp/3p1p1n/P7/2P1P3/8/1P1P1PPP/RNBQKBNR b KQkq c3 0 4|8 9 10 12 14 27 29 39 65 70 130 133 192 199 260 323 426 428 432 433 435 437 438 439 488 510 570 573 632 639 700 763 768 769 770 771|8 9 11 13 14 15 18 20 70 80 130 133 192 199 260 323 415 419 421 432 433 434 436 438 505 510 570 573 632 639 700 763 768 769 770 771
al_paso|rnbqkbnr/pppppppp/8/8/2P5/8/PP1PPPPP/RNBQKBNR b KQkq c3 0 1|8 9 10 11 12 14 15 29 65 70 130 133 192 199 260 323 432 433 434 435 436 437 438 439 505 510 570 573 632 639 700 763 768 769 770 771|8 9 10 11 12 13 14 15 65 70 130 133 192 199 260 323 421 432 433 434 435 436 438 439 505 510 570 573 632 639 700 763 768 769 770 771
al_paso|rnbqkbnr/ppppppp1/7p/8/1PP5/8/P2PPPPP/RNBQKBNR b KQkq b3 0 2|8 9 10 11 12 15 29 30 65 70 130 133 192 199 260 323 424 433 434 435 436 437 438 439 505 510 570 573 632 639 700 763 768 769 770 771|9 10 11 12 13 14 15 16 65 70 130 133 192 199 260 323 421 422 432 433 434 435 436 439 505 510 570 573 632 639 700 763 768 769 770 771
al_paso|1rbq1bnr/pppkppp1/7p/8/1nPP4/8/P3PPPP/RNB1KBNR b KQ d3 0 6|8 9 10 11 15 28 29 65 70 130 133 192 199 323 424 433 434 435 437 438 439 478 505 570 573 632 638 700 756 768 769|8 9 10 12 13 14 23 70 97 130 133 193 199 259 331 418 419 432 436 437 438 439 505 510 570 573 632 639 764 770 771
al_paso|8/2R5/3k1p1p/8/2PP1P2/7P/2K1B3/7r b - f3 0 23|23 26 27 29 140 242 330 429 431 583 747|21 23 255 339 418 419 421 431 564 586 754
al_paso|rnbqkbnr/p1ppp1pp/5p2/1p6/8/N3P3/PPPP1PPP/R1BQKBNR w KQkq b6 0 3|8 9 10 12 13 14 15 19 65 87 130 133 192 199 260 323 422 426 432 433 435 436 437 439 505 510 570 573 632 639 700 763 768 769 770 771|8 9 11 12 13 15 18 30 65 70 130 133 192 199 260 323 427 432 433 434 436 437 438 439 495 505 570 573 632 639 700 763 768 769 770 771
al_paso|rnbqkbnr/p1ppp3/5p1p/1N4p1/8/4PP2/PPPP2PP/R1BQKBNR w KQkq g6 0 5|8 9 12 13 14 15 18 19 65 102 130 133 192 199 260 323 417 424 426 435 436 437 439 505 510 570 573 632 639 700 763 768 769 770 771|11 12 13 15 16 18 25 65 70 130 133 192 199 260 323 426 427 432 433 436 437 438 439 478 505 570 573 632 639 700 763 768 769 770 771
al_paso|r1b1kbnr/3pp3/2n2p1p/pB4p1/8/4PPP1/PPPP4/R1BQK1NR w KQkq a6 0 9|12 13 14 15 17 18 19 65 133 166 192 199 260 323 417 423 424 426 435 436 493 505 570 573 632 639 763 768 769 770 771|11 12 16 18 25 31 65 85 130 133 192 199 323 425 426 427 436 437 438 439 505 542 573 632 639 700 763 768 769 770 771
al_paso|B1b1kbnr/4p3/7p/p2p1pp1/8/4PPP1/PPPP4/R1BQK1NR w KQk d6 0 11|12 13 14 15 17 18 19 65 133 191 192 199 260 323 417 418 420 423 424 435 505 570 573 632 763 768 769 770|11 16 25 26 28 31 65 130 133 192 323 425 426 427 436 437 438 439 505 519 573 632 639 700 763 768 770 771
al_paso|4kb2/4p3/4B2n/p7/2P3p1/4P1P1/PP1P4/1RBQ1KN1 b - c3 0 19|12 14 15 17 19 29 65 133 171 198 260 322 409 423 435 488 570 763|11 31 33 80 130 323 421 425 427 436 438 439 505 531 573 638 700 762
al_paso|rnbqkb1r/ppppppp1/7n/7p/1P3P2/7P/P1PPPKP1/RNBQ1BNR b kq b3 0 4|9 11 12 13 15 16 26 30 65 70 130 133 192 199 260 330 416 433 434 435 436 437 438 439 488 510 570 573 632 639 700 763 770 771|9 10 11 12 13 14 15 24 70 80 130 133 192 199 260 323 418 422 424 433 435 436 437 439 505 510 570 573 632 639 700 754 768 769
al_paso|rnbqkbr1/ppppppp1/7n/7p/1P1P1P2/7P/P1P1PKP1/RNBQ1BNR b q d3 0 5|9 11 13 15 16 26 28 30 65 70 130 133 192 199 260 330 416 433 434 435 436 437 438 439 488 510 570 573 633 639 700 763 771|9 10 11 12 13 14 15 24 70 80 130 133 193 199 260 323 418 420 422 424 433 435 437 439 505 510 570 573 632 639 700 754 769
al_paso|rnbqkbr1/p1ppp1p1/1p6/5p2/1P1P1Pp1/P7/2P1PKP1/RNB1QBNR w q f6 0 9|9 11 13 23 26 28 30 65 70 130 133 192 199 259 330 409 418 430 433 435 436 437 439 510 570 573 633 639 700 763 771|9 11 12 13 15 22 26 33 70 130 133 193 199 260 323 418 420 422 431 433 435 437 505 510 570 573 632 639 699 754 769
al_paso|rnbqkbr1/p1pp2p1/1p6/4pp2/1P1P1Pp1/P7/2PNPKP1/R1B1QBNR w q e6 0 10|9 11 13 23 26 28 30 65 76 130 133 192 199 259 330 409 418 419 430 433 436 437 439 510 570 573 633 639 700 763 771|9 12 13 15 22 26 27 33 70 130 133 193 199 260 323 418 420 422 431 433 435 437 500 505 570 573 632 639 699 754 769
al_paso|rnbq2r1/p1ppk3/1p4p1/4Pp2/1PPP2p1/5N2/4PKP1/R1B1QBNR b - c3 0 13|9 11 28 29 30 35 65 82 130 133 192 199 259 330 409 418 425 430 436 437 439 510 573 633 639 700 755|12 13 15 17 22 26 33 70 133 193 199 260 331 411 420 421 422 433 435 490 505 570 573 632 639 699 754
al_paso|rnbqkbnr/pp2p1pp/2p2p2/3p4/6P1/5N2/PPPPPP1P/RNBQKB1R w KQkq d6 0 4|8 10 11 12 13 14 15 25 70 82 130 133 192 199 260 323 420 426 429 432 433 435 438 439 505 510 570 573 632 639 700 763 768 769 770 771|8 9 11 14 15 18 21 28 65 70 130 133 192 199 260 323 417 432 434 435 436 437 438 439 490 510 570 573 632 639 700 763 768 769 770 771
al_paso|rnbqkbnr/pp2p1pp/2p2p2/3p4/2P3P1/5N2/PP1PPP1P/RNBQKB1R b KQkq c3 0 4|8 10 11 12 14 15 25 29 70 82 130 133 192 199 260 323 420 426 429 432 433 435 438 439 505 510 570 573 632 639 700 763 768 769 770 771|8 9 11 14 15 18 21 28 65 70 130 133 192 199 260 323 417 421 432 434 435 436 438 439 490 510 570 573 632 639 700 763 768 769 770 771
al_paso|rn1qkbnr/pp2p1pp/2p1bp2/8/2p3PP/2N2N2/PP1PPP2/R1BQKBR1 b Qkq h3 0 9|10 11 12 14 15 24 25 82 85 130 133 193 199 260 323 413 426 429 432 433 435 438 439 505 510 555 570 632 639 700 763 769 770 771|8 9 11 14 15 18 21 37 65 70 130 147 192 199 260 323 416 417 434 435 436 438 439 490 493 570 573 633 639 700 763 768 769 771
al_paso|rn1qkbnr/p3p1pp/2p1bp2/1p6/2p3PP/2N2N2/PP1PPP2/R1BQKBR1 w Qkq b6 0 10|10 11 12 14 15 24 25 82 85 130 133 193 199 260 323 413 422 426 429 432 433 435 439 505 510 555 570 632 639 700 763 769 770 771|8 9 11 15 18 21 30 37 65 70 130 147 192 199 260 323 416 417 434 435 436 438 439 490 493 570 573 633 639 700 763 768 769 771
al_paso|rn2k1nr/N3p1b1/2p2p2/7p/7P/1p3b2/PP1BPP2/R3KB2 w Qkq h6 0 16|10 11 14 15 24 119 130 140 199 323 406 416 426 429 435 505 510 530 561 632 639 763 769 770 771|11 18 21 24 46 65 70 137 170 192 199 323 416 434 435 438 439 463 564 570 639 763 768 769 771
al_paso|rnbqkbnr/pppppppp/8/8/6P1/8/PPPPPP1P/RNBQKBNR b KQkq g3 0 1|8 10 11 12 13 14 15 25 65 70 130 133 192 199 260 323 432 433 434 435 436 437 438 439 505 510 570 573 632 639 700 763 768 769 770 771|8 9 10 11 12 13 14 15 65 70 130 133 192 199 260 323 417 432 434 435 436 437 438 439 505 510 570 573 632 639 700 763 768 769 770 771
al_paso|r1bqkbnr/p1pppp1p/6p1/1p4P1/8/P2PP2P/1P3P2/RNBQKBNR w KQkq b6 0 8|10 14 16 19 20 23 33 65 70 130 133 192 199 260 323 422 425 432 434 435 436 437 439 505 570 573 632 639 700 763 768 769 770 771|8 10 11 12 13 15 17 30 65 130 133 192 199 260 323 409 424 427 428 431 434 438 505 510 570 573 632 639 700 763 768 769 770 771
al_paso|2bqkr2/3pp2p/6p1/1N3p2/p3P3/P2P3P/1R2KPBR/8 w - f6 0 22|10 16 20 23 27 102 137 200 206 331 415 418 425 432 435 436 573 634 700 763|8 11 12 17 26 39 133 194 260 323 419 424 428 431 434 478 561 624 630 755
al_paso|rnbqkb1r/1ppppppp/7n/p7/8/5P2/PPPPPKPP/RNBQ1BNR w kq a6 0 3|8 9 11 12 13 14 15 18 65 70 130 133 192 199 260 330 423 432 433 434 435 436 437 438 488 510 570 573 632 639 700 763 770 771|8 9 10 11 12 13 14 31 70 80 130 133 192 199 260 323 426 432 433 435 436 437 438 439 505 510 570 573 632 639 700 754 768 769
al_paso|rnbqkb1r/1ppppp1p/7n/p5p1/8/N4P2/PPPPPKPP/R1BQ1BNR w kq g6 0 4|8 9 11 12 13 14 15 18 65 87 130 133 192 199 260 330 417 423 432 434 435 436 437 438 488 510 570 573 632 639 700 763 770 771|8 10 11 12 13 14 25 31 70 80 130 133 192 199 260 323 426 432 433 435 436 437 438 439 495 505 570 573 632 639 700 754 768 769
al_paso|rnbqkb1r/1ppppp1p/7n/p5p1/7P/N4P2/PPPPPKP1/R1BQ1BNR b kq h3 0 4|9 11 12 13 14 15 18 24 65 87 130 133 192 199 260 330 417 423 432 434 435 436 437 438 488 510 570 573 632 639 700 763 770 771|8 10 11 12 13 14 25 31 70 80 130 133 192 199 260 323 416 426 433 435 436 437 438 439 495 505 570 573 632 639 700 754 768 769
al_paso|r1bqk2r/1ppppp1p/2n4b/p7/2P5/N4P2/PP1PPKP1/R1BQ1BN1 b kq c3 0 7|9 11 12 14 15 18 29 65 87 130 133 199 260 330 423 432 434 435 436 437 438 493 552 573 632 639 700 763 770 771|8 10 11 12 13 14 31 85 133 144 192 199 260 323 421 426 433 435 436 438 439 495 505 570 573 639 700 754 768 769
al_paso|1rbqk1r1/2pppp1p/2n5/1p6/Q6K/N2PBP2/PP4P1/R4B2 w - b6 0 15|9 14 15 18 20 87 130 147 199 287 344 422 432 434 435 436 437 493 573 633 638 700 763|8 10 11 12 13 30 85 133 193 198 260 323 426 428 433 438 439 495 555 570 639 679 736
al_paso|1q2k3/2p1pp1p/8/n2p4/5P1K/3P3B/R7/8 w - d6 0 26|20 26 144 207 344 420 432 434 435 437 487 702 763|8 10 11 13 28 95 262 323 418 428 552 631 736
al_paso|8/8/5k2/3pp2p/8/3P2K1/8/8 w - h6 0 39|20 337 416 419 420 746|24 27 28 338 428 745
al_paso|r1b1kbnr/p1pp2pp/4pp2/Np6/8/2K5/PP1BPPPP/Q4B1R w kq b6 0 10|8 9 12 13 14 15 96 133 139 199 256 338 417 428 429 432 434 435 438 439 510 570 573 632 639 764 770 771|8 9 12 13 15 18 19 30 65 130 133 192 199 323 432 433 434 435 438 439 479 564 570 632 703 749 768 769
al_paso|r1b1kbnr/p1pp2pp/4pp2/Np6/1P6/2K5/P2BPPPP/Q4B1R b kq b3 0 10|8 12 13 14 15 25 96 133 139 199 256 338 417 428 429 432 434 435 438 439 510 570 573 632 639 764 770 771|8 9 12 13 15 18 19 30 65 130 133 192 199 323 422 432 433 434 435 439 479 564 570 632 703 749 768 769
al_paso|r1b1k2r/p1p3p1/3ppn2/bp5p/1B6/K7/P3PPPP/5B1R w kq h6 0 15|8 12 13 14 15 133 153 199 336 417 423 427 428 432 434 438 493 544 570 632 639 764 770 771|9 13 15 19 20 24 30 82 133 159 192 199 323 432 433 434 435 439 550 570 632 751 768 769
al_paso|r1b1k2r/p5p1/3ppn2/bp5p/5P2/K7/P3P1PP/5B1R b kq f3 0 16|8 12 14 15 29 133 199 336 417 423 427 428 432 438 493 544 570 632 639 764 770 771|9 15 19 20 24 30 82 133 159 192 199 323 418 432 433 435 439 570 632 751 768 769
al_paso|r1bk3r/p5p1/3ppn2/bp5p/5PP1/K3P2P/P7/5B1R b - g3 0 19|8 20 23 29 30 133 199 336 417 423 427 428 432 438 493 544 570 632 639 763|8 14 19 20 25 31 85 130 152 192 199 323 421 422 428 431 432 573 639 744
al_paso|rkb4r/p7/3pp3/bB4pp/5P2/KR2n2P/P7/8 w - g6 0 24|8 23 29 161 209 336 422 423 427 428 432 468 544 570 632 639 761|8 19 20 30 31 108 130 152 192 199 321 421 431 432 537 617 744
al_paso|1r1k3r/p7/3p4/4p2p/P1R5/7b/2BK4/8 b - a3 0 33|24 138 218 331 420 423 427 432 535 633 639 763|8 19 28 31 175 193 199 323 416 562 610 755
al_paso|rnbqkbnr/p1pppppp/8/1p6/2P5/8/PP1PPPPP/RNBQKBNR w KQkq b6 0 2|8 9 10 11 12 14 15 29 65 70 130 133 192 199 260 323 422 432 433 434 435 436 437 439 505 510 570 573 632 639 700 763 768 769 770 771|8 9 10 11 12 13 15 30 65 70 130 133 192 199 260 323 421 432 433 434 435 436 438 439 505 510 570 573 632 639 700 763 768 769 770 771
al_paso|rnbqkb1r/p1pppppp/7n/1P6/1P6/8/P2PPPPP/RNBQKBNR b KQkq b3 0 3|8 9 10 11 12 15 30 38 65 70 130 133 192 199 260 323 432 433 434 435 436 437 439 488 510 570 573 632 639 700 763 768 769 770 771|8 9 10 11 12 13 15 70 80 130 133 192 199 260 323 414 422 432 433 434 435 436 439 505 510 570 573 632 639 700 763 768 769 770 771
al_paso|rnbqkbnr/p1ppp2p/6p1/1P3p2/QP6/7P/P2PPPP1/RNB1KBNR w KQkq f6 0 6|9 10 11 12 15 16 30 38 65 70 130 133 192 199 287 323 418 425 432 435 436 437 439 505 510 570 573 632 639 700 763 768 769 770 771|8 11 12 13 15 17 26 65 70 130 133 192 199 260 323 414 422 424 433 434 435 436 439 505 510 570 573 632 639 679 763 768 769 770 771
al_paso|rnbqk1nr/p1pp3p/4p1p1/1P3p2/Qb4P1/7P/PB1PPP1R/RN2KBN1 b Qkq g3 0 8|10 11 12 15 16 25 38 65 70 130 142 199 200 287 323 418 425 427 432 436 437 439 505 510 542 573 632 639 700 763 769 770 771|8 12 13 15 17 19 26 65 70 133 166 192 199 260 323 414 417 424 434 435 436 439 505 510 566 570 624 639 679 763 768 769 771
al_paso|r3k2r/p1pp1n2/n3p1p1/1N5p/8/8/PB1KPPq1/3R2N1 w kq h6 0 19|8 12 13 70 97 137 195 331 423 428 430 432 434 435 488 501 632 639 654 764 770 771|12 13 15 17 19 24 74 87 192 199 305 323 434 435 439 478 505 566 636 756 768 769
al_paso|8/2kp4/p7/R6p/P5r1/4K3/3nPP2/B7 b - a3 0 31|10 11 31 135 231 339 416 431 436 460 601 757|11 16 31 115 230 330 416 436 437 568 600 748
al_paso|8/k7/p7/8/4P3/3K1P2/8/2B5 b - e3 0 46|21 28 130 339 424 752|16 328 420 429 570 747
al_paso|rnbqkbnr/ppppp1pp/8/5p2/8/5P2/PPPPP1PP/RNBQKBNR w KQkq f6 0 2|8 9 11 12 13 14 15 18 65 70 130 133 192 199 260 323 418 432 433 435 436 437 438 439 505 510 570 573 632 639 700 763 768 769 770 771|8 9 11 12 13 14 15 26 65 70 130 133 192 199 260 323 426 432 433 435 436 437 438 439 505 510 570 573 632 639 700 763 768 769 770 771
al_paso|rnbqkb1r/pppp2pp/4pn2/5p2/P7/3P1PP1/1PP1P2P/RNBQKBNR b KQkq a3 0 4|8 11 13 14 17 18 20 31 65 70 130 133 192 199 260 323 418 427 432 433 436 437 438 439 490 510 570 573 632 639 700 763 768 769 770 771|8 9 12 13 14 15 19 26 70 82 130 133 192 199 260 323 423 425 426 428 432 435 437 438 505 510 570 573 632 639 700 763 768 769 770 771
al_paso|r1bk4/2p5/1pB5/p4p1p/P7/7P/5K2/R6R w - a6 0 28|16 31 173 192 199 330 416 418 423 430 437 573 639 764|10 17 24 29 31 130 192 323 416 431 530 632 639 757
al_paso|8/rk6/1p6/p1p2B2/P6K/7P/8/R6R w - c6 0 35|16 31 162 192 199 344 421 423 430 631 758|17 24 26 200 329 416 431 541 632 639 743
al_paso|rnbqkbnr/pppppppp/8/8/P7/8/1PPPPPPP/RNBQKBNR b KQkq a3 0 1|8 9 10 11 12 13 14 31 65 70 130 133 192 199 260 323 432 433 434 435 436 437 438 439 505 510 570 573 632 639 700 763 768 769 770 771|8 9 10 11 12 13 14 15 65 70 130 133 192 199 260 323 423 432 433 434 435 436 437 438 505 510 570 573 632 639 700 763 768 769 770 771
al_paso|rnbqkbnr/pp1ppppp/2p5/8/P1P5/8/1P1PPPPP/RNBQKBNR b KQkq c3 0 2|8 9 10 11 12 14 29 31 65 70 130 133 192 199 260 323 429 432 433 434 435 436 438 439 505 510 570 573 632 639 700 763 768 769 770 771|8 9 10 11 12 14 15 21 65 70 130 133 192 199 260 323 421 423 432 433 434 435 436 438 505 510 570 573 632 639 700 763 768 769 770 771
al_paso|rnb1kbnr/pp1p1ppp/2p5/4p3/P1P5/2N5/1P1PPKPP/R1BQ1BNR w kq e6 0 5|8 9 11 12 14 29 31 65 85 130 133 192 199 260 330 419 429 432 433 434 436 438 439 505 510 570 573 632 639 763 770 771|8 9 10 12 14 15 21 27 65 70 130 133 192 199 323 421 423 432 433 435 436 438 493 505 570 573 632 639 700 754 768 769
al_paso|rnb2b1r/p2pkp1p/6pn/1pp1p3/P1P5/1Q3N1P/NP1PPKP1/1RB2B1R w - b6 0 12|9 11 12 14 16 29 31 79 82 130 133 192 198 278 330 419 421 422 425 432 434 436 439 488 510 570 573 632 639 755|8 10 12 15 17 27 29 30 70 80 130 133 192 199 331 421 423 424 433 435 436 438 490 503 570 573 632 638 686 754
al_paso|rnb2b1r/3pk2p/4p1p1/p1p1p1N1/P7/2N4P/1P1PPK2/1RB2R2 w - a6 0 18|11 12 14 16 31 85 97 133 194 198 330 419 421 423 425 427 432 436 510 570 573 632 639 755|8 12 17 19 27 29 31 70 130 133 192 199 331 423 424 435 436 438 473 493 573 634 638 754
al_paso|rnb1r3/7p/3kp1p1/p1p1p3/P3P3/2N4P/1P1P4/1RB1K3 b - e3 0 22|12 14 16 27 31 85 133 198 323 419 421 423 425 427 432 510 573 635 639 748|15 20 22 24 26 28 65 130 192 196 339 416 420 431 433 435 490 570 633 764
al_paso|rnb1r3/7p/2k3p1/p1ppp3/P2PP3/7P/1P6/1RB1K3 b - d3 0 24|14 16 27 28 31 133 198 323 419 420 421 423 425 432 510 573 635 639 749|15 22 24 26 27 28 65 130 192 196 338 416 419 420 431 433 570 633 764
al_paso|r1b2r2/3n4/2k3p1/p1ppP2p/P3P3/7P/1P2K3/1RB5 w - h6 0 27|14 16 27 31 35 133 198 331 416 420 421 423 425 500 573 634 639 749|22 24 26 27 31 75 130 192 197 338 412 416 420 431 433 570 633 756
al_paso|rnbqkbnr/pppppp1p/8/6p1/8/2N5/PPPPPPPP/R1BQKBNR w KQkq g6 0 2|8 9 10 11 12 13 14 15 65 85 130 133 192 199 260 323 417 432 434 435 436 437 438 439 505 510 570 573 632 639 700 763 768 769 770 771|8 10 11 12 13 14 15 25 65 70 130 133 192 199 260 323 432 433 434 435 436 437 438 439 493 505 570 573 632 639 700 763 768 769 770 771
al_paso|rnbqkbnr/pp1ppp1p/8/2p3p1/8/2N1P3/PPPP1PPP/R1BQKBNR w KQkq c6 0 3|8 9 10 12 13 14 15 19 65 85 130 133 192 199 260 323 417 421 432 434 435 436 438 439 505 510 570 573 632 639 700 763 768 769 770 771|8 10 11 12 14 15 25 29 65 70 130 133 192 199 260 323 427 432 433 434 436 437 438 439 493 505 570 573 632 639 700 763 768 769 770 771
al_paso|rn2k1nr/pp2p1bp/8/2p2pp1/4P3/1bN4N/P1PB1PPP/R2QK2R w KQkq f6 0 9|8 9 10 13 15 27 80 85 140 192 199 260 323 417 418 421 432 435 438 439 505 510 534 561 632 639 763 768 769 770 771|8 11 14 15 25 26 29 65 70 137 174 192 199 323 419 432 433 434 437 439 488 493 564 632 639 700 763 768 769 770 771
al_paso|rn2k1nr/pp2p2p/8/2p3N1/4pP2/1Pb5/P2B2PP/R2QK2R b KQkq f3 0 11|8 9 15 22 26 97 140 192 199 260 323 411 421 432 435 438 439 505 510 533 632 639 763 768 769 770 771|8 11 14 15 29 35 65 70 173 192 199 323 418 430 432 433 439 473 564 632 639 700 763 768 769 770 771
al_paso|rn2k1nr/p3p2p/8/1pp3N1/5P2/1P2K3/P5PP/R2Q3R w kq b6 0 14|8 9 15 22 26 97 192 199 260 339 421 422 432 435 439 505 510 632 639 763 770 771|8 11 15 29 30 65 70 192 199 323 418 430 432 433 439 473 632 639 700 747 768 769
al_paso|rn2k1nr/4p2p/8/ppp3N1/5P2/1P2K3/P2Q2PP/R6R w kq a6 0 15|8 9 15 22 26 97 192 199 268 339 421 422 423 432 435 505 510 632 639 763 770 771|8 11 29 30 31 65 70 192 199 323 418 430 432 433 439 473 632 639 692 747 768 769
al_paso|rn2k1nr/4p2N/8/pp6/5PP1/1p2K3/P6P/R3Q2R b kq g3 0 17|8 15 25 26 112 192 199 259 339 406 422 423 435 505 510 632 639 763 770 771|11 30 31 46 65 70 192 199 323 417 418 432 439 456 632 639 699 747 768 769
al_paso|rnbqkb1r/pp1ppppp/2p4n/8/2P1P3/6P1/PP1P1P1P/RNBQKBNR b KQkq c3 0 3|8 10 12 14 15 17 27 29 65 70 130 133 192 199 260 323 429 432 433 434 435 436 438 439 488 510 570 573 632 639 700 763 768 769 770 771|8 9 10 11 12 14 15 21 70 80 130 133 192 199 260 323 419 421 425 432 434 436 438 439 505 510 570 573 632 639 700 763 768 769 770 771
al_paso|rnbqkb1r/1p1ppppp/2p4n/p7/2P1P3/6P1/PP1P1P1P/RNBQKBNR w KQkq a6 0 4|8 10 12 14 15 17 27 29 65 70 130 133 192 199 260 323 423 429 432 433 434 435 436 438 488 510 570 573 632 639 700 763 768 769 770 771|8 9 10 11 12 14 21 31 70 80 130 133 192 199 260 323 419 421 425 432 434 436 438 439 505 510 570 573 632 639 700 763 768 769 770 771
al_paso|rnbqkb1r/1p1ppppp/2p5/p7/2P1PPn1/6PN/PP1P3P/RNBQKB1R b KQkq f3 0 5|8 12 14 15 17 26 27 29 70 80 130 133 192 199 260 323 423 429 432 433 434 435 436 438 473 510 570 573 632 639 700 763 768 769 770 771|8 9 10 11 12 14 21 31 70 97 130 133 192 199 260 323 418 419 421 425 432 436 438 439 488 510 570 573 632 639 700 763 768 769 770 771
al_paso|rnbqkb1r/1p1pp1pp/2p5/p4p2/2P1PPn1/6PN/PP1P3P/RNBQKB1R w KQkq f6 0 6|8 12 14 15 17 26 27 29 70 80 130 133 192 199 260 323 418 423 429 432 433 435 436 438 473 510 570 573 632 639 700 763 768 769 770 771|8 9 11 12 14 21 26 31 70 97 130 133 192 199 260 323 418 419 421 425 432 436 438 439 488 510 570 573 632 639 700 763 768 769 770 771
al_paso|rnbqkb1r/1p1pp1pp/2p5/p4p2/2PPPP2/6PN/PPQ4n/RNB1KB1R b KQkq d3 0 7|14 15 17 26 27 28 29 70 80 130 133 192 199 269 323 418 423 429 432 433 435 436 438 456 510 570 573 632 639 700 763 768 769 770 771|8 9 11 12 14 21 26 31 70 112 130 133 192 199 260 323 418 419 420 421 425 438 439 488 510 570 573 632 639 693 763 768 769 770 771
al_paso|rnbqkb1r/1p1pp1p1/2p5/p4p1p/2PPPP2/6PN/PPQ4n/RNB1KB1R w KQkq h6 0 8|14 15 17 26 27 28 29 70 80 130 133 192 199 269 323 416 418 423 429 433 435 436 438 456 510 570 573 632 639 700 763 768 769 770 771|9 11 12 14 21 24 26 31 70 112 130 133 192 199 260 323 418 419 420 421 425 438 439 488 510 570 573 632 639 693 763 768 769 770 771
al_paso|1nb3k1/8/rpp1p1p1/8/pP6/N2p4/P7/R1B2K2 b - b3 0 26|15 30 87 133 199 322 404 415 425 427 429 430 510 573 623 761|17 19 21 22 39 44 70 133 215 321 422 439 495 573 639 762
al_paso|rnbqkbnr/ppp1pppp/8/3p4/6P1/8/PPPPPP1P/RNBQKBNR w KQkq d6 0 2|8 10 11 12 13 14 15 25 65 70 130 133 192 199 260 323 420 432 433 434 435 437 438 439 505 510 570 573 632 639 700 763 768 769 770 771|8 9 10 11 13 14 15 28 65 70 130 133 192 199 260 323 417 432 434 435 436 437 438 439 505 510 570 573 632 639 700 763 768 769 770 771
al_paso|rnbqkbnr/ppp1pppp/8/3p4/2P3P1/8/PP1PPP1P/RNBQKBNR b KQkq c3 0 2|8 10 11 12 14 15 25 29 65 70 130 133 192 199 260 323 420 432 433 434 435 437 438 439 505 510 570 573 632 639 700 763 768 769 770 771|8 9 10 11 13 14 15 28 65 70 130 133 192 199 260 323 417 421 432 434 435 436 438 439 505 510 570 573 632 639 700 763 768 769 770 771
al_paso|rn3bnr/pp1kpp2/7p/2p3p1/2B5/1P3PN1/P1Q4P/RNB2RK1 w - c6 0 14|8 15 18 22 70 81 133 157 194 199 269 321 417 421 424 434 435 438 439 505 510 570 632 639 756|8 9 12 13 23 26 30 65 70 133 192 199 331 425 429 432 439 494 505 546 570 632 637 690 766
al_paso|rn3bn1/ppk1pB2/8/2p3p1/P7/1P3PN1/3Q3r/RN3RK1 b - a3 0 17|18 22 31 70 81 178 194 199 268 321 417 421 435 438 439 505 510 570 584 639 757|8 9 12 26 30 65 70 133 192 247 330 416 425 429 494 505 525 632 637 691 766
al_paso|rn4n1/p7/3kp1B1/1pp3b1/P7/1P3P2/5N1K/RN3R2 w - b6 0 23|18 22 31 70 74 169 194 199 328 421 422 427 439 505 510 545 639 748|8 20 25 26 65 70 158 192 339 416 425 429 501 505 534 632 637 759
al_paso|rn1b2n1/8/3kp1B1/pPp5/8/NP3P2/5N1K/R4R2 w - a6 0 25|18 22 38 74 87 169 194 199 328 421 423 427 505 510 572 639 748|20 24 26 65 70 131 192 339 409 425 429 488 501 534 632 637 759
al_paso|rnbqkb1r/pppppppp/7n/8/2P1P3/8/PP1P1PPP/RNBQKBNR b KQkq e3 0 2|8 9 10 12 14 15 27 29 65 70 130 133 192 199 260 323 432 433 434 435 436 437 438 439 488 510 570 573 632 639 700 763 768 769 770 771|8 9 10 11 12 13 14 15 70 80 130 133 192 199 260 323 419 421 432 433 434 436 438 439 505 510 570 573 632 639 700 763 768 769 770 771
al_paso|rnbqkb1r/ppppp1pp/7n/5p2/2P1P3/8/PP1P1PPP/RNBQKBNR w KQkq f6 0 3|8 9 10 12 14 15 27 29 65 70 130 133 192 199 260 323 418 432 433 435 436 437 438 439 488 510 570 573 632 639 700 763 768 769 770 771|8 9 11 12 13 14 15 26 70 80 130 133 192 199 260 323 419 421 432 433 434 436 438 439 505 510 570 573 632 639 700 763 768 769 770 771
al_paso|r1b1kb1r/1pp1pnp1/p3n3/7p/2P1P3/5P2/PP1K2PP/R1B2BNR w kq h6 0 11|8 9 14 15 21 26 28 70 130 133 192 199 331 423 424 433 434 436 438 492 501 570 573 632 639 764 770 771|9 11 13 14 23 24 74 83 130 133 192 199 323 419 421 426 432 433 438 439 505 570 573 632 639 756 768 769
al_paso|r1b1kb1r/1pp1p1p1/p3n3/4n2p/2P1P1P1/P4P2/1P1K3P/R1B2BNR b kq g3 0 12|9 15 16 21 26 28 30 70 130 133 192 199 331 423 424 433 434 436 438 484 492 570 573 632 639 764 770 771|9 11 13 14 23 24 83 91 130 133 192 199 323 417 419 421 426 431 432 438 505 570 573 632 639 756 768 769
al_paso|2r2b2/1p2k3/6p1/2pR4/8/1P6/3K1n2/8 w - c6 0 40|17 227 331 418 430 433 461 573 634 756|14 17 29 114 130 197 331 430 604 756
al_paso|rn1qkb1r/4ppp1/pp1p4/2p4p/1P6/2N2PKB/P1PPP2R/R1BQ2N1 w kq c6 0 11|11 12 13 15 18 30 65 85 133 144 199 200 260 337 416 421 428 430 431 433 434 435 510 570 632 639 700 763 770 771|9 10 11 20 22 23 24 29 70 130 192 199 260 323 422 426 435 436 437 439 493 505 552 573 624 639 700 745 768 769
al_paso|rn2kb2/5ppr/p2p4/4p2p/8/B1N2PKB/P1PPP2R/R5Q1 w q e6 0 15|11 12 13 15 18 85 144 151 199 200 257 337 416 419 428 431 433 434 510 570 624 639 763 771|9 10 20 23 24 27 70 130 199 200 323 426 435 436 437 439 493 552 559 624 639 697 745 769
al_paso|rn2kb2/5p1r/p2p4/4p1pp/8/B1N2PK1/P1PPP1BR/R5Q1 w q g6 0 16|11 12 13 15 18 85 137 151 199 200 257 337 416 417 419 428 431 434 510 570 624 639 763 771|10 20 23 24 25 27 70 130 199 200 323 426 435 436 437 439 493 559 561 624 639 697 745 769
al_paso|3Q4/5p2/2k5/5K2/1pP5/3P1P2/1b6/7B b - c3 0 33|18 20 29 128 316 354 414 434 526 749|13 33 177 338 418 427 429 575 643 733
al_paso|rnbqkbnr/pppp1ppp/4p3/8/2P5/N7/PP1PPPPP/R1BQKBNR b KQkq c3 0 2|8 9 10 11 12 14 15 29 65 87 130 133 192 199 260 323 427 432 433 434 436 437 438 439 505 510 570 573 632 639 700 763 768 769 770 771|8 9 10 12 13 14 15 19 65 70 130 133 192 199 260 323 421 432 433 434 435 436 438 439 495 505 570 573 632 639 700 763 768 769 770 771
al_paso|rnbqk1nr/1Q1pb1pp/p1p1pp2/8/2PP4/5P2/PP2P1PP/RNB1KBNR b KQkq d3 0 7|8 9 11 14 15 18 28 29 65 70 130 133 192 199 310 323 426 427 429 431 432 433 436 505 510 563 573 632 639 700 763 768 769 770 771|8 9 12 18 19 21 23 65 70 133 139 192 199 260 323 420 421 426 432 433 435 438 439 505 510 570 573 632 639 654 763 768 769 770 771
al_paso|rn1qk1nr/1b1pb1pp/p1p1pp2/8/2PP2P1/5P2/PP2P2P/RNB1KBNR b KQkq g3 0 8|8 11 14 15 18 25 28 29 65 70 130 133 192 199 323 426 427 429 431 432 433 436 505 510 563 566 632 639 700 763 768 769 770 771|8 9 12 18 19 21 23 65 70 139 142 192 199 260 323 417 420 421 426 432 435 438 439 505 510 570 573 632 639 763 768 769 770 771
al_paso|rn2k3/1b1pnrpp/p3p3/5p2/P1Pp4/1P3P1B/4P2R/R1K2NN1 b q a3 0 18|12 17 21 24 26 69 70 151 192 207 322 411 421 424 428 435 438 439 500 505 561 629 632 764 770|8 9 12 19 23 26 36 70 75 142 199 202 323 421 423 426 430 435 505 506 552 624 639 765 769
al_paso|rn2k3/3pnr1p/p3p3/5pp1/P1Pp4/1P3P1B/7R/R1K2NN1 w q g6 0 20|17 21 24 26 69 70 151 192 207 322 411 421 422 424 428 435 439 500 505 629 632 764 770|8 12 19 23 25 26 36 70 75 199 202 323 421 423 426 430 505 506 552 624 639 765 769
al_paso|r1bqkbnr/pppp1ppp/2n5/4p3/6P1/2N5/PPPPPP1P/R1BQKBNR w KQkq e6 0 3|8 10 11 12 13 14 15 25 65 85 130 133 192 199 260 323 419 432 433 434 436 437 438 439 493 505 570 573 632 639 700 763 768 769 770 771|8 9 10 12 13 14 15 27 65 85 130 133 192 199 260 323 417 432 434 435 436 437 438 439 493 505 570 573 632 639 700 763 768 769 770 771
al_paso|r1b1kbnr/pppp1ppp/2n5/4p1q1/4P3/2N5/PPPP1P1P/R1BQKBNR b KQkq e3 0 4|8 10 12 13 14 15 27 65 85 130 133 192 199 260 323 419 432 433 434 436 437 438 439 493 505 570 573 632 639 673 763 768 769 770 771|8 9 10 12 13 14 15 27 65 85 130 133 192 199 281 323 419 432 434 436 437 438 439 493 505 570 573 632 639 700 763 768 769 770 771
al_paso|rn2k1nr/ppp2p1p/3p2p1/4p3/N1P1P3/P6b/P2BBP2/R2QK1NR b KQkq c3 0 10|10 15 23 27 29 65 95 139 140 192 199 260 323 419 425 428 432 434 437 438 439 505 510 528 632 639 763 768 769 770 771|8 10 13 14 15 17 20 27 65 70 168 192 199 323 419 421 431 434 439 487 505 563 564 632 639 700 763 768 769 770 771
al_paso|rn2k1nr/1pp2p1p/3p2p1/p3p3/N1P1P3/P6b/P2BBP2/R2QK1NR w KQkq a6 0 11|10 15 23 27 29 65 95 139 140 192 199 260 323 419 423 425 428 432 434 437 438 505 510 528 632 639 763 768 769 770 771|8 10 13 14 17 20 27 31 65 70 168 192 199 323 419 421 431 434 439 487 505 563 564 632 639 700 763 768 769 770 771
al_paso|rn2k1nr/2p2p1p/3p2p1/pp2p3/N1P1P3/P6R/P2BBP2/R2QK1N1 w Qkq b6 0 12|10 15 23 27 29 65 95 139 140 199 208 260 323 419 422 423 425 428 432 434 437 505 510 632 639 763 769 770 771|8 10 13 17 20 27 30 31 65 70 192 199 323 419 421 431 434 439 487 505 563 564 616 639 700 763 768 769 771
al_paso|Bn3k2/8/6p1/2p1p2Q/N3P3/P7/P4P2/R5K1 w - c6 0 25|10 15 23 27 95 191 199 288 321 419 421 425 510 762|17 27 29 70 322 419 431 434 439 487 519 639 664 761
al_paso|Bn3k2/8/6p1/2p1p2Q/N3PP2/P7/P7/R5K1 b - f3 0 25|15 23 26 27 95 191 199 288 321 419 421 425 510 762|17 27 29 70 322 418 419 431 439 487 519 639 664 761
al_paso|8/8/4k3/P6B/P7/8/7K/8 b - a3 0 46|31 39 160 328 747|339 415 423 536 752
al_paso|rnbqkbnr/ppp1pppp/8/3p4/8/7N/PPPPPPPP/RNBQKB1R w KQkq d6 0 2|8 9 10 11 12 13 14 15 70 80 130 133 192 199 260 323 420 432 433 434 435 437 438 439 505 510 570 573 632 639 700 763 768 769 770 771|8 9 10 11 13 14 15 28 65 70 130 133 192 199 260 323 432 433 434 435 436 437 438 439 488 510 570 573 632 639 700 763 768 769 770 771
al_paso|rnbqkbnr/ppp1pppp/8/3p4/6P1/7N/PPPPPP1P/RNBQKB1R b KQkq g3 0 2|8 10 11 12 13 14 15 25 70 80 130 133 192 199 260 323 420 432 433 434 435 437 438 439 505 510 570 573 632 639 700 763 768 769 770 771|8 9 10 11 13 14 15 28 65 70 130 133 192 199 260 323 417 432 434 435 436 437 438 439 488 510 570 573 632 639 700 763 768 769 770 771
al_paso|rn1qkbnr/ppp2ppp/8/3pp3/6b1/N6N/PPPPPP1P/R1BQKB1R w KQkq e6 0 4|8 10 11 12 13 14 15 80 87 130 133 192 199 260 323 419 420 432 433 434 437 438 439 505 510 537 570 632 639 700 763 768 769 770 771|8 9 10 13 14 15 27 28 65 70 130 161 192 199 260 323 432 434 435 436 437 438 439 488 495 570 573 632 639 700 763 768 769 770 771
al_paso|rn1qkbnr/ppp2ppp/8/3pp3/3P2b1/N6N/PPP1PP1P/R1BQKB1R b KQkq d3 0 4|8 10 11 13 14 15 28 80 87 130 133 192 199 260 323 419 420 432 433 434 437 438 439 505 510 537 570 632 639 700 763 768 769 770 771|8 9 10 13 14 15 27 28 65 70 130 161 192 199 260 323 420 432 434 435 437 438 439 488 495 570 573 632 639 700 763 768 769 770 771
al_paso|rn1qk1nr/ppp2ppp/8/3pP3/2P5/b7/PP2PP1P/R1BQ1K1R b kq c3 0 7|8 10 11 14 15 29 35 133 192 199 260 322 420 432 433 434 437 438 439 505 510 535 632 639 700 763 770 771|8 9 10 13 14 15 28 65 70 175 192 199 260 323 411 421 432 434 435 438 439 573 632 639 700 762 768 769
al_paso|r2k2nr/ppp2ppp/2n5/4P3/P1p5/4P3/1B3P1P/R4K1R b - a3 0 11|8 10 19 31 35 142 192 199 322 413 432 433 434 437 438 439 493 505 632 639 764|8 9 10 13 14 15 34 70 82 192 199 323 412 416 428 437 439 561 632 639 765
al_paso|2rk2nr/ppp2ppp/2n5/4P3/P1p2P2/4P3/1B5P/R4K1R b - f3 0 12|8 19 26 31 35 142 192 199 322 413 432 433 434 437 438 439 493 505 632 637 764|8 9 10 13 14 15 34 70 82 194 199 323 412 416 421 428 439 561 632 639 765
al_paso|2rk3r/2p2pp1/1p3n1p/p3P3/P2BP3/2p4P/4K3/R6R w - a6 0 18|16 27 31 35 156 192 199 331 405 423 424 430 433 434 437 490 632 637 764|10 13 14 17 23 24 42 85 194 199 323 412 416 420 431 547 632 639 756
al_paso|rnbqkbnr/p1pppppp/8/1p6/1P6/8/P1PPPPPP/RNBQKBNR w KQkq b6 0 2|8 9 10 11 12 13 15 30 65 70 130 133 192 199 260 323 422 432 433 434 435 436 437 439 505 510 570 573 632 639 700 763 768 769 770 771|8 9 10 11 12 13 15 30 65 70 130 133 192 199 260 323 422 432 433 434 435 436 437 439 505 510 570 573 632 639 700 763 768 769 770 771
al_paso|rnbqkb1B/p1p2p1p/4p1pn/1N1p4/1P6/8/P1PPPPPP/R2QKBNR w KQq d6 0 6|8 9 10 11 12 13 15 30 65 102 130 184 192 199 260 323 420 425 427 432 434 437 439 488 510 570 573 639 700 763 768 769 771|8 10 13 15 17 19 28 70 80 130 133 199 260 323 422 432 433 434 435 436 437 439 478 505 512 570 632 639 700 763 769 770 771
al_paso|N7/p3kp1p/2n3pB/3p4/4P3/7K/P1P3PP/2R2BNR b - e3 0 19|8 9 13 15 27 65 127 130 168 192 197 336 420 425 432 434 439 493 755|8 10 15 17 28 85 331 419 432 433 437 439 455 505 528 570 632 637 744
al_paso|N7/p3kp1p/2n3pB/8/2P1p3/7K/P5PP/2R2BNR b - c3 0 20|8 9 15 29 65 127 130 168 192 197 336 411 425 432 434 439 493 755|8 10 15 17 35 85 331 421 432 433 439 455 505 528 570 632 637 744
al_paso|8/p7/7K/8/4k2P/3p1N2/P5P1/4B2R b - h3 0 37|9 15 24 82 131 192 360 404 439 731|15 44 355 416 433 439 490 571 632 720
al_paso|5B2/6K1/4R3/p7/2N5/3p2k1/P7/8 w - a6 0 49|15 93 186 235 369 404 423 721|31 44 361 439 485 514 595 713
al_paso|rnbqkbnr/1pppp1pp/p7/5p2/8/2P3P1/PP1PPP1P/RNBQKBNR w KQkq f6 0 3|8 10 11 12 14 15 17 21 65 70 130 133 192 199 260 323 418 431 432 433 435 436 437 438 505 510 570 573 632 639 700 763 768 769 770 771|8 9 11 12 13 14 23 26 65 70 130 133 192 199 260 323 425 429 432 434 435 436 438 439 505 510 570 573 632 639 700 763 768 769 770 771
al_paso|rnbqkbnr/1pppp1p1/p7/5p1p/Q7/2P3P1/PP1PPP1P/RNB1KBNR w KQkq h6 0 4|8 10 11 12 14 15 17 21 65 70 130 133 192 199 287 323 416 418 431 433 435 436 437 438 505 510 570 573 632 639 700 763 768 769 770 771|9 11 12 13 14 23 24 26 65 70 130 133 192 199 260 323 425 429 432 434 435 436 438 439 505 510 570 573 632 639 679 763 768 769 770 771
al_paso|rnbqkbnr/1pppp1p1/p7/5p1p/Q3P3/2P3P1/PP1P1P1P/RNB1KBNR b KQkq e3 0 4|8 10 12 14 15 17 21 27 65 70 130 133 192 199 287 323 416 418 431 433 435 436 437 438 505 510 570 573 632 639 700 763 768 769 770 771|9 11 12 13 14 23 24 26 65 70 130 133 192 199 260 323 419 425 429 432 434 436 438 439 505 510 570 573 632 639 679 763 768 769 770 771
al_paso|1n1qkbn1/2p3pr/3p4/3Rp3/8/5pP1/1P1P1P1P/1NBK3R w - e6 0 16|9 11 13 15 22 65 130 199 227 323 405 420 427 434 438 505 510 573 631 699 764|9 13 20 27 42 65 70 130 200 260 323 425 432 434 436 438 510 573 604 632 764
al_paso|1n1qkb2/2p5/5nR1/4p3/1P6/5pP1/3P1P1P/1NBK3R b - b3 0 19|11 13 15 22 25 65 130 199 238 323 405 420 434 493 505 573 699 764|13 27 42 70 82 130 260 323 422 425 432 434 436 510 573 593 632 764
al_paso|5b2/3k4/n5R1/2p1B3/8/5pPP/5P2/1N1K3R w - c6 0 25|13 22 23 65 164 199 238 323 405 418 488 573 755|26 45 80 133 331 430 431 437 505 540 598 639 763
al_paso|rnbqkbnr/2ppp1pp/pp6/5p2/8/1QP4N/PP1PPPPP/RNB1KB1R w KQkq f6 0 4|8 9 10 11 12 14 15 21 70 80 130 133 192 199 278 323 418 430 431 432 433 435 436 437 505 510 570 573 632 639 700 763 768 769 770 771|8 9 11 12 13 22 23 26 65 70 130 133 192 199 260 323 429 432 433 434 435 436 438 439 488 510 570 573 632 639 686 763 768 769 770 771
al_paso|1nbqkbnr/r1ppp1pp/pp6/5p2/1P6/2P4N/P1QPPPPP/RNB1KB1R b KQk b3 0 5|8 9 10 11 12 15 21 30 70 80 130 133 192 199 269 323 418 430 431 432 433 435 436 437 505 510 570 573 631 632 700 763 768 769 770|8 9 11 12 13 22 23 26 65 70 130 133 192 207 260 323 422 429 432 433 434 435 436 439 488 510 570 573 632 639 693 763 768 770 771
al_paso|rnbqkbnr/2ppp1pp/pp6/5p2/1P2P3/2P4N/P1QP1PPP/RNB1KB1R b KQk e3 0 6|8 9 10 12 15 21 27 30 70 80 130 133 192 199 269 323 418 430 431 432 433 435 436 437 505 510 570 573 632 639 700 763 768 769 770|8 9 11 12 13 22 23 26 65 70 130 133 192 199 260 323 419 422 429 432 433 434 436 439 488 510 570 573 632 639 693 763 768 770 771
al_paso|2b2k1r/3p2pp/4p1n1/pn6/P7/5P2/3NN1RP/R1B1K3 b Q a3 0 20|8 18 31 75 76 133 199 201 323 423 427 432 433 436 486 489 573 632 762 769|8 9 12 19 31 81 94 133 192 322 423 426 432 499 500 573 625 639 763 771
al_paso|5k2/6p1/4p3/pN1p2P1/P7/8/7r/2B2K2 w - d6 0 31|31 33 102 133 322 420 423 427 433 584 762|9 19 28 31 240 322 409 423 478 573 762
al_paso|rnb1kbnr/1p1ppppp/2p5/p7/8/N4P1N/PBPPP1PP/R2QKB1R w KQkq a6 0 5|8 9 11 12 13 15 18 80 87 130 142 192 199 260 323 423 429 432 433 434 435 436 438 505 510 570 573 632 639 763 768 769 770 771|8 9 10 11 12 14 21 31 65 70 130 133 192 199 323 426 432 433 435 436 437 439 488 495 566 570 632 639 700 763 768 769 770 771
al_paso|1nb1k3/rp1pppbr/2p2n2/p7/4P3/N4P2/P1PP2PP/2RQKB1R b K e3 0 9|8 9 12 13 15 18 27 87 130 192 197 260 323 423 429 434 435 436 438 490 510 561 573 624 631 763 768|10 11 12 14 21 31 70 82 133 137 200 207 323 419 426 432 433 436 437 439 495 570 632 637 700 763 770
al_paso|1nb2k2/rp6/1bp5/p2p4/4R3/N4P2/P1PP2P1/2RQKB2 w - d6 0 15|9 12 13 15 18 87 130 197 219 260 323 420 423 429 438 510 558 573 631 762|14 21 28 31 70 133 150 207 322 426 433 436 437 439 495 570 611 637 700 763
al_paso|5k2/8/8/pb6/2P5/P4P2/8/4K3 b - c3 0 28|18 23 29 323 423 550 762|31 158 322 421 426 431 763
al_paso|rnbqkbnr/pppp1p1p/4p1p1/8/3P4/2N4N/PPP1PPPP/R1BQKB1R b KQkq d3 0 3|8 9 10 11 13 14 15 28 80 85 130 133 192 199 260 323 425 427 432 434 436 437 438 439 505 510 570 573 632 639 700 763 768 769 770 771|8 10 12 13 14 15 17 19 65 70 130 133 192 199 260 323 420 432 433 434 435 437 438 439 488 493 570 573 632 639 700 763 768 769 770 771
al_paso|rnbqkbnr/pp1p1p1p/4p1p1/2p5/3P4/2N4N/PPP1PPPP/R1BQKB1R w KQkq c6 0 4|8 9 10 11 13 14 15 28 80 85 130 133 192 199 260 323 421 425 427 432 434 436 438 439 505 510 570 573 632 639 700 763 768 769 770 771|8 10 12 14 15 17 19 29 65 70 130 133 192 199 260 323 420 432 433 434 435 437 438 439 488 493 570 573 632 639 700 763 768 769 770 771
al_paso|4k2r/np3p1p/4p3/1b6/7P/2P5/1P4P1/2BBK2R b Kk h3 0 20|9 14 21 24 132 133 192 323 427 432 434 438 503 550 632 763 768 770|8 10 14 19 79 158 192 323 416 429 433 438 572 573 632 763 768 770
al_paso|rnbqkbnr/3ppppp/ppp5/8/1P4P1/2N2P2/P1PPP2P/R1BQKBNR b KQkq b3 0 4|8 11 12 13 15 18 25 30 65 85 130 133 192 199 260 323 429 430 431 432 433 434 435 436 505 510 570 573 632 639 700 763 768 769 770 771|8 9 10 11 12 21 22 23 65 70 130 133 192 199 260 323 417 422 426 432 435 436 437 439 493 505 570 573 632 639 700 763 768 769 770 771
al_paso|rnbqkbnr/3p1p1p/ppp3p1/4p3/1P4P1/2N2P1P/P1PPP3/R1BQKBNR w KQkq e6 0 6|11 12 13 15 16 18 25 30 65 85 130 133 192 199 260 323 419 425 429 430 431 432 434 436 505 510 570 573 632 639 700 763 768 769 770 771|8 10 12 17 21 22 23 27 65 70 130 133 192 199 260 323 417 422 424 426 435 436 437 439 493 505 570 573 632 639 700 763 768 769 770 771
al_paso|rnbqk1nr/3p1p1p/1pp3p1/p5P1/Pb3p2/2NP3P/2P1P3/R1BQKBNR b KQkq a3 0 9|11 13 16 20 31 33 65 85 130 133 192 199 260 323 410 423 425 429 430 432 434 436 505 510 542 573 632 639 700 763 768 769 770 771|8 10 12 17 21 22 31 34 65 70 133 166 192 199 260 323 409 423 424 428 435 437 493 505 570 573 632 639 700 763 768 769 770 771
al_paso|1n4n1/r2pk2p/1p4p1/2p2p2/4P3/4P2P/1B6/5K2 w - f6 0 24|16 19 27 142 322 418 421 425 430 432 436 505 510 631 755|8 12 17 22 26 29 65 70 207 331 419 424 427 566 762
al_paso|1n4n1/4P2p/1pk5/3p4/2p4K/8/8/8 w - d6 0 39|51 344 413 420 430 432 505 510 749|15 17 27 34 65 70 338 396 743
al_paso|rnbqkb1r/pppppppp/5n2/8/P5P1/8/1PPPPP1P/RNBQKBNR b KQkq g3 0 2|8 10 11 12 13 14 25 31 65 70 130 133 192 199 260 323 432 433 434 435 436 437 438 439 490 510 570 573 632 639 700 763 768 769 770 771|8 9 10 11 12 13 14 15 70 82 130 133 192 199 260 323 417 423 432 434 435 436 437 438 505 510 570 573 632 639 700 763 768 769 770 771
al_paso|rnbqkb1r/ppp1pppp/8/3p4/P5n1/8/RPPPPP1P/1NBQKBNR w Kkq d6 0 4|8 10 11 12 13 14 31 65 70 130 133 192 207 260 323 420 432 433 434 435 437 438 439 473 510 570 573 632 639 700 763 768 770 771|8 9 10 11 13 14 15 28 70 97 130 133 192 199 260 323 423 432 434 435 436 437 438 505 510 570 573 631 632 700 763 768 769 770
al_paso|rnbqkb1r/1pp1pp1p/p7/P2p2p1/R7/7N/1PPPPn1P/1NBQKB1R w Kkq g6 0 7|8 11 12 13 14 39 70 80 130 133 192 223 260 323 417 420 431 432 434 435 437 438 458 510 570 573 632 639 700 763 768 770 771|8 10 11 13 14 23 25 28 70 114 130 133 192 199 260 323 415 432 435 436 437 438 488 510 570 573 615 632 700 763 768 769 770
al_paso|rnbqkb1r/1pp2p1p/p7/P2pp1N1/R7/8/1PPPPn1P/1NBQKB1R w Kkq e6 0 8|8 11 12 13 14 39 70 97 130 133 192 223 260 323 419 420 431 432 434 437 438 458 510 570 573 632 639 700 763 768 770 771|8 10 13 14 23 27 28 70 114 130 133 192 199 260 323 415 432 435 436 437 438 473 510 570 573 615 632 700 763 768 769 770
al_paso|rn2kb1r/1pp2p2/p7/P2pN2p/R7/7b/1P1QPK1P/1NB4R w kq h6 0 15|8 11 14 39 70 99 133 192 223 268 330 416 420 431 434 437 438 510 528 570 632 639 763 770 771|10 13 14 23 24 28 70 130 168 192 199 323 415 432 435 438 475 510 573 615 632 692 754 768 769
al_paso|rn2k1r1/1Q3pR1/p7/P1p5/5b1p/8/1P2K2P/1NBR4 w q c6 0 23|8 14 39 70 133 196 241 310 331 408 421 431 434 510 538 633 639 763 771|10 23 29 32 70 162 193 199 323 415 432 438 510 573 585 636 654 755 769
al_paso|rnbqkbnr/ppppp1pp/5p2/8/4P3/5P2/PPPP2PP/RNBQKBNR b KQkq e3 0 2|8 9 12 13 14 15 18 27 65 70 130 133 192 199 260 323 426 432 433 435 436 437 438 439 505 510 570 573 632 639 700 763 768 769 770 771|8 9 11 12 13 14 15 18 65 70 130 133 192 199 260 323 419 426 432 433 436 437 438 439 505 510 570 573 632 639 700 763 768 769 770 771
al_paso|rnbqkbnr/p1ppp1pp/5p2/1p6/4P3/5P2/PPPP2PP/RNBQKBNR w KQkq b6 0 3|8 9 12 13 14 15 18 27 65 70 130 133 192 199 260 323 422 426 432 433 435 436 437 439 505 510 570 573 632 639 700 763 768 769 770 771|8 9 11 12 13 15 18 30 65 70 130 133 192 199 260 323 419 426 432 433 436 437 438 439 505 510 570 573 632 639 700 763 768 769 770 771
al_paso|r1k2bnr/p5pp/n1pp1p2/4p3/4PP2/1P6/PBPP2PP/RN1Q1KNR w - e6 0 10|8 9 12 13 15 22 26 27 65 70 142 192 199 260 322 419 426 428 429 432 433 439 495 505 570 632 639 765|8 14 15 18 19 21 28 70 80 133 192 199 322 420 421 425 432 434 435 438 439 505 510 561 632 639 699 765
al_paso|2k3nr/p5bp/2p5/8/3PP3/N6N/P5P1/R2Q1K1R b - d3 0 19|9 15 27 28 80 87 192 199 260 322 429 432 439 505 561 632 765|8 15 18 70 142 199 322 419 420 432 438 488 495 632 639 699 765
al_paso|1k6/p3nr1p/Q1p5/4b3/4PNP1/N7/P7/5K1R b - g3 0 26|15 25 27 87 90 192 303 322 429 432 439 499 547 626 766|8 15 18 76 156 205 321 420 422 432 485 488 639 656 765
al_paso|rnbqkbnr/pppppp1p/8/6p1/8/5P2/PPPPP1PP/RNBQKBNR w KQkq g6 0 2|8 9 11 12 13 14 15 18 65 70 130 133 192 199 260 323 417 432 434 435 436 437 438 439 505 510 570 573 632 639 700 763 768 769 770 771|8 10 11 12 13 14 15 25 65 70 130 133 192 199 260 323 426 432 433 435 436 437 438 439 505 510 570 573 632 639 700 763 768 769 770 771
al_paso|rnbqkb1r/pppppp1p/8/3n2p1/1P6/2PP1P2/P3P1PP/RNBQKBNR b KQkq b3 0 4|8 9 11 15 18 20 21 30 65 70 130 133 192 199 260 323 417 432 434 435 436 437 438 439 484 510 570 573 632 639 700 763 768 769 770 771|8 10 11 12 13 14 15 25 70 92 130 133 192 199 260 323 422 426 428 429 432 433 435 439 505 510 570 573 632 639 700 763 768 769 770 771
al_paso|rnbqkb1r/pppppp1p/8/8/6P1/2PPp3/P6P/RN1QKBNR b KQkq g3 0 8|8 15 20 21 25 65 70 130 192 199 260 323 403 432 434 435 436 437 438 439 510 570 573 632 639 700 763 768 769 770 771|8 10 11 12 13 14 15 43 70 130 133 192 199 260 323 417 428 429 432 439 505 510 570 632 639 700 763 768 769 770 771
al_paso|rn1qkb2/p1p1p2p/5p2/3p4/8/2PPpB2/P3K2P/1R6 w q d6 0 17|8 15 20 21 146 198 331 403 420 426 432 435 437 439 510 570 639 700 763 771|8 11 13 15 18 28 43 70 130 199 260 323 428 429 432 439 554 638 755 769
al_paso|1r1qkb2/p1p4p/5p2/n2pp3/8/P1PPpB1P/4K3/6R1 w - e6 0 21|16 20 21 23 146 193 331 403 419 420 426 432 437 439 487 570 638 700 763|8 13 15 18 27 28 43 95 130 198 260 323 424 428 429 431 554 633 755
al_paso|8/1R2bk2/5p2/7p/3K4/1r5P/8/8 w - h6 0 34|23 241 347 423 429 564 593 757|18 24 139 238 330 424 590 740
al_paso|rnbqkbnr/pppppppp/8/8/3P4/8/PPP1PPPP/RNBQKBNR b KQkq d3 0 1|8 9 10 11 13 14 15 28 65 70 130 133 192 199 260 323 432 433 434 435 436 437 438 439 505 510 570 573 632 639 700 763 768 769 770 771|8 9 10 11 12 13 14 15 65 70 130 133 192 199 260 323 420 432 433 434 435 437 438 439 505 510 570 573 632 639 700 763 768 769 770 771
al_paso|rnbqkbnr/1pppp1p1/p4p2/7p/3P4/7N/PPPBPPPP/RN1QKB1R w KQkq h6 0 4|8 9 10 11 13 14 15 28 70 80 130 140 192 199 260 323 416 426 431 433 435 436 437 438 505 510 570 573 632 639 700 763 768 769 770 771|9 11 12 13 14 18 23 24 65 70 130 133 192 199 260 323 420 432 433 434 435 437 438 439 488 510 564 570 632 639 700 763 768 769 770 771
al_paso|rnbqkbnr/1pppp1p1/p4p2/7p/2PP4/7N/PP1BPPPP/RN1QKB1R b KQkq c3 0 4|8 9 10 11 14 15 28 29 70 80 130 140 192 199 260 323 416 426 431 433 435 436 437 438 505 510 570 573 632 639 700 763 768 769 770 771|9 11 12 13 14 18 23 24 65 70 130 133 192 199 260 323 420 421 432 433 434 435 438 439 488 510 564 570 632 639 700 763 768 769 770 771
al_paso|rnbqkbnr/1p1pp1p1/p4p2/2p4p/2PP4/7N/PP1BPPPP/RN1QKB1R w KQkq c6 0 5|8 9 10 11 14 15 28 29 70 80 130 140 192 199 260 323 416 421 426 431 433 435 436 438 505 510 570 573 632 639 700 763 768 769 770 771|9 11 12 14 18 23 24 29 65 70 130 133 192 199 260 323 420 421 432 433 434 435 438 439 488 510 564 570 632 639 700 763 768 769 770 771
al_paso|rnbqkbnr/1p2p1p1/p2p1p2/2P4p/1PP5/7N/P2BPPPP/RN1QKB1R b KQkq b3 0 6|8 9 10 11 15 29 30 37 70 80 130 140 192 199 260 323 416 426 428 431 433 435 438 505 510 570 573 632 639 700 763 768 769 770 771|9 11 14 18 20 23 24 65 70 130 133 192 199 260 323 413 421 422 432 433 434 435 439 488 510 564 570 632 639 700 763 768 769 770 771
al_paso|5bk1/1B4pr/5p1n/1P2p2p/2p5/6P1/R2KPP1P/1N5R w - e6 0 19|12 13 15 22 33 65 177 199 200 331 410 420 423 429 438 495 573 631 766|9 18 24 27 37 80 130 200 321 414 425 432 434 435 510 526 631 632 756
al_paso|3k4/8/1P6/8/N3P3/1K4P1/8/8 b - e3 0 44|22 28 41 88 337 763|323 401 420 430 480 745
al_paso|rnbqkb1r/p1pppppp/1p6/8/4n1P1/1Q6/PPPP1P1P/RNB1KBNR b KQkq g3 0 4|8 10 12 13 14 15 25 65 70 130 133 192 199 278 323 430 432 433 434 435 436 437 439 475 510 570 573 632 639 700 763 768 769 770 771|8 9 10 11 12 13 15 22 70 99 130 133 192 199 260 323 417 432 434 436 437 438 439 505 510 570 573 632 639 686 763 768 769 770 771
al_paso|rnbqkb1r/p2ppppp/1p6/8/2P5/3P4/PP5n/RNBK1BNR b kq c3 0 8|8 9 19 26 65 70 130 133 192 199 323 425 432 435 436 437 438 439 463 505 570 573 632 639 699 764 770 771|8 9 10 11 12 15 22 70 112 130 133 192 199 260 323 421 428 438 439 505 510 570 573 632 639 764 768 769
al_paso|rnbqkbnr/ppppp1pp/8/5p2/P7/8/1PPPPPPP/RNBQKBNR w KQkq f6 0 2|8 9 10 11 12 13 14 31 65 70 130 133 192 199 260 323 418 432 433 435 436 437 438 439 505 510 570 573 632 639 700 763 768 769 770 771|8 9 11 12 13 14 15 26 65 70 130 133 192 199 260 323 423 432 433 434 435 436 437 438 505 510 570 573 632 639 700 763 768 769 770 771
al_paso|rnbqkbnr/pppp2pp/8/4pp2/P7/7P/1PPPPPP1/RNBQKBNR w KQkq e6 0 3|9 10 11 12 13 14 16 31 65 70 130 133 192 199 260 323 418 419 432 433 436 437 438 439 505 510 570 573 632 639 700 763 768 769 770 771|8 9 12 13 14 15 26 27 65 70 130 133 192 199 260 323 423 424 433 434 435 436 437 438 505 510 570 573 632 639 700 763 768 769 770 771
al_paso|rnbqkbnr/pppp2pp/8/4pp2/PP6/7P/2PPPPP1/RNBQKBNR b KQkq b3 0 3|9 10 11 12 13 16 30 31 65 70 130 133 192 199 260 323 418 419 432 433 436 437 438 439 505 510 570 573 632 639 700 763 768 769 770 771|8 9 12 13 14 15 26 27 65 70 130 133 192 199 260 323 422 423 424 433 434 435 436 437 505 510 570 573 632 639 700 763 768 769 770 771
al_paso|Bnb1k2r/2Rp2pp/1p3n2/4bp2/5P2/7P/2P1P3/1N1Q1KNR b k f3 0 12|11 13 16 26 65 70 191 192 245 260 322 418 430 432 433 436 490 510 547 573 632 763 770|8 9 12 22 26 70 82 133 155 192 323 418 424 435 437 505 510 519 589 632 700 762 768
al_paso|2b4r/3k1B1p/1p6/2n2pp1/1b3P2/2P4P/8/6KR w - g6 0 25|16 21 26 178 192 321 417 418 430 432 485 542 573 632 756|15 17 29 30 90 130 161 199 331 421 426 431 525 639 766
al_paso|rnbqkbnr/pp1ppppp/2p5/8/P7/5P2/1PPPP1PP/RNBQKBNR b KQkq a3 0 2|8 9 11 12 13 14 18 31 65 70 130 133 192 199 260 323 429 432 433 434 435 436 438 439 505 510 570 573 632 639 700 763 768 769 770 771|8 9 10 11 12 14 15 21 65 70 130 133 192 199 260 323 423 426 432 433 435 436 437 438 505 510 570 573 632 639 700 763 768 769 770 771
al_paso|rnbqkbnr/3p4/ppp1pp1p/6p1/P4P2/RP3K2/2PPP1PP/1NBQ1BNR w kq g6 0 8|8 9 11 12 13 22 26 31 65 70 130 133 192 215 260 338 417 424 426 427 429 430 431 436 505 510 570 573 632 639 700 763 770 771|12 16 18 19 21 22 23 25 65 70 130 133 192 199 260 323 418 423 430 432 433 435 436 437 505 510 570 573 623 632 700 746 768 769
al_paso|rn2k1nr/1b1p4/pB6/4p2p/P2P4/1P4KN/2P1P1PP/1NQ2q1R b kq d3 0 17|8 9 11 13 22 28 31 70 80 174 192 261 337 416 419 431 436 505 510 566 632 639 642 763 770 771|12 23 24 27 65 70 142 192 199 314 323 420 423 430 432 433 435 437 488 510 534 632 701 745 768 769
al_paso|r3k1nr/3p4/1Bn5/p3P2p/P3P3/1P4K1/2P3NP/1N2Q3 b kq e3 0 22|8 13 22 27 31 35 70 73 174 259 337 416 423 436 493 505 632 639 763 770 771|12 24 31 65 85 192 199 323 411 419 423 430 432 437 497 510 534 699 745 768 769
al_paso|3n1k2/8/8/3p3p/P3P3/4N2P/2P4Q/5K2 w - d6 0 35|13 16 27 31 83 264 322 416 420 508 762|24 28 68 322 419 423 424 437 491 688 762
al_paso|rnbqkbnr/ppppppp1/8/7p/8/5P2/PPPPP1PP/RNBQKBNR w KQkq h6 0 2|8 9 11 12 13 14 15 18 65 70 130 133 192 199 260 323 416 433 434 435 436 437 438 439 505 510 570 573 632 639 700 763 768 769 770 771|9 10 11 12 13 14 15 24 65 70 130 133 192 199 260 323 426 432 433 435 436 437 438 439 505 510 570 573 632 639 700 763 768 769 770 771
al_paso|rnbqkb1r/ppppppp1/5n2/7p/P7/1P3P2/2PPP1PP/RNBQKBNR b KQkq a3 0 3|8 9 11 12 13 18 22 31 65 70 130 133 192 199 260 323 416 433 434 435 436 437 438 439 490 510 570 573 632 639 700 763 768 769 770 771|9 10 11 12 13 14 15 24 70 82 130 133 192 199 260 323 423 426 430 432 433 435 436 437 505 510 570 573 632 639 700 763 768 769 770 771
al_paso|rnbqkb1r/ppppppp1/5n2/8/P2P3p/1P3P2/2P1P1PP/RNBQKBNR b KQkq d3 0 4|8 9 11 13 18 22 28 31 65 70 130 133 192 199 260 323 408 433 434 435 436 437 438 439 490 510 570 573 632 639 700 763 768 769 770 771|9 10 11 12 13 14 15 32 70 82 130 133 192 199 260 323 420 423 426 430 432 433 435 437 505 510 570 573 632 639 700 763 768 769 770 771
al_paso|r7/1p1k4/6p1/pK2p3/7p/4P3/2N3PR/6N1 w - a6 0 27|14 20 70 74 207 353 415 416 420 430 433 632 755|9 22 24 28 39 192 331 428 438 498 510 631 729
al_paso|rnbqkbnr/ppppp1pp/8/5p2/8/7N/PPPPPPPP/RNBQKB1R w KQkq f6 0 2|8 9 10 11 12 13 14 15 70 80 130 133 192 199 260 323 418 432 433 435 436 437 438 439 505 510 570 573 632 639 700 763 768 769 770 771|8 9 11 12 13 14 15 26 65 70 130 133 192 199 260 323 432 433 434 435 436 437 438 439 488 510 570 573 632 639 700 763 768 769 770 771
al_paso|r1bqkbnr/ppppp1pp/n7/5p2/P4N2/8/1PPPPPPP/RNBQKB1R b KQkq a3 0 3|8 9 10 11 12 13 14 31 70 90 130 133 192 199 260 323 418 432 433 435 436 437 438 439 495 505 570 573 632 639 700 763 768 769 770 771|8 9 11 12 13 14 15 26 65 87 130 133 192 199 260 323 423 432 433 434 435 436 437 438 482 510 570 573 632 639 700 763 768 769 770 771
al_paso|r1bqkbnr/ppp1p1pp/n2p4/5p2/PP3N2/8/2PPPPPP/RNBQKB1R b KQkq b3 0 4|8 9 10 11 12 13 30 31 70 90 130 133 192 199 260 323 418 428 432 433 435 437 438 439 495 505 570 573 632 639 700 763 768 769 770 771|8 9 11 13 14 15 20 26 65 87 130 133 192 199 260 323 422 423 432 433 434 435 436 437 482 510 570 573 632 639 700 763 768 769 770 771
al_paso|4k1n1/6p1/1p6/8/1B4P1/4P3/4KP1R/1r3B2 b - g3 0 20|10 19 25 130 158 200 331 430 433 505 582 763|9 22 65 254 323 417 427 434 550 570 624 755
al_paso|rnb1k2r/p1ppqppB/1p1bpn2/8/3P2P1/2P1P3/PP3P1P/RNBQK1NR b KQkq d3 0 6|8 10 14 15 19 21 25 28 65 70 133 176 192 199 260 323 427 430 433 434 436 437 439 490 510 556 573 632 639 691 763 768 769 770 771|9 10 12 13 15 19 22 70 82 133 148 192 199 267 323 417 420 427 429 432 434 438 439 505 510 520 573 632 639 700 763 768 769 770 771
al_paso|rnb1k3/p1ppqp2/1p1bpn2/6p1/3P2P1/2P1P2r/PP1NKP1P/R1BQ2NR w q g6 0 9|8 10 14 15 19 21 25 28 65 76 133 192 199 260 331 417 427 430 434 436 437 439 490 510 556 573 592 639 691 763 771|10 12 13 15 19 22 25 70 82 133 148 199 232 267 323 417 420 427 429 432 434 438 439 500 505 573 632 639 700 755 769
al_paso|rnb1k3/p1pp4/1p2pp2/6pP/P2P4/2P1PK1N/1B1N1P1R/R2Q4 b q a3 0 14|10 19 21 28 31 32 76 80 142 199 200 260 338 417 426 427 430 436 437 439 510 573 639 763 771|12 13 15 18 19 22 25 70 133 199 323 408 420 423 427 429 434 488 500 566 624 639 700 746 769
al_paso|1nN5/6k1/2p5/3p3P/5P2/2P1P1K1/rB4R1/1Q6 b - f3 0 31|19 21 26 32 125 142 201 262 337 420 429 510 591 753|21 28 70 247 329 408 418 427 429 453 566 625 702 745
al_paso|r1bqkbnr/1ppppp1p/6p1/p7/1P6/7N/2PPPPPP/RNBQKB1R w KQkq a6 0 5|8 9 10 11 12 13 30 70 80 130 133 192 199 260 323 423 425 432 434 435 436 437 438 505 570 573 632 639 700 763 768 769 770 771|8 10 11 12 13 14 17 31 65 130 133 192 199 260 323 422 432 433 434 435 436 437 488 510 570 573 632 639 700 763 768 769 770 771
al_paso|r1bqkbnr/1p1ppp1p/6p1/p1p5/1P6/2N4N/2PPPPPP/R1BQKB1R w KQkq c6 0 6|8 9 10 11 12 13 30 80 85 130 133 192 199 260 323 421 423 425 432 434 435 436 438 505 570 573 632 639 700 763 768 769 770 771|8 10 11 12 14 17 29 31 65 130 133 192 199 260 323 422 432 433 434 435 436 437 488 493 570 573 632 639 700 763 768 769 770 771
al_paso|2bqk1nr/1p1ppp1p/6p1/R7/1p4P1/2b1P2N/2PP1P1P/2B1KB1R b Kk g3 0 10|8 10 12 13 19 25 80 130 133 192 231 323 414 425 432 434 435 436 438 505 533 573 632 700 763 768 770|8 10 11 12 14 17 38 65 133 173 192 260 323 417 427 432 434 436 437 488 570 573 607 632 763 768 770
al_paso|2bqk1nr/1p2p2p/5pp1/3p1R2/1p4P1/2b1P2N/2PP1P1P/2B1KB1R w Kk d6 0 12|8 10 12 13 19 25 80 130 133 192 226 323 414 420 425 426 432 435 438 505 533 573 632 700 763 768 770|8 11 14 17 18 28 38 65 133 173 192 260 323 417 427 432 434 436 437 488 570 573 602 632 763 768 770
al_paso|3q1knr/1p2p2p/5Bp1/1B1p4/1p3P2/4P2b/2PP3P/4K2R b K f3 0 16|8 12 13 19 26 166 170 192 323 414 420 425 432 435 438 505 528 632 700 762 768|8 11 14 17 28 38 65 168 192 260 322 418 427 432 436 437 530 542 632 763 770
al_paso|8/1p2p1kp/6p1/3n4/1p5P/4P3/2qP4/4K3 b - h3 0 24|12 19 24 323 414 425 432 435 438 484 653 753|8 11 14 17 38 92 309 329 416 427 436 763
al_paso|8/1p3k2/7p/4pPP1/1p6/8/3q4/6K1 w - e6 0 30|33 34 321 414 419 424 438 652 754|14 16 27 38 308 330 409 410 761
al_paso|rnbqkbnr/pppppp1p/8/6p1/7P/8/PPPPPPP1/RNBQKBNR w KQkq g6 0 2|9 10 11 12 13 14 15 24 65 70 130 133 192 199 260 323 417 432 434 435 436 437 438 439 505 510 570 573 632 639 700 763 768 769 770 771|8 10 11 12 13 14 15 25 65 70 130 133 192 199 260 323 416 433 434 435 436 437 438 439 505 510 570 573 632 639 700 763 768 769 770 771
al_paso|rnbqk1r1/pppppp1p/7R/8/1P6/8/P1PPPPP1/RNBQKBN1 b Qq b3 0 5|9 10 11 12 13 15 30 65 70 130 133 199 232 260 323 432 434 435 436 437 438 439 510 573 633 639 700 763 769 771|8 10 11 12 13 14 15 70 133 193 199 260 323 422 433 434 435 436 437 439 505 510 570 573 592 639 700 763 769 771
al_paso|rnbq4/1ppppk2/8/p7/1r6/3P4/P1P1PPP1/RNBQKBN1 w Q a6 0 9|9 10 11 13 15 20 65 70 130 133 199 260 323 423 435 436 437 438 510 573 606 639 700 754 769|11 12 13 14 31 70 133 199 230 260 330 428 433 434 435 437 439 505 510 570 573 639 700 763 771
al_paso|rnbq4/1ppppk2/8/p7/1r4P1/3P4/P1P1PP2/RNBQKBN1 b Q g3 0 9|10 11 13 15 20 25 65 70 130 133 199 260 323 423 435 436 437 438 510 573 606 639 700 754 769|11 12 13 14 31 70 133 199 230 260 330 417 428 434 435 437 439 505 510 570 573 639 700 763 771
al_paso|rnbq4/1pp1pk2/8/p2p4/1P6/3P4/2P1PP2/RNBQKBN1 w Q d6 0 12|10 11 13 20 30 65 70 130 133 199 260 323 420 423 435 437 438 510 573 639 700 754 769|11 13 14 28 31 70 133 199 260 330 422 428 434 435 437 505 510 570 573 639 700 763 771
al_paso|rnbq4/1pp1pk2/8/p2p4/1PP5/3P4/4PP2/RNBQKBN1 b Q c3 0 12|10 11 20 29 30 65 70 130 133 199 260 323 420 423 435 437 438 510 573 639 700 754 769|11 13 14 28 31 70 133 199 260 330 421 422 428 434 435 505 510 570 573 639 700 763 771
al_paso|rBb1qk2/1p1np3/8/8/1pPp1P2/N2P4/4P3/R2QKBN1 b Q f3 0 17|11 20 26 29 65 87 130 190 199 260 323 412 414 435 438 500 573 639 699 762 769|11 14 36 38 76 133 199 259 322 418 421 428 435 495 505 518 570 639 700 763 771
al_paso|7k/8/8/1p6/5K2/2p5/p7/8 w - b6 0 38|346 399 405 422 760|30 45 55 320 738
al_paso|rnbqkbnr/ppppp1pp/8/5p2/5P2/8/PPPPP1PP/RNBQKBNR w KQkq f6 0 2|8 9 11 12 13 14 15 26 65 70 130 133 192 199 260 323 418 432 433 435 436 437 438 439 505 510 570 573 632 639 700 763 768 769 770 771|8 9 11 12 13 14 15 26 65 70 130 133 192 199 260 323 418 432 433 435 436 437 438 439 505 510 570 573 632 639 700 763 768 769 770 771
al_paso|rnbqkbnr/ppppp1p1/8/5p1p/5P2/7N/PPPPP1PP/RNBQKB1R w KQkq h6 0 3|8 9 11 12 13 14 15 26 70 80 130 133 192 199 260 323 416 418 433 435 436 437 438 439 505 510 570 573 632 639 700 763 768 769 770 771|9 11 12 13 14 15 24 26 65 70 130 133 192 199 260 323 418 432 433 435 436 437 438 439 488 510 570 573 632 639 700 763 768 769 770 771
al_paso|rnbqkbnr/p1ppp1p1/1p6/5p1p/3P1P2/2P4N/PP2P1PP/RNBQKB1R b KQkq d3 0 4|8 9 11 14 15 21 26 28 70 80 130 133 192 199 260 323 416 418 430 433 435 436 437 439 505 510 570 573 632 639 700 763 768 769 770 771|9 11 12 13 15 22 24 26 65 70 130 133 192 199 260 323 418 420 429 432 433 435 438 439 488 510 570 573 632 639 700 763 768 769 770 771
al_paso|rnbq1bnr/p1pppkp1/1p6/5p1p/1P1P1P2/2P4N/P3P1PP/RNBQKB1R b KQ b3 0 5|8 9 11 15 21 26 28 30 70 80 130 133 192 199 260 323 416 418 430 433 435 436 437 439 505 510 570 573 632 639 700 754 768 769|9 11 12 13 15 22 24 26 65 70 130 133 192 199 260 330 418 420 422 429 432 433 435 439 488 510 570 573 632 639 700 763 770 771
al_paso|rnbqkb2/4p2r/pppp3n/5pp1/1PPP1P1P/P3P3/3Q1N1P/RNBK1B1R w - g6 0 14|15 16 20 25 26 27 29 31 65 77 130 133 192 199 267 323 421 422 424 425 426 427 436 495 505 570 573 631 632 699 764|11 20 21 22 23 25 26 70 80 130 133 199 200 260 323 416 418 420 421 422 427 431 432 498 510 570 573 632 639 692 764
al_paso|rnb5/5k2/pppp3B/3Pp3/PPP5/7P/4KN2/RNq2B1R w - e6 0 24|16 29 30 31 36 70 74 130 168 192 199 331 419 428 429 430 431 510 573 639 645 754|20 21 22 23 27 70 133 199 317 330 412 421 422 423 424 498 510 528 570 632 639 755
al_paso|rnbqkbnr/p1pppppp/8/1p6/5P2/8/PPPPP1PP/RNBQKBNR w KQkq b6 0 2|8 9 11 12 13 14 15 26 65 70 130 133 192 199 260 323 422 432 433 434 435 436 437 439 505 510 570 573 632 639 700 763 768 769 770 771|8 9 10 11 12 13 15 30 65 70 130 133 192 199 260 323 418 432 433 435 436 437 438 439 505 510 570 573 632 639 700 763 768 769 770 771
al_paso|rnbqkbnr/p1pppppp/8/1p6/5P1P/8/PPPPP1P1/RNBQKBNR b KQkq h3 0 2|9 11 12 13 14 15 24 26 65 70 130 133 192 199 260 323 422 432 433 434 435 436 437 439 505 510 570 573 632 639 700 763 768 769 770 771|8 9 10 11 12 13 15 30 65 70 130 133 192 199 260 323 416 418 433 435 436 437 438 439 505 510 570 573 632 639 700 763 768 769 770 771
al_paso|rn1k1bnr/p1p1pppp/3p4/1p6/2P2P1P/4P2P/PP1P4/RNBQKB2 b Q c3 0 7|12 14 15 16 19 24 26 29 70 130 133 199 260 323 422 428 432 433 434 435 437 439 505 510 570 632 639 764 769|8 10 12 13 14 15 19 25 65 70 133 192 199 323 418 421 423 428 431 432 433 435 505 570 573 632 699 764 770
al_paso|rn1k1bnr/2p1pppp/3p4/p7/2B2P1P/4P2P/PP1P4/RNBQK3 w Q a6 0 9|12 14 15 16 19 24 26 70 133 157 199 260 323 423 428 432 433 434 435 437 505 510 570 632 639 764 769|10 12 13 14 15 19 24 65 70 133 192 199 323 421 423 428 431 432 433 435 505 546 570 632 699 764 770
al_paso|8/8/k6B/6PP/P2P4/8/8/NR3K2 b - a3 0 63|28 31 32 33 71 168 198 322 751|336 414 415 416 419 504 535 633 765
al_paso|r1bqkbnr/p1p1p1pp/n2p4/1p3p2/8/P2P1P2/1PP1P1PP/RNBQKBNR w Kkq b6 0 6|8 9 11 13 14 18 20 23 65 70 130 133 192 199 260 323 418 422 428 432 433 435 437 439 495 505 570 573 632 639 700 763 768 770 771|8 9 11 13 15 20 26 30 65 87 130 133 192 199 260 323 426 428 431 432 433 435 437 438 505 510 570 573 632 639 700 763 768 769 770
al_paso|r1bqkbnr/p3p1pp/n2p4/1pp2p2/8/P2P1P2/1PPNP1PP/R1BQKBNR w Kkq c6 0 7|8 9 11 13 14 18 20 23 65 76 130 133 192 199 260 323 418 421 422 428 432 433 435 439 495 505 570 573 632 639 700 763 768 770 771|8 9 11 15 20 26 29 30 65 87 130 133 192 199 260 323 426 428 431 432 433 435 437 438 500 505 570 573 632 639 700 763 768 769 770
al_paso|r1bqkbnr/p3p1pp/n2p4/1pp2p2/4P3/P2P1P2/1PPN2PP/R1BQKBNR b Kkq e3 0 7|8 9 13 14 18 20 23 27 65 76 130 133 192 199 260 323 418 421 422 428 432 433 435 439 495 505 570 573 632 639 700 763 768 770 771|8 9 11 15 20 26 29 30 65 87 130 133 192 199 260 323 419 426 428 431 432 433 437 438 500 505 570 573 632 639 700 763 768 769 770
al_paso|r1bqkbnr/p5pp/n2p4/1pp1pp2/4P3/P2P1P2/1PPN2PP/R1BQKBNR w Kkq e6 0 8|8 9 13 14 18 20 23 27 65 76 130 133 192 199 260 323 418 419 421 422 428 432 433 439 495 505 570 573 632 639 700 763 768 770 771|8 9 15 20 26 27 29 30 65 87 130 133 192 199 260 323 419 426 428 431 432 433 437 438 500 505 570 573 632 639 700 763 768 769 770
al_paso|1rbq1bnr/p3k1p1/n7/2N1p2p/1P6/3P1P2/1PP3PP/R1BQKBNR w K h6 0 13|8 9 13 14 18 20 30 65 101 130 133 192 199 260 323 416 419 433 439 495 505 570 573 632 638 700 755 768|9 15 24 27 65 87 130 133 192 198 260 331 422 426 428 432 433 437 438 477 505 570 573 632 639 700 763 770
al_paso|N7/6k1/8/p4B2/6P1/2PP4/4N3/K7 b - g3 0 36|18 19 30 76 120 165 320 416 758|31 329 417 428 429 455 499 538 767
al_paso|rnbqkbnr/p1pppppp/8/1p6/6P1/8/PPPPPP1P/RNBQKBNR w KQkq b6 0 2|8 10 11 12 13 14 15 25 65 70 130 133 192 199 260 323 422 432 433 434 435 436 437 439 505 510 570 573 632 639 700 763 768 769 770 771|8 9 10 11 12 13 15 30 65 70 130 133 192 199 260 323 417 432 434 435 436 437 438 439 505 510 570 573 632 639 700 763 768 769 770 771
al_paso|rnbqkbnr/p1pppppp/8/1p6/3P2P1/8/PPP1PP1P/RNBQKBNR b KQkq d3 0 2|8 10 11 13 14 15 25 28 65 70 130 133 192 199 260 323 422 432 433 434 435 436 437 439 505 510 570 573 632 639 700 763 768 769 770 771|8 9 10 11 12 13 15 30 65 70 130 133 192 199 260 323 417 420 432 434 435 437 438 439 505 510 570 573 632 639 700 763 768 769 770 771
al_paso|r4bn1/p1pkpp2/8/1b6/2P1r3/7N/PP2PP1P/2R1KB1R b K c3 0 13|8 10 11 14 15 29 80 130 192 197 323 434 435 437 439 505 550 570 603 639 756 768|8 10 12 13 70 133 153 192 228 331 418 432 433 436 437 439 495 573 634 639 764 771
al_paso|5bn1/r2k1p2/p7/4p3/8/7N/PP2KP1P/5BR1 w - e6 0 20|8 10 14 15 80 130 193 331 419 431 434 505 570 631 756|13 16 28 70 133 200 331 432 433 437 439 495 573 638 756
al_paso|3r4/8/6k1/p7/P6P/5P2/1P2K3/5B2 b - h3 0 29|14 18 24 31 130 331 423 636 745|31 196 337 416 423 426 438 570 755
al_paso|rnbqkbnr/1pppppp1/p7/7p/8/6PP/PPPPPP2/RNBQKBNR w KQkq h6 0 3|10 11 12 13 14 15 16 17 65 70 130 133 192 199 260 323 416 431 433 434 435 436 437 438 505 510 570 573 632 639 700 763 768 769 770 771|9 10 11 12 13 14 23 24 65 70 130 133 192 199 260 323 424 425 434 435 436 437 438 439 505 510 570 573 632 639 700 763 768 769 770 771
al_paso|rnbqkbnr/2ppppp1/p7/1p5p/8/P5PP/1PPPPP2/RNBQKBNR w KQkq b6 0 4|10 11 12 13 14 16 17 23 65 70 130 133 192 199 260 323 416 422 431 433 434 435 436 437 505 510 570 573 632 639 700 763 768 769 770 771|9 10 11 12 13 23 24 30 65 70 130 133 192 199 260 323 424 425 431 434 435 436 437 438 505 510 570 573 632 639 700 763 768 769 770 771
al_paso|rnbqkbnr/2ppppp1/p7/1p5p/1P6/P5PP/2PPPP2/RNBQKBNR b KQkq b3 0 4|10 11 12 13 16 17 23 30 65 70 130 133 192 199 260 323 416 422 431 433 434 435 436 437 505 510 570 573 632 639 700 763 768 769 770 771|9 10 11 12 13 23 24 30 65 70 130 133 192 199 260 323 422 424 425 431 434 435 436 437 505 510 570 573 632 639 700 763 768 769 770 771
al_paso|1n1q1b2/2ppkpp1/6b1/8/1PP5/6r1/R2P4/1N2K3 b - c3 0 18|12 29 30 70 207 323 433 434 436 437 510 553 570 593 700 755|9 10 12 13 70 130 145 233 260 331 421 422 436 510 631 763
al_paso|3q1b2/2p1k1p1/2p3b1/2P2p2/8/R7/3P4/4K3 w - f6 0 24|12 37 215 323 418 429 433 437 553 570 700 755|9 13 21 26 130 145 260 331 413 436 623 763
al_paso|8/6p1/5k2/2p5/4b3/1R6/4K3/8 w - c6 0 39|214 331 421 433 539 746|9 29 163 338 622 755
al_paso|8/4k2b/8/2R3p1/8/8/8/4K3 w - g6 0 42|229 323 417 560 755|25 136 331 605 763
al_paso|rnbqkbnr/1ppppppp/8/p7/7P/8/PPPPPPP1/RNBQKBNR w KQkq a6 0 2|9 10 11 12 13 14 15 24 65 70 130 133 192 199 260 323 423 432 433 434 435 436 437 438 505 510 570 573 632 639 700 763 768 769 770 771|8 9 10 11 12 13 14 31 65 70 130 133 192 199 260 323 416 433 434 435 436 437 438 439 505 510 570 573 632 639 700 763 768 769 770 771
al_paso|rnbqkbnr/1ppppppp/8/p7/1P5P/8/P1PPPPP1/RNBQKBNR b KQkq b3 0 2|9 10 11 12 13 15 24 30 65 70 130 133 192 199 260 323 423 432 433 434 435 436 437 438 505 510 570 573 632 639 700 763 768 769 770 771|8 9 10 11 12 13 14 31 65 70 130 133 192 199 260 323 416 422 433 434 435 436 437 439 505 510 570 573 632 639 700 763 768 769 770 771
al_paso|rnbqkbnr/1ppppppp/8/8/1p1P3P/8/P1P1PPP1/RNBQKBNR b KQkq d3 0 3|9 10 11 13 15 24 28 65 70 130 133 192 199 260 323 414 432 433 434 435 436 437 438 505 510 570 573 632 639 700 763 768 769 770 771|8 9 10 11 12 13 14 38 65 70 130 133 192 199 260 323 416 420 433 434 435 437 439 505 510 570 573 632 639 700 763 768 769 770 771
al_paso|1nbqkbnr/1ppppp1p/8/6p1/1p1P3P/5P2/r1P1P1P1/RNBQKBNR w KQk g6 0 5|9 11 13 18 24 28 65 70 130 133 192 199 260 323 414 417 432 434 435 436 437 438 505 510 570 573 591 632 700 763 768 769 770|8 10 11 12 13 14 25 38 65 70 130 133 192 247 260 323 416 420 426 433 435 437 505 510 570 573 632 639 700 763 768 770 771
al_paso|1nbqkbnr/1ppppp1p/8/6p1/1p1P2PP/5P2/r1P1P3/RNBQKBNR b KQk g3 0 5|11 13 18 24 25 28 65 70 130 133 192 199 260 323 414 417 432 434 435 436 437 438 505 510 570 573 591 632 700 763 768 769 770|8 10 11 12 13 14 25 38 65 70 130 133 192 247 260 323 416 417 420 426 435 437 505 510 570 573 632 639 700 763 768 770 771
al_paso|5R2/1pppk3/2n5/3p1p2/1b4P1/5P2/2P1P1B1/3K2N1 w - f6 0 20|10 12 21 30 70 142 253 323 419 421 433 434 435 490 537 756|12 13 14 26 28 85 166 331 417 426 435 437 505 561 578 764
al_paso|2k2b2/1pp5/8/R2p4/6P1/5P1N/2P1P1B1/3K4 w - d6 0 25|10 12 21 30 87 142 224 323 419 433 434 573 762|9 10 27 133 322 422 429 434 436 495 566 600 763
al_paso|8/1pp5/2kb4/6P1/2P5/5P1N/3K2B1/R7 b - c3 0 32|21 26 38 87 142 192 331 433 434 555 746|9 10 147 338 414 418 429 495 566 632 755
al_paso|8/2p5/2k5/1p4P1/2P5/5PbN/3K2B1/1R6 w - b6 0 34|21 26 38 87 142 193 331 417 434 534 746|10 25 174 338 414 418 429 495 566 633 755
al_paso|8/8/3k4/1Pp3P1/8/5PbN/1R1K2B1/8 w - c6 0 36|21 33 38 87 142 201 331 418 534 747|26 174 339 409 414 429 495 566 625 755
al_paso|rnb1kbnr/ppp1pp1p/8/3p2p1/5P2/N2P3P/PPP1P2P/R1BQKB1R w KQkq g6 0 6|8 11 13 14 15 16 20 26 87 130 133 192 199 260 323 417 420 432 434 435 437 438 439 505 510 570 573 632 639 763 768 769 770 771|8 10 11 13 14 15 25 28 65 70 130 133 192 199 323 418 424 428 432 435 437 438 439 495 570 573 632 639 700 763 768 769 770 771
al_paso|rn2kb2/N1p1p2p/5p2/1p1p4/8/1K2p2P/PB5P/R6R w q b6 0 16|8 15 23 112 137 192 199 337 404 417 419 429 434 436 439 505 573 632 764 770|8 11 13 18 28 30 43 70 130 199 323 424 432 439 463 566 632 639 750 769
al_paso|rnbqkbnr/2ppp1pp/p4p2/1p6/4P3/1P6/P1PPKPPP/RNBQ1BNR w kq b6 0 4|8 9 10 12 13 15 22 27 65 70 130 133 192 199 260 331 422 426 431 432 433 435 436 437 505 510 570 573 632 639 700 763 770 771|8 9 11 12 13 18 23 30 65 70 130 133 192 199 260 323 419 430 432 433 434 436 437 439 505 510 570 573 632 639 700 755 768 769
al_paso|1nbqkbnr/2ppp1p1/5p1p/1p6/2P1P3/1P3P2/1B1PK1PP/r2Q1BNR b k c3 0 8|8 9 12 18 22 27 29 65 130 142 192 260 331 422 424 426 433 435 436 437 505 510 570 573 583 632 700 763 770|9 11 12 13 16 18 30 65 70 130 133 192 255 260 323 419 421 426 430 432 433 436 505 566 570 632 700 755 768
al_paso|1nbqkbnr/2pp2p1/5p1p/4p3/2p1P3/1P3P2/1B1PK1PP/Q4BNR w k e6 0 10|8 9 12 18 22 27 65 130 142 192 263 331 413 419 424 426 433 436 437 505 510 570 573 632 700 763 770|9 12 13 16 18 27 37 65 70 130 133 192 260 323 419 426 430 432 433 436 505 566 570 632 703 755 768
al_paso|1nbq2nr/2pp4/3k1p2/4p1pp/2P1P2P/3B1PPN/3b1K2/7R w - g6 0 18|17 18 24 27 29 80 148 192 330 416 417 419 426 436 437 505 510 524 573 632 700 748|10 11 21 28 30 31 65 70 130 179 199 259 339 418 420 423 429 430 495 555 639 757
al_paso|rnbqkbnr/1ppppppp/8/p7/4P3/8/PPPP1PPP/RNBQKBNR w KQkq a6 0 2|8 9 10 12 13 14 15 27 65 70 130 133 192 199 260 323 423 432 433 434 435 436 437 438 505 510 570 573 632 639 700 763 768 769 770 771|8 9 10 11 12 13 14 31 65 70 130 133 192 199 260 323 419 432 433 434 436 437 438 439 505 510 570 573 632 639 700 763 768 769 770 771
al_paso|rnbqkbnr/1ppppppp/8/p7/3PP3/8/PPP2PPP/RNBQKBNR b KQkq d3 0 2|8 9 10 13 14 15 27 28 65 70 130 133 192 199 260 323 423 432 433 434 435 436 437 438 505 510 570 573 632 639 700 763 768 769 770 771|8 9 10 11 12 13 14 31 65 70 130 133 192 199 260 323 419 420 432 433 434 437 438 439 505 510 570 573 632 639 700 763 768 769 770 771
al_paso|2bqkbnr/1Bppp1p1/r6B/p4p2/3PP3/N7/PPP2PPP/R2QK1NR w KQk f6 0 7|8 9 10 13 14 15 27 28 65 87 168 182 192 199 260 323 418 423 433 435 436 437 505 570 573 623 632 700 763 768 769 770|9 11 12 13 26 31 65 130 133 192 215 260 323 419 420 432 433 434 437 438 439 495 505 526 528 632 639 700 763 768 770 771
al_paso|3Bkbnr/4p3/r2p4/3b1pp1/3P4/N5P1/PPPK1P1P/R2Q2N1 w k g6 0 13|8 9 10 13 15 22 27 70 80 187 192 259 331 421 422 427 436 510 547 573 616 639 764 771|11 20 25 26 65 130 156 192 215 323 420 425 432 434 437 438 439 495 505 516 639 700 756 768
al_paso|4kb1r/4n3/r2p4/3b1pp1/3P1P2/N5P1/PPPK3P/R2Q2N1 b k f3 0 14|8 9 10 15 22 27 29 70 80 192 259 331 421 422 427 500 547 573 616 639 764 771|20 25 26 75 130 156 192 215 323 418 420 425 432 437 438 439 495 505 639 700 756 768
al_paso|8/7k/5P2/8/1RP5/1P2K3/8/8 b - c3 0 38|22 29 42 222 339 752|328 402 421 430 614 747
al_paso|rnbqkbnr/1ppppppp/8/p7/8/6P1/PPPPPP1P/RNBQKBNR w KQkq a6 0 2|8 10 11 12 13 14 15 17 65 70 130 133 192 199 260 323 423 432 433 434 435 436 437 438 505 510 570 573 632 639 700 763 768 769 770 771|8 9 10 11 12 13 14 31 65 70 130 133 192 199 260 323 425 432 434 435 436 437 438 439 505 510 570 573 632 639 700 763 768 769 770 771
al_paso|rnbqkbnr/1ppp1ppp/4p3/p7/2P5/3P2P1/PP2PP1P/RNBQKBNR b KQkq c3 0 3|8 10 11 14 15 17 20 29 65 70 130 133 192 199 260 323 423 427 432 433 434 436 437 438 505 510 570 573 632 639 700 763 768 769 770 771|8 9 10 12 13 14 19 31 65 70 130 133 192 199 260 323 421 425 428 432 434 435 438 439 505 510 570 573 632 639 700 763 768 769 770 771
al_paso|1rb1k1nr/1ppp1p1p/4p1pB/p7/1Pn5/P2P4/4PPBP/RN1QK1NR b KQk b3 0 10|8 10 11 20 23 30 65 70 137 168 192 199 260 323 423 425 427 432 434 436 437 438 477 505 573 632 638 763 768 769 770|8 10 12 13 14 17 19 31 65 101 133 192 198 323 422 428 431 432 434 435 505 510 528 561 632 639 700 763 768 770 771
al_paso|rnbqkbnr/pp2pppp/3p4/2p5/8/2N4N/PPPPPPPP/R1BQKB1R w KQkq c6 0 3|8 9 10 11 12 13 14 15 80 85 130 133 192 199 260 323 421 428 432 433 434 435 438 439 505 510 570 573 632 639 700 763 768 769 770 771|8 9 10 11 14 15 20 29 65 70 130 133 192 199 260 323 432 433 434 435 436 437 438 439 488 493 570 573 632 639 700 763 768 769 770 771
al_paso|r1bqkbnr/pp2pppp/2np4/2p5/P7/2N4N/1PPPPPPP/R1BQKBR1 b Qkq a3 0 4|8 9 10 11 12 13 14 31 80 85 130 133 193 199 260 323 421 428 432 433 434 435 438 439 493 505 570 573 632 639 700 763 769 770 771|8 9 10 11 14 15 20 29 65 85 130 133 192 199 260 323 423 432 433 434 435 436 437 438 488 493 570 573 633 639 700 763 768 769 771
al_paso|r1bqkbnr/pp2pppp/3p4/2p1n3/P5P1/2N4N/1PPPPP1P/R1BQKBR1 b Qkq g3 0 5|8 10 11 12 13 14 25 31 80 85 130 133 193 199 260 323 421 428 432 433 434 435 438 439 483 505 570 573 632 639 700 763 769 770 771|8 9 10 11 14 15 20 29 65 91 130 133 192 199 260 323 417 423 432 434 435 436 437 438 488 493 570 573 633 639 700 763 768 769 771
al_paso|r1bqkb1r/pp2p1pp/3p3n/2p1np2/P5P1/2N3RN/1PPPPP1P/R1BQKB2 w Qkq f6 0 7|8 10 11 12 13 14 25 31 80 85 130 133 199 209 260 323 418 421 428 432 433 435 438 439 483 488 570 573 632 639 700 763 769 770 771|8 9 11 14 15 20 26 29 80 91 130 133 192 199 260 323 417 423 432 434 435 436 437 438 488 493 570 573 617 639 700 763 768 769 771
al_paso|r3kb1r/p3p2p/3p2pn/qpp1n3/8/6R1/RPPPPP1P/1NBQ1K2 w kq b6 0 13|8 10 11 12 13 14 70 133 207 209 260 322 421 422 425 428 432 435 439 483 488 570 632 639 679 763 770 771|8 11 15 17 20 29 30 80 91 130 192 199 287 323 432 434 435 436 437 438 510 573 617 631 700 762 768 769
al_paso|r3k2r/q3b2p/7n/1pp1R3/1P6/4p3/2PP1P1P/1NBQ1K2 b kq b3 0 20|8 10 12 13 30 70 133 227 260 322 403 421 422 432 488 563 632 639 695 763 770 771|8 29 30 43 80 139 192 199 271 323 422 432 434 436 437 510 573 603 700 762 768 769
al_paso|rnbqkbnr/1ppppppp/8/p7/8/N7/PPPPPPPP/R1BQKBNR w KQkq a6 0 2|8 9 10 11 12 13 14 15 65 87 130 133 192 199 260 323 423 432 433 434 435 436 437 438 505 510 570 573 632 639 700 763 768 769 770 771|8 9 10 11 12 13 14 31 65 70 130 133 192 199 260 323 432 433 434 435 436 437 438 439 495 505 570 573 632 639 700 763 768 769 770 771
al_paso|rnbqkbnr/1ppp1ppp/8/p3p3/8/NP6/P1PPPPPP/R1BQKBNR w KQkq e6 0 3|8 9 10 11 12 13 15 22 65 87 130 133 192 199 260 323 419 423 432 433 434 436 437 438 505 510 570 573 632 639 700 763 768 769 770 771|8 9 10 12 13 14 27 31 65 70 130 133 192 199 260 323 430 432 433 434 435 436 437 439 495 505 570 573 632 639 700 763 768 769 770 771
al_paso|1nb1kb1r/1pp2p1p/r4n2/6p1/8/1P2N2P/P1P1PPP1/1R1QKBR1 w k g6 0 13|9 10 11 13 15 16 22 83 130 193 198 260 323 417 432 434 437 438 490 510 570 573 623 632 763 770|8 10 13 14 25 70 82 130 133 192 215 323 424 430 433 434 435 437 439 491 570 633 638 700 763 768
al_paso|r7/3k3p/p1p5/6n1/4P1P1/bP6/2P2K2/5BR1 b - e3 0 29|13 22 25 27 130 193 330 429 431 432 481 535 639 756|15 16 18 94 168 192 331 420 422 425 434 573 638 757
al_paso|8/b7/4k3/2p5/2P3R1/3K4/8/8 b - c3 0 49|26 222 339 418 560 748|29 143 339 421 609 748
al_paso|rnbqkbnr/1ppppppp/8/p7/5P2/8/PPPPP1PP/RNBQKBNR w KQkq a6 0 2|8 9 11 12 13 14 15 26 65 70 130 133 192 199 260 323 423 432 433 434 435 436 437 438 505 510 570 573 632 639 700 763 768 769 770 771|8 9 10 11 12 13 14 31 65 70 130 133 192 199 260 323 418 432 433 435 436 437 438 439 505 510 570 573 632 639 700 763 768 769 770 771
al_paso|rnbqkbnr/1p1p1ppp/2p1p3/p7/4PP2/N2P4/PPP3PP/R1BQKBNR b KQkq e3 0 4|8 9 13 14 15 20 26 27 65 87 130 133 192 199 260 323 423 427 429 432 433 434 436 438 505 510 570 573 632 639 700 763 768 769 770 771|8 9 10 12 14 19 21 31 65 70 130 133 192 199 260 323 418 419 428 432 433 437 438 439 495 505 570 573 632 639 700 763 768 769 770 771
al_paso|rnbqk1nr/1p1p2pp/2p1p3/p4p2/4PP2/P2P4/P1P3PP/R1BQKBNR w KQkq f6 0 6|8 9 13 15 20 23 26 27 65 130 133 192 199 260 323 418 423 427 429 432 433 436 438 505 510 573 632 639 700 763 768 769 770 771|8 9 12 14 19 21 26 31 65 70 133 192 199 260 323 418 419 428 431 432 433 437 439 505 570 573 632 639 700 763 768 769 770 771
al_paso|rnbqk1nr/1p1p2pp/2p5/p4p2/5P1P/P2P4/P1P3P1/R1BQKBNR b KQkq h3 0 7|9 13 15 20 23 24 26 65 130 133 192 199 260 323 418 423 429 432 433 436 438 505 510 573 632 639 700 763 768 769 770 771|8 9 12 14 21 26 31 65 70 133 192 199 260 323 416 418 428 431 433 437 439 505 570 573 632 639 700 763 768 769 770 771
al_paso|1nb3nr/4rk1p/1ppp4/5p2/p4PP1/P2P4/P1P1B3/R1BQK1R1 b - g3 0 17|13 15 20 23 25 26 133 139 193 199 260 323 415 418 428 429 430 432 505 510 573 627 632 754|8 20 21 22 26 39 65 70 133 192 203 330 417 418 428 431 437 439 563 573 633 639 700 763
al_paso|rn1qkbnr/pp2pp1p/2pp4/6p1/8/2P2N1R/PP1PPPP1/RNBQKB2 w Qkq g6 0 5|9 10 11 12 14 15 21 70 82 130 133 199 208 260 323 417 428 429 432 434 435 438 439 505 510 570 632 639 700 763 769 770 771|8 10 11 14 15 20 21 25 65 70 130 192 199 260 323 429 433 434 435 436 438 439 490 510 570 573 616 639 700 763 768 769 771
al_paso|r2qkbnr/pp3p1p/n1pp4/4p1p1/8/2P4R/PPNPPPP1/RNBQKB2 w Qkq e6 0 7|9 10 11 12 14 15 21 70 77 130 133 199 208 260 323 417 419 428 429 432 434 438 439 495 505 570 632 639 700 763 769 770 771|8 10 14 15 20 21 25 27 65 87 130 192 199 260 323 429 433 434 435 436 438 439 501 510 570 573 616 639 700 763 768 769 771
al_paso|r2qkbn1/pp3p1r/n1pp4/4p1p1/6P1/2P5/PPNPPP2/RNBQKB2 b Qq g3 0 8|10 11 12 14 15 21 25 70 77 130 133 199 260 323 417 419 428 429 434 438 439 495 505 570 624 639 700 763 769 771|10 14 15 20 21 25 27 65 87 130 199 200 260 323 417 429 434 435 436 438 439 501 510 570 573 639 700 763 769 771
al_paso|r2qkbn1/pp3pr1/n1pp4/4p1p1/3P2P1/2P5/PPN1PP2/RNBQKB2 b Qq d3 0 9|10 11 14 15 21 25 28 70 77 130 133 199 260 323 417 419 428 429 434 438 439 495 505 570 625 639 700 763 769 771|10 14 15 20 21 25 27 65 87 130 199 201 260 323 417 420 429 434 435 438 439 501 510 570 573 639 700 763 769 771
al_paso|r3kbn1/1pnq1pr1/3p4/p2Q2p1/6P1/2N5/PPN1PP2/R1B1KB2 w Qq a6 0 14|10 11 14 15 25 77 85 130 133 199 292 323 417 423 428 434 438 501 505 570 625 639 692 763 769 771|10 14 20 25 31 65 77 130 199 201 268 323 417 434 435 438 439 493 501 570 573 639 668 763 769 771
al_paso|n3k3/5p2/3p4/p7/4P3/2b2K2/PPN5/R6r b - e3 0 24|14 15 27 77 199 338 423 428 434 511 533 576 763|10 20 31 71 173 248 323 419 438 439 501 639 746
al_paso|5k2/2n5/8/4pp2/1p6/4K3/P7/8 w - f6 0 34|15 339 414 418 419 501 762|26 27 38 77 322 439 747
al_paso|4n3/3k4/8/4p3/Pp3p2/8/3K4/8 b - a3 0 38|24 331 409 413 420 508 755|28 33 37 68 331 416 755
al_paso|r1bqkbnr/p1pppppp/1pn5/8/3P4/P4P2/1PP1P1PP/RNBQKBNR b KQkq d3 0 3|8 9 11 13 14 18 23 28 65 70 130 133 192 199 260 323 430 432 433 434 435 436 437 439 493 505 570 573 632 639 700 763 768 769 770 771|8 9 10 11 12 13 15 22 65 85 130 133 192 199 260 323 420 426 431 432 433 435 437 438 505 510 570 573 632 639 700 763 768 769 770 771
al_paso|r1bqkbnr/p1pp1ppp/1p6/4p3/3Q4/P4P2/1PP1P1PP/RNB1KBNR w KQkq e6 0 5|8 9 11 13 14 18 23 65 70 130 133 192 199 284 323 419 430 432 433 434 436 437 439 505 570 573 632 639 700 763 768 769 770 771|8 9 10 12 13 15 22 27 65 130 133 192 199 260 323 426 431 432 433 435 437 438 505 510 570 573 632 639 676 763 768 769 770 771
al_paso|rnbqkbnr/1ppp1ppp/p7/4p3/8/4P1P1/PPPP1P1P/RNBQKBNR w KQkq e6 0 3|8 10 12 13 14 15 17 19 65 70 130 133 192 199 260 323 419 431 432 433 434 436 437 438 505 510 570 573 632 639 700 763 768 769 770 771|8 9 10 12 13 14 23 27 65 70 130 133 192 199 260 323 425 427 432 434 436 437 438 439 505 510 570 573 632 639 700 763 768 769 770 771
al_paso|rnbqkbnr/1ppp1ppp/p7/4p3/5P2/4P1P1/PPPP3P/RNBQKBNR b KQkq f3 0 3|8 12 13 14 15 17 19 26 65 70 130 133 192 199 260 323 419 431 432 433 434 436 437 438 505 510 570 573 632 639 700 763 768 769 770 771|8 9 10 12 13 14 23 27 65 70 130 133 192 199 260 323 418 425 427 432 436 437 438 439 505 510 570 573 632 639 700 763 768 769 770 771
al_paso|rnbqk1nr/2p3pp/p4p2/3p4/5p2/N3P1PN/1PPP3P/R1BQK2R w KQkq d6 0 8|8 12 13 14 17 19 80 87 133 192 199 260 323 410 420 426 431 432 433 437 505 510 573 632 639 700 763 768 769 770 771|8 9 13 18 23 28 34 65 70 133 192 199 260 323 425 427 432 436 437 438 488 495 573 632 639 700 763 768 769 770 771
al_paso|rnbqk1nr/2p3pp/p4p2/3p4/2P2p2/N3P1PN/1P1P3P/R1BQK2R b KQkq c3 0 8|8 12 14 17 19 29 80 87 133 192 199 260 323 410 420 426 431 432 433 437 505 510 573 632 639 700 763 768 769 770 771|8 9 13 18 23 28 34 65 70 133 192 199 260 323 421 425 427 432 436 438 488 495 573 632 639 700 763 768 769 770 771
al_paso|8/2pk4/r1n2p2/8/2NP4/4P1PN/1P5P/2B1K2R b K d3 0 20|8 14 17 19 28 80 93 133 192 323 426 437 493 623 756 768|10 21 82 208 331 419 428 430 433 439 482 495 570 639 764 771
al_paso|rnbqkbnr/1ppppppp/8/p7/2P5/8/PP1PPPPP/RNBQKBNR w KQkq a6 0 2|8 9 10 11 12 14 15 29 65 70 130 133 192 199 260 323 423 432 433 434 435 436 437 438 505 510 570 573 632 639 700 763 768 769 770 771|8 9 10 11 12 13 14 31 65 70 130 133 192 199 260 323 421 432 433 434 435 436 438 439 505 510 570 573 632 639 700 763 768 769 770 771
al_paso|rnbqkbnr/1ppppppp/8/p7/2P2P2/8/PP1PP1PP/RNBQKBNR b KQkq f3 0 2|8 9 11 12 14 15 26 29 65 70 130 133 192 199 260 323 423 432 433 434 435 436 437 438 505 510 570 573 632 639 700 763 768 769 770 771|8 9 10 11 12 13 14 31 65 70 130 133 192 199 260 323 418 421 432 433 435 436 438 439 505 510 570 573 632 639 700 763 768 769 770 771
al_paso|rnbqkbnr/1p1ppppp/8/p1p5/2P2P2/8/PP1PP1PP/RNBQKBNR w KQkq c6 0 3|8 9 11 12 14 15 26 29 65 70 130 133 192 199 260 323 421 423 432 433 434 435 436 438 505 510 570 573 632 639 700 763 768 769 770 771|8 9 10 11 12 14 29 31 65 70 130 133 192 199 260 323 418 421 432 433 435 436 438 439 505 510 570 573 632 639 700 763 768 769 770 771
al_paso|rnbqkbnr/1p1ppppp/8/p1p5/2P2PP1/8/PP1PP2P/RNBQKBNR b KQkq g3 0 3|8 11 12 14 15 25 26 29 65 70 130 133 192 199 260 323 421 423 432 433 434 435 436 438 505 510 570 573 632 639 700 763 768 769 770 771|8 9 10 11 12 14 29 31 65 70 130 133 192 199 260 323 417 418 421 432 435 436 438 439 505 510 570 573 632 639 700 763 768 769 770 771
al_paso|1nb1k1nr/1p1pppbp/r7/p1p5/P1P2PP1/7N/3PP2P/RN1QKB1R b KQk a3 0 7|8 11 12 25 26 29 31 70 80 130 192 199 260 323 421 423 432 434 435 436 438 505 510 561 573 623 632 763 768 769 770|8 10 11 12 14 29 31 65 70 133 137 192 215 323 417 418 421 423 432 435 436 488 510 570 632 639 700 763 768 770 771
al_paso|2b1k1nr/3pp1b1/2n2p2/p1Q4p/P1P2P2/N2P3N/4P2P/4KB2 w k h6 0 16|8 11 20 26 29 31 80 87 130 293 323 416 423 426 435 436 493 505 561 573 632 763 770|11 12 18 24 31 65 85 133 137 192 323 418 421 423 428 432 435 488 495 570 669 763 768
al_paso|5b2/3B1k2/b4p1n/p3p3/P1PP1P2/8/2N4P/4K3 w - e6 0 24|8 26 28 29 31 77 180 323 419 423 426 488 559 570 754|18 27 31 80 130 151 330 418 420 421 423 432 501 524 763
al_paso|rnbqkbnr/p1pppppp/8/1p6/4P3/8/PPPP1PPP/RNBQKBNR w KQkq b6 0 2|8 9 10 12 13 14 15 27 65 70 130 133 192 199 260 323 422 432 433 434 435 436 437 439 505 510 570 573 632 639 700 763 768 769 770 771|8 9 10 11 12 13 15 30 65 70 130 133 192 199 260 323 419 432 433 434 436 437 438 439 505 510 570 573 632 639 700 763 768 769 770 771
al_paso|rnbqkbnr/2pppppp/8/pp6/4P3/5P2/PPPP2PP/RNBQKBNR w KQkq a6 0 3|8 9 12 13 14 15 18 27 65 70 130 133 192 199 260 323 422 423 432 433 434 435 436 437 505 510 570 573 632 639 700 763 768 769 770 771|8 9 10 11 12 13 30 31 65 70 130 133 192 199 260 323 419 426 432 433 436 437 438 439 505 510 570 573 632 639 700 763 768 769 770 771
al_paso|rnbqkbnr/2pppp1p/8/pB4p1/4P3/5P2/PPPP2PP/RNBQK1NR w KQkq g6 0 4|8 9 12 13 14 15 18 27 65 70 133 166 192 199 260 323 417 423 432 434 435 436 437 505 510 570 573 632 639 700 763 768 769 770 771|8 10 11 12 13 25 31 65 70 130 133 192 199 260 323 419 426 432 433 436 437 438 439 505 510 542 573 632 639 700 763 768 769 770 771
al_paso|1n1q2kr/2p3bp/r7/p3p1p1/4P3/2N4N/PPPPK1PR/R1B5 w - e6 0 14|9 12 13 14 15 27 80 85 133 199 200 331 417 419 423 432 437 510 561 623 632 700 761|8 13 25 27 31 70 137 192 215 260 321 419 433 436 437 438 439 488 493 573 624 639 755
al_paso|rnbqkbnr/1pppppp1/7p/p2N4/8/8/PPPPPPPP/R1BQKBNR w KQkq a6 0 3|8 9 10 11 12 13 14 15 65 100 130 133 192 199 260 323 423 424 433 434 435 436 437 438 505 510 570 573 632 639 700 763 768 769 770 771|9 10 11 12 13 14 16 31 65 70 130 133 192 199 260 323 432 433 434 435 436 437 438 439 476 505 570 573 632 639 700 763 768 769 770 771
al_paso|rnbqkb1r/1pppnpp1/7p/p7/7P/8/PPPPPPP1/R1BQKBNR b KQkq h3 0 4|9 10 11 12 13 14 15 24 65 130 133 192 199 260 323 423 424 433 434 436 437 438 499 510 570 573 632 639 700 763 768 769 770 771|9 10 12 13 14 16 31 70 75 130 133 192 199 260 323 416 433 434 435 436 437 438 439 505 570 573 632 639 700 763 768 769 770 771
al_paso|2b5/4kp2/7p/p2p4/4nP2/P1R5/2PP2K1/2BQ2N1 w - d6 0 19|12 13 23 26 65 133 213 260 329 420 423 424 434 475 573 755|10 16 28 31 99 133 331 418 431 436 437 505 573 621 700 753
al_paso|5k2/5p2/7p/p2p4/2P2P2/P7/3P1nK1/2BQ2N1 b - c3 0 21|12 23 26 29 65 133 260 329 420 423 424 434 458 762|10 16 28 31 114 322 418 421 431 436 505 573 700 753
al_paso|rnbqkb1r/ppppppp1/5n1p/7P/3P4/8/PPP1PPP1/RNBQKBNR b KQkq d3 0 3|9 10 11 13 14 15 28 32 65 70 130 133 192 199 260 323 424 433 434 435 436 437 438 439 490 510 570 573 632 639 700 763 768 769 770 771|9 10 11 12 13 14 15 16 70 82 130 133 192 199 260 323 408 420 433 434 435 437 438 439 505 510 570 573 632 639 700 763 768 769 770 771
al_paso|rnbqkb2/p2pppp1/1pp5/5r2/2PP4/8/PP2PPP1/RNBQKBN1 b Qq c3 0 8|9 10 11 14 15 28 29 65 70 130 133 199 260 323 429 430 433 434 435 436 439 510 570 573 610 639 700 763 769 771|9 10 11 12 15 21 22 70 130 133 199 218 260 323 420 421 433 434 435 438 439 505 510 570 573 639 700 763 769 771
al_paso|rnbqkb2/p2ppp2/1pp5/5rp1/2PP4/8/PP2PPP1/RNBQKBN1 w Qq g6 0 9|9 10 11 14 15 28 29 65 70 130 133 199 260 323 417 429 430 434 435 436 439 510 570 573 610 639 700 763 769 771|10 11 12 15 21 22 25 70 130 133 199 218 260 323 420 421 433 434 435 438 439 505 510 570 573 639 700 763 769 771
al_paso|rnbqkb2/p2ppp2/1pp5/5rp1/P1PP4/8/1P2PPP1/RNBQKBN1 b Qq a3 0 9|9 10 11 14 28 29 31 65 70 130 133 199 260 323 417 429 430 434 435 436 439 510 570 573 610 639 700 763 769 771|10 11 12 15 21 22 25 70 130 133 199 218 260 323 420 421 423 433 434 435 438 505 510 570 573 639 700 763 769 771
al_paso|5q2/p3kp2/2p5/8/2r1P3/6P1/3N1P2/4K3 b - e3 0 27|10 17 27 76 323 429 434 439 605 698 755|10 15 21 229 258 331 419 425 434 500 763
al_paso|1q6/p7/3k1p2/2p5/5P1P/8/8/6K1 b - f3 0 37|24 26 321 421 426 439 702 748|8 21 26 257 339 421 423 766
al_paso|4k3/7P/5p2/p1p2P2/8/8/8/6K1 w - a6 0 49|34 48 321 421 423 426 763|18 29 31 323 392 410 761
al_paso|rnbqkbnr/p1pppppp/8/1p6/3P4/8/PPP1PPPP/RNBQKBNR w KQkq b6 0 2|8 9 10 11 13 14 15 28 65 70 130 133 192 199 260 323 422 432 433 434 435 436 437 439 505 510 570 573 632 639 700 763 768 769 770 771|8 9 10 11 12 13 15 30 65 70 130 133 192 199 260 323 420 432 433 434 435 437 438 439 505 510 570 573 632 639 700 763 768 769 770 771
al_paso|rnbqkbnr/p1p1pp1p/3p3p/1p1P4/7P/8/PPP1PPP1/RN1QKBNR b KQkq h3 0 4|9 10 11 13 14 15 24 36 65 70 130 192 199 260 323 422 424 428 432 434 435 437 439 505 510 570 573 632 639 700 763 768 769 770 771|8 10 11 13 15 16 20 30 65 70 130 133 192 199 260 323 412 416 433 434 435 437 438 439 505 510 570 632 639 700 763 768 769 770 771
al_paso|rn1qkbnr/p2b1p1p/2Ppp2p/1p6/2P4P/7R/PP2PPP1/RN1QKBN1 b Qkq c3 0 7|9 10 11 14 15 24 29 45 65 70 130 199 208 260 323 422 424 427 428 432 434 439 505 510 564 570 632 639 700 763 769 770 771|8 10 15 16 19 20 30 65 70 130 140 192 199 260 323 405 416 421 433 434 435 438 439 505 510 570 616 639 700 763 768 769 771
al_paso|4k1n1/6Q1/r3p3/4np2/8/P5Pr/3K4/1N6 w - f6 0 26|16 22 65 310 331 421 428 484 510 599 616 764|19 26 65 91 215 232 323 425 431 510 649 756
al_paso|rnbqkbnr/pppp1ppp/8/4p3/3P4/8/PPP1PPPP/RNBQKBNR w KQkq e6 0 2|8 9 10 11 13 14 15 28 65 70 130 133 192 199 260 323 419 432 433 434 436 437 438 439 505 510 570 573 632 639 700 763 768 769 770 771|8 9 10 12 13 14 15 27 65 70 130 133 192 199 260 323 420 432 433 434 435 437 438 439 505 510 570 573 632 639 700 763 768 769 770 771
al_paso|r7/p7/np2p1p1/1pk5/5P2/1P1K3N/P1P1P3/4RB2 b - f3 0 21|8 10 12 17 29 87 133 196 339 417 425 428 430 432 488 632 738|8 17 20 22 25 80 192 346 421 425 432 434 436 495 573 636 747
al_paso|r7/2n5/pp2p1p1/1pk5/P4P2/1PK4N/2P1P3/4RB2 b - a3 0 23|10 12 17 24 29 87 133 196 338 417 424 425 428 430 498 632 738|16 17 20 22 25 74 192 346 416 421 425 434 436 495 573 636 746
al_paso|rnbqkbnr/pppppp1p/8/6p1/P7/8/1PPPPPPP/RNBQKBNR w KQkq g6 0 2|8 9 10 11 12 13 14 31 65 70 130 133 192 199 260 323 417 432 434 435 436 437 438 439 505 510 570 573 632 639 700 763 768 769 770 771|8 10 11 12 13 14 15 25 65 70 130 133 192 199 260 323 423 432 433 434 435 436 437 438 505 510 570 573 632 639 700 763 768 769 770 771
al_paso|r2qkbnr/pbp1pp1p/np6/3p2B1/P2P4/5P2/1PP1P1PP/RN1QKBNR w KQkq d6 0 6|8 9 11 13 14 18 28 31 65 70 130 161 192 199 260 323 420 430 432 434 435 437 439 495 505 566 570 632 639 700 763 768 769 770 771|8 10 11 13 15 22 28 65 87 130 142 192 199 260 323 420 423 426 432 433 435 437 438 505 510 537 570 632 639 700 763 768 769 770 771
al_paso|r2qkb1r/pbp2p1p/np3p2/3p4/P2P2P1/5P2/1PPKP2P/RN1Q1BNR b kq g3 0 8|9 10 12 15 21 24 27 30 65 70 133 192 199 259 331 419 425 429 432 434 437 439 488 561 573 632 639 699 764 770 771|8 10 13 15 18 22 28 87 130 142 192 199 260 323 417 420 423 426 432 435 437 438 505 510 570 632 639 700 756 768 769
al_paso|1n6/1b2k3/5p2/3p4/3PP1K1/8/8/7B b - e3 0 32|27 28 128 345 420 426 510 566 755|18 28 70 142 331 419 420 568 737
al_paso|1nbqkbnr/r1pppp2/8/6Np/8/4P3/1PPP1PPP/1NBQKB1R w Kk h6 0 9|8 9 10 12 13 14 19 70 97 130 133 192 260 323 416 434 435 436 437 505 510 570 573 631 632 700 763 768 770|10 11 12 13 24 65 70 130 133 192 207 260 323 427 432 433 434 436 437 438 473 510 570 573 632 700 763 768 770
al_paso|r1bk1bn1/2ppp3/2n5/8/4PP2/1P1P4/2P3Pr/1NB1KB1R b K f3 0 15|9 13 20 22 26 27 70 130 133 192 323 435 436 437 493 505 570 573 584 639 764 768|10 11 12 70 82 130 133 192 247 323 420 421 425 427 434 438 505 570 573 639 764 771
al_paso|r2k1bn1/1bpp4/2n5/4p2R/4PP2/1P1P4/2P3B1/1NB1K3 w - e6 0 18|13 20 22 26 27 70 133 137 224 323 419 436 437 493 505 566 570 639 764|10 11 28 70 82 133 137 192 323 420 421 425 427 434 505 566 570 607 764
al_paso|r1bqkbnr/pppppppp/8/8/1n1P4/2N5/P1P1PPPP/R1BQKBNR b KQkq d3 0 3|8 9 10 11 13 15 28 65 85 130 133 192 199 260 323 432 433 434 435 436 437 438 439 478 505 570 573 632 639 700 763 768 769 770 771|8 9 10 11 12 13 14 15 65 102 130 133 192 199 260 323 420 432 433 434 435 437 439 493 505 570 573 632 639 700 763 768 769 770 771
al_paso|r1bqkbnr/ppp1pppp/8/3p4/3P4/2N5/P1Q1PPPP/R1B1KBNR w KQkq d6 0 5|8 9 10 11 15 28 65 85 130 133 192 199 269 323 420 432 433 434 435 437 438 439 505 570 573 632 639 700 763 768 769 770 771|8 9 10 11 13 14 15 28 65 130 133 192 199 260 323 420 432 433 434 435 439 493 505 570 573 632 639 693 763 768 769 770 771
al_paso|r1b1kbnr/pppqp1pQ/8/3p1p2/3P4/2N2P2/P3P1PP/R1B1KBNR w KQkq f6 0 7|8 9 11 15 18 28 65 85 130 133 192 199 304 323 418 420 433 435 437 438 439 505 570 573 632 639 692 763 768 769 770 771|9 11 13 14 15 26 28 65 130 133 192 199 268 323 420 426 432 433 435 439 493 505 570 573 632 639 648 763 768 769 770 771
al_paso|r3kbn1/ppp1p1p1/8/5b2/4Pq2/5P2/P5P1/R2K1BN1 b - e3 0 16|8 14 21 28 70 133 192 323 432 433 434 436 438 510 549 573 632 669 764|9 11 13 14 15 65 130 154 199 290 323 419 426 433 439 505 570 639 764
al_paso|r3kbn1/1p2p3/p5p1/2p5/8/3q4/P5P1/1RK3N1 w - c6 0 23|8 14 70 193 322 418 424 430 433 436 510 573 632 659 764|11 14 17 23 29 65 130 199 300 323 433 439 505 638 765
al_paso|r3kbn1/4p3/pp4p1/2p5/6P1/8/P7/1K4N1 b - g3 0 25|8 30 70 321 418 424 425 430 436 510 573 632 764|11 17 22 23 29 65 130 199 323 417 439 505 766
al_paso|4kb2/8/r5p1/1p2p3/2p3n1/p7/P2K4/3N4 w - e6 0 35|8 67 331 400 410 417 420 430 478 573 616 764|17 27 30 37 47 97 130 215 323 439 508 756
al_paso|rnbqk1nr/p1pp1ppp/1p2p3/8/5P2/4P1PN/PPPN3P/R1BQKB1R b KQkq f3 0 5|8 13 14 15 17 19 26 76 80 130 133 192 199 260 323 427 430 432 433 434 436 437 439 505 510 573 632 639 700 763 768 769 770 771|8 9 10 12 13 15 19 22 65 70 133 192 199 260 323 418 425 427 432 437 438 439 488 500 570 573 632 639 700 763 768 769 770 771
al_paso|rnbqk1nr/p1pp2pp/1p2p3/5p2/5P2/4P1PN/PPPN3P/R1BQKB1R w KQkq f6 0 6|8 13 14 15 17 19 26 76 80 130 133 192 199 260 323 418 427 430 432 433 436 437 439 505 510 573 632 639 700 763 768 769 770 771|8 9 12 13 15 19 22 26 65 70 133 192 199 260 323 418 425 427 432 437 438 439 488 500 570 573 632 639 700 763 768 769 770 771
al_paso|r2q2nr/p1pb1kp1/1pn1p3/5p1p/5P2/1N2P1PN/PPP1B2P/1RB1K2R w K h6 0 10|8 13 14 15 17 19 26 80 86 133 139 192 198 323 416 418 427 430 433 437 439 493 505 564 632 639 700 754 768|9 13 15 19 22 24 26 65 85 140 192 199 260 330 418 425 427 432 437 438 439 488 494 563 573 632 638 763 770
al_paso|rnbqkbnr/p1pppppp/8/1p6/8/3P4/PPP1PPPP/RNBQKBNR w KQkq b6 0 2|8 9 10 11 13 14 15 20 65 70 130 133 192 199 260 323 422 432 433 434 435 436 437 439 505 510 570 573 632 639 700 763 768 769 770 771|8 9 10 11 12 13 15 30 65 70 130 133 192 199 260 323 428 432 433 434 435 437 438 439 505 510 570 573 632 639 700 763 768 769 770 771
al_paso|rnbqkbnr/p1pp1ppp/8/1p2p1B1/8/3P4/PPP1PPPP/RN1QKBNR w KQkq e6 0 3|8 9 10 11 13 14 15 20 65 70 130 161 192 199 260 323 419 422 432 433 434 436 437 439 505 510 570 573 632 639 700 763 768 769 770 771|8 9 10 12 13 15 27 30 65 70 130 133 192 199 260 323 428 432 433 434 435 437 438 439 505 510 537 570 632 639 700 763 768 769 770 771
al_paso|rnbk1bnr/p1pp1p1p/6p1/1p2p3/6P1/2NP4/PPP1PP1P/R2QKBNR b KQ g3 0 5|8 10 11 13 14 15 20 25 65 85 130 192 199 260 323 419 422 425 432 434 436 437 439 505 510 570 573 632 639 764 768 769|8 10 11 13 15 22 25 28 65 70 130 133 192 199 323 422 427 432 433 434 436 437 439 490 510 573 632 639 699 764 770 771
al_paso|rnbk2nr/p1pp1p1p/3b2p1/1p2p3/6PP/2NP4/PPP1PP2/R2QKBNR b KQ h3 0 6|10 11 13 14 15 20 24 25 65 85 130 192 199 260 323 419 422 425 432 434 436 437 439 505 510 556 573 632 639 764 768 769|8 10 11 13 15 22 25 28 65 70 130 147 192 199 323 422 423 427 432 433 434 436 437 490 510 573 632 639 699 764 770 771
al_paso|rnbk2nr/2pp3p/p2b2p1/1N2pp2/6PP/3P4/PPP1PP2/R2QKBNR w KQ f6 0 8|10 11 13 14 15 20 24 25 65 102 130 192 199 260 323 418 419 425 431 432 436 437 505 510 556 573 632 639 764 768 769|10 11 15 16 22 28 29 65 70 130 147 192 199 323 422 423 427 432 433 434 436 437 473 510 573 632 639 699 764 770 771
al_paso|8/7k/8/8/3K1P2/8/4P3/8 b - f3 0 45|12 29 347 759|328 418 435 740
al_paso|rnbqkb1r/pppp1ppp/5n2/4p3/5P2/1P6/P1PPP1PP/RNBQKBNR w KQkq e6 0 3|8 9 11 12 13 15 22 26 65 70 130 133 192 199 260 323 419 432 433 434 436 437 438 439 490 510 570 573 632 639 700 763 768 769 770 771|8 9 10 12 13 14 15 27 70 82 130 133 192 199 260 323 418 430 432 433 435 436 437 439 505 510 570 573 632 639 700 763 768 769 770 771
al_paso|4k1r1/5p1p/1p6/4n1p1/8/5NPB/R7/5K1R w - g6 0 23|17 82 144 192 207 322 417 430 432 434 483 633 763|8 10 22 25 91 193 323 425 490 552 631 632 762
al_paso|rnbqkbnr/pppp1pp1/4p2p/8/1P6/2P1P3/P2P1PPP/RNBQKBNR b KQkq b3 0 3|8 9 10 12 15 19 21 30 65 70 130 133 192 199 260 323 424 427 433 434 436 437 438 439 505 510 570 573 632 639 700 763 768 769 770 771|9 10 12 13 14 15 16 19 65 70 130 133 192 199 260 323 422 427 429 432 433 434 436 439 505 510 570 573 632 639 700 763 768 769 770 771
al_paso|rnbqkbnr/1pp2pp1/p3p2p/3p4/1P6/2P1P3/P2PNPPP/RNBQKB1R w KQkq d6 0 5|8 9 10 12 15 19 21 30 70 75 130 133 192 199 260 323 420 424 427 431 433 434 437 438 505 510 570 573 632 639 700 763 768 769 770 771|9 10 13 14 16 19 23 28 65 70 130 133 192 199 260 323 422 427 429 432 433 434 436 439 499 510 570 573 632 639 700 763 768 769 770 771
al_paso|rnbqk2r/1ppn1pp1/p3p2p/2bp4/1P4P1/2PNP3/PB1P1P1P/RN1QKB1R b KQkq g3 0 8|8 10 12 15 19 21 25 30 70 84 130 142 192 199 260 323 420 424 427 431 433 434 437 438 500 510 549 573 632 639 700 763 768 769 770 771|9 10 13 14 16 19 23 28 70 76 133 157 192 199 260 323 417 422 427 429 432 434 436 439 492 510 566 570 632 639 700 763 768 769 770 771
al_paso|r4k2/8/b3Pp1p/2p5/8/2P1PP2/PB5q/RN2K3 w - c6 0 24|15 18 19 21 43 70 142 199 323 421 424 426 559 639 648 762|16 18 29 151 199 304 322 403 426 427 429 439 510 566 639 763
al_paso|rnbqkbnr/pppppp1p/8/6p1/3P4/8/PPP1PPPP/RNBQKBNR w KQkq g6 0 2|8 9 10 11 13 14 15 28 65 70 130 133 192 199 260 323 417 432 434 435 436 437 438 439 505 510 570 573 632 639 700 763 768 769 770 771|8 10 11 12 13 14 15 25 65 70 130 133 192 199 260 323 420 432 433 434 435 437 438 439 505 510 570 573 632 639 700 763 768 769 770 771
al_paso|4k3/8/5p1p/1P6/1PK4P/5Pn1/R3P2P/1N3B2 b - b3 0 35|12 15 21 25 31 33 65 133 200 346 429 431 470 764|16 18 105 323 414 416 422 426 432 435 510 570 631 741
al_paso|8/4k3/5p1p/1P6/1PK1P2P/5Pn1/R6P/1N3B2 b - e3 0 36|15 21 25 28 31 33 65 133 200 346 429 431 470 756|16 18 105 331 414 416 419 422 426 432 510 570 631 741
al_paso|rnbqkbnr/ppp1pppp/8/3p4/8/6P1/PPPPPP1P/RNBQKBNR w KQkq d6 0 2|8 10 11 12 13 14 15 17 65 70 130 133 192 199 260 323 420 432 433 434 435 437 438 439 505 510 570 573 632 639 700 763 768 769 770 771|8 9 10 11 13 14 15 28 65 70 130 133 192 199 260 323 425 432 434 435 436 437 438 439 505 510 570 573 632 639 700 763 768 769 770 771
al_paso|r2qkb1r/1pp1pppp/2n2n2/p2p4/8/P4PPB/1PPPP2P/RNBQK2R w KQkq a6 0 6|8 11 12 13 14 17 18 23 70 133 144 192 199 260 323 420 423 432 433 434 435 437 438 490 493 570 632 639 700 763 768 769 770 771|8 9 10 11 13 14 28 31 82 85 130 192 199 260 323 425 426 431 432 435 436 437 438 510 552 573 632 639 700 763 768 769 770 771
al_paso|4kbnr/4pp2/2n5/1N4pp/P7/R2P1PPB/2Q1P2P/4K2R w Kk h6 0 19|8 11 17 18 20 31 102 144 192 215 269 323 416 417 434 435 493 505 570 632 763 768 770|10 11 24 25 65 85 130 192 323 423 425 426 428 432 435 478 552 623 632 693 763 768 770
al_paso|4k1n1/8/4p3/6P1/PQ2P3/2NP3r/8/4K2R b K e3 0 28|20 27 31 33 85 192 286 323 427 505 592 763 768|19 65 232 323 409 419 423 428 493 632 678 763 770
al_paso|r2qkbnr/p1pppppp/np6/8/1P6/4P2N/P1PP1PPP/RNBQK2R b KQkq b3 0 4|8 9 10 12 13 15 19 30 70 80 133 192 199 260 323 430 432 433 434 435 436 437 439 495 505 570 632 639 700 763 768 769 770 771|8 9 10 11 12 13 15 22 65 87 130 192 199 260 323 422 427 432 433 434 436 437 439 488 510 573 632 639 700 763 768 769 770 771
al_paso|r2qkbnr/p1pppppp/1p6/8/1nP5/4P2N/P2P1PPP/RNBQK2R b KQkq c3 0 5|8 9 10 12 15 19 29 70 80 133 192 199 260 323 430 432 433 434 435 436 437 439 478 505 570 632 639 700 763 768 769 770 771|8 9 10 11 12 13 15 22 65 102 130 192 199 260 323 421 427 432 433 434 436 439 488 510 573 632 639 700 763 768 769 770 771
al_paso|r2qkbnr/p2ppppp/1p6/2p5/1nP5/4P2N/P2P1PPP/RNBQK2R w KQkq c6 0 6|8 9 10 12 15 19 29 70 80 133 192 199 260 323 421 430 432 433 434 435 436 439 478 505 570 632 639 700 763 768 769 770 771|8 9 10 11 12 15 22 29 65 102 130 192 199 260 323 421 427 432 433 434 436 439 488 510 573 632 639 700 763 768 769 770 771
al_paso|5b1r/7p/1p2pkpn/2p5/2PP4/N3PqPN/6RP/6K1 b - d3 0 21|8 17 19 28 29 80 87 201 321 421 425 427 430 432 488 570 632 658 746|8 17 19 22 29 80 130 192 298 338 420 421 425 427 432 488 495 625 761
al_paso|rnbqkbnr/p1pppppp/8/1p6/8/5N2/PPPPPPPP/RNBQKB1R w KQkq b6 0 2|8 9 10 11 12 13 14 15 70 82 130 133 192 199 260 323 422 432 433 434 435 436 437 439 505 510 570 573 632 639 700 763 768 769 770 771|8 9 10 11 12 13 15 30 65 70 130 133 192 199 260 323 432 433 434 435 436 437 438 439 490 510 570 573 632 639 700 763 768 769 770 771
al_paso|rnbqkbnr/p1ppppp1/8/1p5p/8/5N2/PPPPPPPP/RNBQKBR1 w Qkq h6 0 3|8 9 10 11 12 13 14 15 70 82 130 133 193 199 260 323 416 422 433 434 435 436 437 439 505 510 570 573 632 639 700 763 769 770 771|9 10 11 12 13 15 24 30 65 70 130 133 192 199 260 323 432 433 434 435 436 437 438 439 490 510 570 573 633 639 700 763 768 769 771
al_paso|rnbqkbnr/p1ppppp1/8/1p5p/7P/5N2/PPPPPPP1/RNBQKBR1 b Qkq h3 0 3|9 10 11 12 13 14 15 24 70 82 130 133 193 199 260 323 416 422 433 434 435 436 437 439 505 510 570 573 632 639 700 763 769 770 771|9 10 11 12 13 15 24 30 65 70 130 133 192 199 260 323 416 433 434 435 436 437 438 439 490 510 570 573 633 639 700 763 768 769 771
al_paso|r1bqkb2/p1pppp2/n6r/7p/3P3P/pP6/P1P1PPPN/R2QKBR1 b Qq d3 0 10|9 10 11 13 15 22 24 28 72 130 193 199 260 323 407 416 434 435 436 437 439 495 570 573 616 639 700 763 769 771|10 11 12 13 15 24 47 87 130 133 199 208 260 323 416 420 430 433 434 435 437 439 496 570 633 639 700 763 769 771
al_paso|r1bqkb2/p2ppp2/n1p5/7p/2Pr3P/pP6/P3PPPN/RQ2KB1R b Qq c3 0 13|9 10 11 15 22 24 29 72 130 192 199 262 323 407 416 429 434 435 436 439 495 570 573 604 639 700 763 769 771|10 11 12 15 21 24 47 87 130 133 199 228 260 323 416 421 430 433 434 435 439 496 570 632 639 702 763 769 771
al_paso|r1b1k3/p2ppp1Q/n1p5/7p/q1P1P3/p7/P4PPN/b1K2B1R b q e3 0 19|8 13 14 26 28 79 133 199 311 322 400 423 426 432 435 436 437 488 512 570 632 664 764 770|10 11 12 15 21 24 47 87 133 191 199 295 323 419 421 433 434 439 496 570 632 648 765 769
al_paso|r1b5/p1npk3/2p5/8/5P2/p7/P2K2P1/5N2 b - f3 0 27|8 14 29 69 331 400 426 432 435 498 570 632 756|12 15 21 47 77 133 199 331 418 433 439 506 756
al_paso|8/8/8/p6k/8/6K1/5r2/8 w - a6 0 66|337 423 586 736|31 242 344 745
al_paso|r2qk1nr/pppb1pp1/2nb4/4p2p/8/1PP3P1/P2PPP1P/RNBQK1NR w KQkq h6 0 6|8 10 11 12 15 17 21 22 65 70 133 192 199 260 323 416 419 433 434 437 438 439 493 505 556 564 632 639 700 763 768 769 770 771|9 10 13 14 15 24 27 65 85 140 148 192 199 260 323 425 429 430 432 434 435 436 439 505 510 573 632 639 700 763 768 769 770 771
al_paso|r2qk1nr/p1pb1pp1/2nb4/1p2p2p/8/1PP1P1P1/P2P1P1P/RNBQK1NR w KQkq b6 0 7|8 10 12 15 17 19 21 22 65 70 133 192 199 260 323 416 419 422 433 434 437 439 493 505 556 564 632 639 700 763 768 769 770 771|9 10 13 15 24 27 30 65 85 140 148 192 199 260 323 425 427 429 430 432 434 436 439 505 510 573 632 639 700 763 768 769 770 771
al_paso|6n1/r2k1ppr/8/7p/1n2bB1P/1P4P1/3P1N2/4K3 b - h3 0 23|12 17 22 24 74 154 323 416 433 434 478 505 539 624 631 756|13 14 31 70 97 164 200 207 331 423 425 430 435 501 549 764
al_paso|4k3/4n1p1/2r5/4Kp1p/7P/6P1/n2P4/8 w - f6 0 36|12 17 24 355 416 418 433 463 499 621 763|9 24 26 75 119 213 323 416 425 436 731
al_paso|rnbqkbnr/1ppppppp/8/p7/8/4P3/PPPP1PPP/RNBQKBNR w KQkq a6 0 2|8 9 10 12 13 14 15 19 65 70 130 133 192 199 260 323 423 432 433 434 435 436 437 438 505 510 570 573 632 639 700 763 768 769 770 771|8 9 10 11 12 13 14 31 65 70 130 133 192 199 260 323 427 432 433 434 436 437 438 439 505 510 570 573 632 639 700 763 768 769 770 771
al_paso|rnbqkb1r/2pppppp/7n/pp6/8/P3PN2/1PPP1PPP/RNBQKB1R w KQkq b6 0 4|8 9 10 12 13 14 19 23 70 82 130 133 192 199 260 323 422 423 432 433 434 435 436 437 488 510 570 573 632 639 700 763 768 769 770 771|8 9 10 11 12 13 30 31 70 80 130 133 192 199 260 323 427 431 432 433 434 436 437 438 490 510 570 573 632 639 700 763 768 769 770 771
al_paso|rnbqkb1r/2pppppp/7n/pp6/3P4/P3PN2/1PP2PPP/RNBQKB1R b KQkq d3 0 4|8 9 10 13 14 19 23 28 70 82 130 133 192 199 260 323 422 423 432 433 434 435 436 437 488 510 570 573 632 639 700 763 768 769 770 771|8 9 10 11 12 13 30 31 70 80 130 133 192 199 260 323 420 427 431 432 433 434 437 438 490 510 570 573 632 639 700 763 768 769 770 771
al_paso|rnbqkb1r/2ppp1pp/7n/pp3p2/3P4/P3PN2/1PP2PPP/RNBQKB1R w KQkq f6 0 5|8 9 10 13 14 19 23 28 70 82 130 133 192 199 260 323 418 422 423 432 433 435 436 437 488 510 570 573 632 639 700 763 768 769 770 771|8 9 11 12 13 26 30 31 70 80 130 133 192 199 260 323 420 427 431 432 433 434 437 438 490 510 570 573 632 639 700 763 768 769 770 771
al_paso|1nbq1b1r/2pkp2p/6p1/r4p2/1P1P4/P4P1P/2P3P1/RN2K1NR b KQ b3 0 14|9 13 16 18 23 28 30 65 70 192 199 323 418 425 432 435 437 510 570 573 615 632 700 756 768 769|10 12 15 22 29 65 130 133 199 216 259 331 417 419 424 429 431 434 438 505 510 632 639 764 770 771
al_paso|1nbq1b1r/2p1p3/2k3p1/5p1p/1P2P2P/P7/2P3P1/RNK3NR w - h6 0 19|10 14 16 25 28 31 65 70 192 199 322 421 423 430 434 436 505 570 573 639 699 746|10 12 22 29 31 65 130 133 199 259 338 417 420 423 424 434 438 505 510 632 639 762
al_paso|1nb2R2/2p4r/4p1p1/7p/1Pk3PP/P3p3/2P1N3/RNK5 b - g3 0 26|10 16 25 30 31 65 76 192 253 322 404 423 428 430 434 505 570 631 730|10 20 22 31 44 65 130 207 354 417 422 423 424 434 500 505 581 632 762
al_paso|rnbqkb1r/pppppppp/7n/8/P7/6P1/1PPPPP1P/RNBQKBNR b KQkq a3 0 2|8 10 11 12 13 14 17 31 65 70 130 133 192 199 260 323 432 433 434 435 436 437 438 439 488 510 570 573 632 639 700 763 768 769 770 771|8 9 10 11 12 13 14 15 70 80 130 133 192 199 260 323 423 425 432 434 435 436 437 438 505 510 570 573 632 639 700 763 768 769 770 771
al_paso|rnbqkb1r/1ppppppp/p6n/8/PP6/5NP1/2PPPPBP/RNBQK2R b KQkq b3 0 5|8 10 11 12 13 17 30 31 70 82 133 137 192 199 260 323 431 432 433 434 435 436 437 438 488 510 570 573 632 639 700 763 768 769 770 771|8 9 10 11 12 13 14 23 70 80 130 133 192 199 260 323 422 423 425 432 434 435 436 437 490 510 561 573 632 639 700 763 768 769 770 771
al_paso|rn2kb1N/2p1p2p/p5p1/1p6/PP6/5nP1/2RQP3/1NBK3R w q b6 0 16|12 22 24 25 65 127 130 199 202 267 323 417 424 430 434 436 439 469 505 573 632 764 770|8 11 13 17 23 30 70 106 130 199 323 422 423 425 435 448 510 573 629 632 692 764 769
al_paso|rnbqkbnr/ppp1pp2/3p3p/6p1/1P6/2NP4/P1P1PPPP/R1BQKBNR w KQkq g6 0 4|8 9 10 11 13 15 20 30 65 85 130 133 192 199 260 323 417 424 428 434 435 437 438 439 505 510 570 573 632 639 700 763 768 769 770 771|10 11 13 14 15 16 20 25 65 70 130 133 192 199 260 323 422 428 432 433 434 435 437 439 493 505 570 573 632 639 700 763 768 769 770 771
al_paso|rnbqkbnr/p1p1pp2/3p3p/1p4B1/1P6/2NP4/P1P1PPPP/R2QKBNR w KQkq b6 0 5|8 9 10 11 13 15 20 30 65 85 130 161 192 199 260 323 422 424 428 434 435 437 439 505 510 570 573 632 639 700 763 768 769 770 771|10 11 13 15 16 20 30 65 70 130 133 192 199 260 323 422 428 432 433 434 435 437 439 493 505 537 570 632 639 700 763 768 769 770 771
al_paso|4r2b/2p1k3/p7/1p6/1P3P2/3K2N1/P3P1PP/5B1R b - f3 0 23|8 12 14 15 25 29 86 133 199 339 417 424 434 575 636 756|13 23 30 128 195 331 418 422 432 433 435 439 489 570 632 748
al_paso|7b/8/p6k/1pp2P2/1P6/6P1/P2KB2P/2N4R w - c6 0 30|8 15 22 25 37 66 140 199 331 417 418 424 575 751|23 29 30 128 336 410 422 425 432 439 509 563 632 756
al_paso|8/7k/8/8/P7/1p4P1/2N1B2P/R3K3 b - a3 0 43|8 17 31 77 139 199 323 406 752|46 328 423 425 432 501 563 639 763
al_paso|rnbqkb1r/pppppppp/5n2/8/1P3P2/8/P1PPP1PP/RNBQKBNR b KQkq f3 0 2|8 9 11 12 13 15 26 30 65 70 130 133 192 199 260 323 432 433 434 435 436 437 438 439 490 510 570 573 632 639 700 763 768 769 770 771|8 9 10 11 12 13 14 15 70 82 130 133 192 199 260 323 418 422 432 433 435 436 437 439 505 510 570 573 632 639 700 763 768 769 770 771
al_paso|rnbqkb1r/2pppppp/p4n2/1p6/1P3P2/2N5/P1PPP1PP/R1BQKBNR w KQkq b6 0 4|8 9 11 12 13 15 26 30 65 85 130 133 192 199 260 323 422 431 432 433 434 435 436 437 490 510 570 573 632 639 700 763 768 769 770 771|8 9 10 11 12 13 23 30 70 82 130 133 192 199 260 323 418 422 432 433 435 436 437 439 493 505 570 573 632 639 700 763 768 769 770 771
al_paso|rnbqkb1r/2pp1ppp/p4n2/1p2p3/1P3P2/2N5/P1PPP1PP/1RBQKBNR w Kkq e6 0 5|8 9 11 12 13 15 26 30 65 85 130 133 192 198 260 323 419 422 431 432 433 434 436 437 490 510 570 573 632 639 700 763 768 770 771|8 9 10 12 13 23 27 30 70 82 130 133 192 199 260 323 418 422 432 433 435 436 437 439 493 505 570 573 632 638 700 763 768 769 770
al_paso|rnbqkb1r/2pp1ppp/p4n2/1p2p3/1P1P1P2/2N5/P1P1P1PP/1RBQKBNR b Kkq d3 0 5|8 9 11 13 15 26 28 30 65 85 130 133 192 198 260 323 419 422 431 432 433 434 436 437 490 510 570 573 632 639 700 763 768 770 771|8 9 10 12 13 23 27 30 70 82 130 133 192 199 260 323 418 420 422 432 433 435 437 439 493 505 570 573 632 638 700 763 768 769 770
al_paso|rnbqkb2/3p1ppr/p4n2/1p6/3PpP1P/5N2/P1PQP1P1/2B1KB1R b Kq h3 0 13|9 11 13 15 24 26 28 82 130 133 192 268 323 411 422 431 433 434 436 490 510 570 573 624 639 700 763 768 771|9 10 12 23 30 35 70 82 130 133 199 200 260 323 416 418 420 433 435 437 439 490 570 573 632 692 763 769 770
al_paso|r3kb2/5pp1/p1b5/1p6/P3pPnN/8/2P1P3/2BK1B1R b q a3 0 22|10 12 24 29 95 130 133 199 323 412 417 424 437 438 478 554 573 632 764 770|9 10 23 30 35 97 130 149 199 323 418 423 435 437 480 570 573 632 764 769
al_paso|4k3/6b1/B1b5/5p2/p4P2/8/2PK3n/8 w - f6 0 32|10 29 168 331 408 421 463 554 566 764|26 39 112 137 149 323 418 437 535 756
al_paso|rnbqk2r/ppp2ppp/4p2n/3p4/3P4/N5P1/PPPQPP1P/R1B1KBNR w KQkq d6 0 5|8 10 11 13 14 15 17 28 65 87 130 133 192 199 268 323 420 427 432 433 434 437 438 439 488 510 573 632 639 700 763 768 769 770 771|8 9 10 13 14 15 19 28 70 80 133 192 199 260 323 420 425 432 434 435 437 438 439 495 505 570 573 632 639 692 763 768 769 770 771
al_paso|rnb1k2r/ppp2ppp/3qp2n/3p4/1P1P4/N5PP/P1PQPP2/R1B1KBNR b KQkq b3 0 6|10 11 13 15 16 17 28 30 65 87 130 133 192 199 268 323 420 427 432 433 434 437 438 439 488 510 573 632 639 684 763 768 769 770 771|8 9 10 13 14 15 19 28 70 80 133 192 199 276 323 420 422 424 425 434 435 437 439 495 505 570 573 632 639 692 763 768 769 770 771
al_paso|rn2k2r/ppp3pp/2b1p2n/q2p4/2PP4/N5PP/P2NPP2/R1B1KB1R b KQkq c3 0 11|10 11 15 16 17 28 29 76 87 130 133 192 199 323 420 427 432 433 437 438 439 488 510 557 632 639 679 763 768 769 770 771|8 9 13 14 15 19 28 70 80 149 192 199 287 323 420 421 424 425 434 435 439 495 500 570 573 632 639 763 768 769 770 771
al_paso|rn3knr/pp4pp/4p3/2p5/3P1P2/6PP/P2K4/R1B2N1R w - c6 0 22|8 22 23 27 29 69 130 192 199 331 418 428 432 433 438 439 505 510 632 639 765|8 9 14 15 19 29 65 70 192 199 322 418 420 424 425 439 506 573 632 639 756
al_paso|r4knr/1p5p/2n1p1p1/p1P5/5P2/6PP/P7/R1B1KN1R w - a6 0 25|15 16 17 26 37 66 133 192 199 323 423 425 427 432 438 493 505 632 639 762|8 14 17 19 31 65 85 192 199 322 413 418 424 425 439 506 573 632 639 763
al_paso|r4knr/1p5p/2n1p1p1/p1P5/P4P2/6PP/8/R1B1KN1R b - a3 0 25|16 17 26 31 37 66 133 192 199 323 423 425 427 432 438 493 505 632 639 762|8 14 17 19 31 65 85 192 199 322 413 418 423 424 425 506 573 632 639 763
al_paso|rnbqkbnr/pppp1ppp/8/4p3/8/5P2/PPPPP1PP/RNBQKBNR w KQkq e6 0 2|8 9 11 12 13 14 15 18 65 70 130 133 192 199 260 323 419 432 433 434 436 437 438 439 505 510 570 573 632 639 700 763 768 769 770 771|8 9 10 12 13 14 15 27 65 70 130 133 192 199 260 323 426 432 433 435 436 437 438 439 505 510 570 573 632 639 700 763 768 769 770 771
al_paso|rnbqkb1r/ppppn1pp/8/5p2/5p2/4P2P/PPPP2P1/RNBQKBNR w KQkq f6 0 5|9 12 13 14 15 16 19 65 70 130 133 192 199 260 323 410 418 432 433 436 437 438 439 499 510 570 573 632 639 700 763 768 769 770 771|8 9 12 13 14 15 26 34 70 75 130 133 192 199 260 323 424 427 433 436 437 438 439 505 510 570 573 632 639 700 763 768 769 770 771
al_paso|rnbqkb1r/ppp1n1pp/8/3p1p2/5P2/7P/PPPP2P1/RNBQKBNR w KQkq d6 0 6|9 12 13 14 15 16 26 65 70 130 133 192 199 260 323 418 420 432 433 437 438 439 499 510 570 573 632 639 700 763 768 769 770 771|8 9 13 14 15 26 28 70 75 130 133 192 199 260 323 418 424 433 436 437 438 439 505 510 570 573 632 639 700 763 768 769 770 771
al_paso|rnbqkb1r/ppp1n1pp/8/3p1p2/1P3P2/7P/P1PP2P1/RNBQKBNR b KQkq b3 0 6|9 12 13 15 16 26 30 65 70 130 133 192 199 260 323 418 420 432 433 437 438 439 499 510 570 573 632 639 700 763 768 769 770 771|8 9 13 14 15 26 28 70 75 130 133 192 199 260 323 418 422 424 433 436 437 439 505 510 570 573 632 639 700 763 768 769 770 771
al_paso|rnbqkb1r/ppp1n1p1/8/3p1p1p/1P3P2/7P/P1PP2P1/RNBQKBNR w KQkq h6 0 7|9 12 13 15 16 26 30 65 70 130 133 192 199 260 323 416 418 420 433 437 438 439 499 510 570 573 632 639 700 763 768 769 770 771|9 13 14 15 24 26 28 70 75 130 133 192 199 260 323 418 422 424 433 436 437 439 505 510 570 573 632 639 700 763 768 769 770 771
al_paso|r7/p1p5/4k1P1/1p5P/8/3P2P1/N1KB4/R7 w - b6 0 33|19 22 39 46 72 139 192 330 417 432 434 632 748|13 15 30 199 339 401 408 425 428 503 564 639 757
al_paso|rnbqkbnr/p1pppppp/8/1p6/7P/8/PPPPPPP1/RNBQKBNR w KQkq b6 0 2|9 10 11 12 13 14 15 24 65 70 130 133 192 199 260 323 422 432 433 434 435 436 437 439 505 510 570 573 632 639 700 763 768 769 770 771|8 9 10 11 12 13 15 30 65 70 130 133 192 199 260 323 416 433 434 435 436 437 438 439 505 510 570 573 632 639 700 763 768 769 770 771
al_paso|rnbqkbnr/p1ppp1pp/5p2/1p6/3P3P/5N2/PPP1PPP1/RNBQKB1R b KQkq d3 0 3|9 10 11 13 14 15 24 28 70 82 130 133 192 199 260 323 422 426 432 433 435 436 437 439 505 510 570 573 632 639 700 763 768 769 770 771|8 9 11 12 13 15 18 30 65 70 130 133 192 199 260 323 416 420 433 434 435 437 438 439 490 510 570 573 632 639 700 763 768 769 770 771
al_paso|rnbqkbnr/2ppp1pp/5p2/pp6/3P3P/5N2/PPP1PPP1/RNBQKB1R w KQkq a6 0 4|9 10 11 13 14 15 24 28 70 82 130 133 192 199 260 323 422 423 426 432 433 435 436 437 505 510 570 573 632 639 700 763 768 769 770 771|8 9 11 12 13 18 30 31 65 70 130 133 192 199 260 323 416 420 433 434 435 437 438 439 490 510 570 573 632 639 700 763 768 769 770 771
al_paso|2b1qb1r/7p/5pk1/1p1p4/5B1P/3K4/5PP1/1N3B1R w - d6 0 18|13 14 31 65 133 157 199 339 417 419 429 439 570 573 639 700 750|8 18 28 30 130 133 192 259 337 416 433 434 510 546 570 632 748
al_paso|8/8/6k1/8/1p4P1/5P2/1B1K4/8 b - g3 0 37|21 30 137 331 409 750|38 337 417 426 566 756
al_paso|rnbqkbnr/pppppp1p/8/6p1/P4P2/8/1PPPP1PP/RNBQKBNR b KQkq f3 0 2|8 9 11 12 13 14 26 31 65 70 130 133 192 199 260 323 417 432 434 435 436 437 438 439 505 510 570 573 632 639 700 763 768 769 770 771|8 10 11 12 13 14 15 25 65 70 130 133 192 199 260 323 418 423 432 433 435 436 437 438 505 510 570 573 632 639 700 763 768 769 770 771
al_paso|rnbqkbnr/ppppp2p/8/5pp1/P4P2/8/1PPPP1PP/RNBQKBNR w KQkq f6 0 3|8 9 11 12 13 14 26 31 65 70 130 133 192 199 260 323 417 418 432 435 436 437 438 439 505 510 570 573 632 639 700 763 768 769 770 771|8 11 12 13 14 15 25 26 65 70 130 133 192 199 260 323 418 423 432 433 435 436 437 438 505 510 570 573 632 639 700 763 768 769 770 771
al_paso|rnbqkb1r/ppppp2p/8/3n2P1/PP6/N5pP/2PPP3/R1BQKBNR b KQkq b3 0 7|11 12 13 16 30 31 33 65 87 130 133 192 199 260 323 401 432 435 436 437 438 439 484 510 570 573 632 639 700 763 768 769 770 771|8 11 12 13 14 15 41 70 92 130 133 192 199 260 323 409 422 423 424 435 436 437 495 505 570 573 632 639 700 763 768 769 770 771
al_paso|rnbqkb1r/ppppp3/8/3n2Pp/PP6/N5pP/2PPP3/R1BQKBNR w KQkq h6 0 8|11 12 13 16 30 31 33 65 87 130 133 192 199 260 323 401 416 435 436 437 438 439 484 510 570 573 632 639 700 763 768 769 770 771|11 12 13 14 15 24 41 70 92 130 133 192 199 260 323 409 422 423 424 435 436 437 495 505 570 573 632 639 700 763 768 769 770 771
al_paso|r1bqk3/1p1pp1r1/p7/n1p5/5b2/3R1NpP/2QPP3/1NB1KB1R w Kq c6 0 18|11 12 16 70 82 130 133 192 212 269 323 401 421 431 435 436 438 487 538 573 625 639 700 763 768 771|11 12 14 23 29 41 95 133 162 199 201 260 323 424 435 436 490 510 570 573 620 632 693 763 769 770
al_paso|3qk3/3pp1r1/p7/np6/3N4/6pP/4P3/1NK2B1R w - b6 0 23|12 23 65 91 133 199 322 406 417 424 435 436 480 630 699 764|11 12 23 30 41 95 201 260 323 424 435 484 510 570 632 765
al_paso|8/3ppkr1/pq6/np6/3NP3/N5pP/2K5/5B1R b - e3 0 25|23 28 80 91 133 199 330 406 417 424 435 436 480 630 681 757|11 12 23 30 41 95 201 278 330 419 424 484 495 570 632 757
al_paso|8/5k1r/p3p3/3p4/4P3/6R1/3N4/2K5 w - d6 0 36|28 75 214 322 419 424 428 631 757|19 23 28 200 330 419 500 617 765
al_paso|r1bqkbnr/pppppppp/2n5/8/P4P2/8/1PPPP1PP/RNBQKBNR b KQkq f3 0 2|8 9 11 12 13 14 26 31 65 70 130 133 192 199 260 323 432 433 434 435 436 437 438 439 493 505 570 573 632 639 700 763 768 769 770 771|8 9 10 11 12 13 14 15 65 85 130 133 192 199 260 323 418 423 432 433 435 436 437 438 505 510 570 573 632 639 700 763 768 769 770 771
al_paso|r1bqkbnr/pppppppp/2n5/8/P1P2P2/7P/1P1PP1P1/RNBQKBNR b KQkq c3 0 4|9 11 12 14 16 26 29 31 65 70 130 133 192 199 260 323 432 433 434 435 436 437 438 439 493 505 570 573 632 639 700 763 768 769 770 771|8 9 10 11 12 13 14 15 65 85 130 133 192 199 260 323 418 421 423 424 433 435 436 438 505 510 570 573 632 639 700 763 768 769 770 771
al_paso|r1bqkbnr/1pppppp1/2n4p/p7/P1P2P2/4P2P/1P1P2P1/RNBQKBNR w KQkq a6 0 6|9 12 14 16 19 26 29 31 65 70 130 133 192 199 260 323 423 424 433 434 435 436 437 438 493 505 570 573 632 639 700 763 768 769 770 771|9 10 11 12 13 14 16 31 65 85 130 133 192 199 260 323 418 421 423 424 427 433 436 438 505 510 570 573 632 639 700 763 768 769 770 771
al_paso|r2q1b1r/4pkp1/2p4n/p7/PP3P2/4P2b/3PK1P1/RNB3NR b - b3 0 14|9 12 19 26 30 31 65 70 133 192 199 331 423 429 433 435 488 528 570 632 639 700 754|9 11 21 31 80 130 168 192 199 260 330 418 422 423 427 433 436 505 510 573 632 639 755
al_paso|r1b1kb1r/pB2pppp/1qp4n/3p4/8/4P2P/PPPP1PPR/RNBQK1N1 w Qkq d6 0 6|9 10 12 13 14 15 16 19 65 70 133 182 199 200 260 323 420 429 432 433 434 435 439 488 570 573 632 639 686 763 769 770 771|8 9 10 11 15 21 28 80 130 133 192 199 278 323 424 427 433 434 436 437 438 439 505 510 526 573 624 639 700 763 768 769 771
al_paso|r3kb1r/pb3ppp/1qp4n/3Pp3/8/7P/PPPP1PPR/RNBQK1N1 w Qkq e6 0 8|9 10 12 13 14 15 16 36 65 70 133 199 200 260 323 419 429 432 433 434 439 488 566 570 632 639 686 763 769 770 771|8 9 10 15 21 27 80 130 142 192 199 278 323 412 424 433 434 436 437 438 439 505 510 573 624 639 700 763 768 769 771
al_paso|8/3k1p2/8/5P1p/3P4/3P4/R7/6K1 w - h6 0 32|20 28 34 207 321 416 434 756|13 31 331 413 419 427 624 766
al_paso|rnbqkbnr/ppp1p1pp/5p2/3pN3/8/8/PPPPPPPP/RNBQKB1R w KQkq d6 0 3|8 9 10 11 12 13 14 15 70 99 130 133 192 199 260 323 420 426 432 433 435 437 438 439 505 510 570 573 632 639 700 763 768 769 770 771|8 9 11 13 14 15 18 28 65 70 130 133 192 199 260 323 432 433 434 435 436 437 438 439 475 510 570 573 632 639 700 763 768 769 770 771
al_paso|rnbqkbnr/ppp1p1pp/5p2/3pN3/5P2/8/PPPPP1PP/RNBQKB1R b KQkq f3 0 3|8 9 11 12 13 14 15 26 70 99 130 133 192 199 260 323 420 426 432 433 435 437 438 439 505 510 570 573 632 639 700 763 768 769 770 771|8 9 11 13 14 15 18 28 65 70 130 133 192 199 260 323 418 432 433 435 436 437 438 439 475 510 570 573 632 639 700 763 768 769 770 771
al_paso|rnbqkbnr/pp2p1pp/8/2ppP3/8/8/PPPPP1PP/RNBQKB1R w KQkq c6 0 5|8 9 11 12 13 14 15 35 70 130 133 192 199 260 323 420 421 432 433 435 438 439 505 510 570 573 632 639 700 763 768 769 770 771|8 9 11 14 15 28 29 65 70 130 133 192 199 260 323 411 432 433 435 436 437 438 439 510 570 573 632 639 700 763 768 769 770 771
al_paso|rnbq1bnr/pp1kp1pp/8/4P3/2Pp4/1p6/P2PP1PP/RNBQKBR1 b - c3 0 9|8 9 11 12 15 29 35 70 130 133 193 199 260 323 406 412 432 433 435 438 439 505 510 570 573 632 639 700 756|8 9 12 14 15 35 41 65 70 130 133 192 199 259 331 412 418 432 435 436 438 439 505 570 573 632 638 699 764
al_paso|rnbq1bnr/pp1kp1p1/8/4P2p/2Pp4/8/R2PP1PP/1NBQKBR1 w - h6 0 11|8 9 11 12 29 35 70 130 133 193 207 260 323 412 416 433 435 438 439 505 510 570 573 632 639 700 756|8 9 12 14 31 35 65 70 130 133 192 199 259 331 412 418 435 436 438 439 505 570 573 624 638 699 764
al_paso|1nbq1b1r/rp1kp3/7n/4P1pp/2PB4/8/3PP1PP/1N1QKBR1 w - g6 0 14|8 9 11 12 29 35 70 130 156 193 260 323 416 417 435 438 488 510 570 573 631 632 700 756|9 12 30 31 65 87 130 133 199 200 259 331 412 418 435 436 438 439 505 547 573 638 699 764
al_paso|rnbqkbnr/ppppp1pp/8/5p2/8/P7/1PPPPPPP/RNBQKBNR w KQkq f6 0 2|8 9 10 11 12 13 14 23 65 70 130 133 192 199 260 323 418 432 433 435 436 437 438 439 505 510 570 573 632 639 700 763 768 769 770 771|8 9 11 12 13 14 15 26 65 70 130 133 192 199 260 323 431 432 433 434 435 436 437 438 505 510 570 573 632 639 700 763 768 769 770 771
al_paso|rnbqkbnr/ppppp1pp/8/5p2/4P3/P7/1PPP1PPP/RNBQKBNR b KQkq e3 0 2|8 9 10 12 13 14 23 27 65 70 130 133 192 199 260 323 418 432 433 435 436 437 438 439 505 510 570 573 632 639 700 763 768 769 770 771|8 9 11 12 13 14 15 26 65 70 130 133 192 199 260 323 419 431 432 433 434 436 437 438 505 510 570 573 632 639 700 763 768 769 770 771
al_paso|rnbqkbnr/1pppp1pp/8/p4p2/4P3/P7/1PPP1PPP/RNBQKBNR w KQkq a6 0 3|8 9 10 12 13 14 23 27 65 70 130 133 192 199 260 323 418 423 432 433 435 436 437 438 505 510 570 573 632 639 700 763 768 769 770 771|8 9 11 12 13 14 26 31 65 70 130 133 192 199 260 323 419 431 432 433 434 436 437 438 505 510 570 573 632 639 700 763 768 769 770 771
al_paso|rnbqkb1r/1pp3pp/4p2n/8/pP6/P5N1/2PP1PPP/RNBQKB1R b KQkq b3 0 7|8 9 10 12 13 23 30 70 81 130 133 192 199 260 323 415 427 432 433 437 438 488 510 570 573 632 639 700 763 768 769 770 771|8 9 13 14 19 39 70 80 130 133 192 199 260 323 422 431 432 433 434 436 437 489 510 570 573 632 639 700 763 768 769 770 771
al_paso|rnbqkbnr/ppppp1pp/8/5p2/8/2N5/PPPPPPPP/R1BQKBNR w KQkq f6 0 2|8 9 10 11 12 13 14 15 65 85 130 133 192 199 260 323 418 432 433 435 436 437 438 439 505 510 570 573 632 639 700 763 768 769 770 771|8 9 11 12 13 14 15 26 65 70 130 133 192 199 260 323 432 433 434 435 436 437 438 439 493 505 570 573 632 639 700 763 768 769 770 771
al_paso|rnbqkbnr/ppppp1pp/8/5p2/4P3/2N5/PPPP1PPP/R1BQKBNR b KQkq e3 0 2|8 9 10 12 13 14 15 27 65 85 130 133 192 199 260 323 418 432 433 435 436 437 438 439 505 510 570 573 632 639 700 763 768 769 770 771|8 9 11 12 13 14 15 26 65 70 130 133 192 199 260 323 419 432 433 434 436 437 438 439 493 505 570 573 632 639 700 763 768 769 770 771
al_paso|rnbqkbnr/pppp2pp/8/4p3/8/2N2P2/PPPP1P1P/R1BQKB1R w KQkq e6 0 5|8 10 12 13 14 15 18 85 130 133 192 199 260 323 419 432 433 436 437 438 439 505 510 570 573 632 639 700 763 768 769 770 771|8 9 12 13 14 15 27 65 70 130 133 192 199 260 323 426 432 434 436 437 438 439 493 570 573 632 639 700 763 768 769 770 771
al_paso|r1bqkbnr/p1pp2p1/7p/p7/1P1p4/5P2/P1PP1P1P/1RBQ1RK1 b kq b3 0 10|8 10 12 13 15 18 30 133 194 198 260 321 412 423 424 433 436 437 439 505 570 573 632 639 700 763 770 771|9 12 13 15 16 31 36 65 130 133 192 199 260 323 422 426 432 434 436 437 439 573 634 638 700 761 768 769
al_paso|r1b1k1n1/p2p4/8/p1p3p1/3Q4/3P4/P4R2/R5K1 w q c6 0 22|15 20 199 202 284 321 417 421 423 436 439 505 573 639 763 771|12 15 25 29 31 65 133 199 323 428 439 626 639 676 761 769
al_paso|8/4k3/2R5/pr1p2p1/8/p2P4/P3K3/8 w - a6 0 36|15 20 237 331 407 417 420 423 614 755|25 28 31 47 222 331 428 439 597 755
al_paso|r1bqkb1r/p1pnpppp/3p1n2/1p6/8/N1P2PP1/PP1PP2P/R1BQKBNR w KQkq b6 0 5|8 11 12 14 15 17 18 21 65 87 130 133 192 199 260 323 422 428 432 433 434 435 437 439 490 500 570 573 632 639 700 763 768 769 770 771|8 9 10 11 13 15 20 30 76 82 130 133 192 199 260 323 425 426 429 432 435 436 438 439 495 505 570 573 632 639 700 763 768 769 770 771
al_paso|r1bqkb1r/2pnpppp/3p1n2/pN6/8/2P2PP1/PP1PP2P/R1BQKBNR w KQkq a6 0 6|8 11 12 14 15 17 18 21 65 102 130 133 192 199 260 323 423 428 432 433 434 435 437 490 500 570 573 632 639 700 763 768 769 770 771|8 9 10 11 13 20 31 76 82 130 133 192 199 260 323 425 426 429 432 435 436 438 439 478 505 570 573 632 639 700 763 768 769 770 771
al_paso|r1bqkb1r/2pnpppp/3p1n2/pN6/P7/2P2PP1/1P1PP2P/R1BQKBNR b KQkq a3 0 6|8 11 12 14 17 18 21 31 65 102 130 133 192 199 260 323 423 428 432 433 434 435 437 490 500 570 573 632 639 700 763 768 769 770 771|8 9 10 11 13 20 31 76 82 130 133 192 199 260 323 423 425 426 429 432 435 436 438 478 505 570 573 632 639 700 763 768 769 770 771
al_paso|r1bqkb1r/2pn1ppp/3p1n2/pN2p3/P7/2P2PP1/1P1PP2P/R1BQKBNR w KQkq e6 0 7|8 11 12 14 17 18 21 31 65 102 130 133 192 199 260 323 419 423 428 432 433 434 437 490 500 570 573 632 639 700 763 768 769 770 771|8 9 10 13 20 27 31 76 82 130 133 192 199 260 323 423 425 426 429 432 435 436 438 478 505 570 573 632 639 700 763 768 769 770 771
al_paso|2b1q2r/2pnk2p/1r3np1/p3p3/PbP1P3/5PPP/RP1P3R/2BK1BN1 b - e3 0 15|9 11 21 22 23 24 26 28 70 130 133 200 207 323 416 420 430 434 439 493 499 537 570 617 639 700 756|8 13 17 27 31 76 82 133 166 192 214 259 331 419 421 423 424 425 426 436 438 505 570 573 624 631 764
al_paso|2b2k1r/2pn3p/1r3np1/p3p3/PbBPP3/5PPP/RP3R2/2BK2N1 b - d3 0 18|9 21 22 23 24 27 28 70 130 154 200 205 323 416 420 430 434 439 493 499 537 570 617 639 765|8 13 17 27 31 76 82 133 166 192 214 322 419 420 423 424 425 426 438 505 549 573 626 631 764
al_paso|rnbqkbnr/ppp1pppp/8/3p4/8/3P4/PPP1PPPP/RNBQKBNR w KQkq d6 0 2|8 9 10 11 13 14 15 20 65 70 130 133 192 199 260 323 420 432 433 434 435 437 438 439 505 510 570 573 632 639 700 763 768 769 770 771|8 9 10 11 13 14 15 28 65 70 130 133 192 199 260 323 428 432 433 434 435 437 438 439 505 510 570 573 632 639 700 763 768 769 770 771
al_paso|rnbqkbnr/ppp1p1pp/8/3p1p2/3P4/8/PPP1PPPP/RNBQKBNR w KQkq f6 0 3|8 9 10 11 13 14 15 28 65 70 130 133 192 199 260 323 418 420 432 433 435 437 438 439 505 510 570 573 632 639 700 763 768 769 770 771|8 9 11 13 14 15 26 28 65 70 130 133 192 199 260 323 420 432 433 434 435 437 438 439 505 510 570 573 632 639 700 763 768 769 770 771
al_paso|rnbqkbnr/ppp1p1pp/8/3p1p2/3PP3/8/PPP2PPP/RNBQKBNR b KQkq e3 0 3|8 9 10 13 14 15 27 28 65 70 130 133 192 199 260 323 418 420 432 433 435 437 438 439 505 510 570 573 632 639 700 763 768 769 770 771|8 9 11 13 14 15 26 28 65 70 130 133 192 199 260 323 419 420 432 433 434 437 438 439 505 510 570 573 632 639 700 763 768 769 770 771
al_paso|rnb1kbnr/p3p1pp/3q4/1p1p1pB1/3P4/8/PPP1QPPP/RN2KBNR w KQkq b6 0 7|8 9 10 13 14 15 28 65 70 130 161 192 199 267 323 418 420 422 432 433 435 439 505 510 570 573 632 639 684 763 768 769 770 771|8 9 11 15 26 28 30 65 70 130 133 192 199 276 323 420 432 433 434 437 438 439 505 510 537 570 632 639 691 763 768 769 770 771
al_paso|r4br1/4k1p1/7p/p1P5/8/5PP1/RPP4P/4K1R1 w - a6 0 22|8 13 14 17 18 37 193 207 323 423 424 433 570 633 639 755|9 16 31 130 193 199 331 413 425 426 432 437 438 631 633 763
al_paso|r3kbr1/6p1/7p/R1P5/1P3P2/6P1/2P4P/4K1R1 b - b3 0 24|8 13 17 26 30 37 193 231 323 424 433 570 633 639 763|9 16 130 193 199 323 413 418 422 425 432 437 607 633 763
al_paso|8/5k2/8/7P/2P4P/3K4/8/8 b - h3 0 56|26 31 39 339 757|330 408 416 421 748
al_paso|rnbqkbnr/pp1pppp1/7p/2p5/8/2P2P2/PP1PP1PP/RNBQKBNR w KQkq c6 0 3|8 9 11 12 14 15 18 21 65 70 130 133 192 199 260 323 421 424 433 434 435 436 438 439 505 510 570 573 632 639 700 763 768 769 770 771|9 10 11 12 14 15 16 29 65 70 130 133 192 199 260 323 426 429 432 433 435 436 438 439 505 510 570 573 632 639 700 763 768 769 770 771
al_paso|rnbqkbnr/pp1ppp2/7p/2p3p1/8/2PP1P2/PP2P1PP/RNBQKBNR w KQkq g6 0 4|8 9 11 14 15 18 20 21 65 70 130 133 192 199 260 323 417 421 424 434 435 436 438 439 505 510 570 573 632 639 700 763 768 769 770 771|10 11 12 14 15 16 25 29 65 70 130 133 192 199 260 323 426 428 429 432 433 435 438 439 505 510 570 573 632 639 700 763 768 769 770 771
al_paso|rnbqk1nr/1p1pppb1/7p/p1p3p1/8/1QPP1P2/PP1KP1PP/RNB2BNR w kq a6 0 6|8 9 12 14 15 18 19 21 65 70 130 133 192 199 273 331 416 418 422 431 433 435 436 437 505 510 566 570 632 639 699 764 770 771|10 11 12 14 16 25 29 31 65 70 133 137 192 199 260 323 426 428 429 432 433 435 438 439 505 510 570 573 632 639 686 756 768 769
al_paso|rnbq2nr/3ppk2/1p5p/p1p3p1/P7/2PP1PP1/3KP2P/RNB2BNR b - a3 0 9|12 15 18 19 21 22 24 65 70 130 133 192 199 331 416 418 422 425 431 435 436 505 510 570 632 639 699 757|11 12 16 22 25 29 31 65 70 133 192 199 260 330 423 425 426 428 429 432 435 505 510 570 573 632 639 756
al_paso|rnbqkbnr/pp2pppp/2p5/3p4/P7/N7/1PPPPPPP/R1BQKBNR w KQkq d6 0 3|8 9 10 11 12 13 14 31 65 87 130 133 192 199 260 323 420 429 432 433 434 435 438 439 505 510 570 573 632 639 700 763 768 769 770 771|8 9 10 11 14 15 21 28 65 70 130 133 192 199 260 323 423 432 433 434 435 436 437 438 495 505 570 573 632 639 700 763 768 769 770 771
al_paso|rnb1kbn1/p3ppp1/2p5/1p6/P1P5/8/1PP1PPPR/R2K1BN1 w q b6 0 9|9 10 12 13 14 24 26 70 133 192 207 323 417 426 432 436 437 438 505 510 570 573 632 764 770|9 10 11 15 21 30 65 70 130 133 199 323 421 423 433 434 435 437 438 505 570 624 639 764 769
al_paso|rnb1kbn1/p3pp2/2p5/P5p1/2p5/5P2/1PP1P1PR/R2K1BN1 w q g6 0 11|9 10 12 14 21 32 70 133 192 207 323 410 422 426 432 436 437 505 510 570 573 632 764 770|10 11 15 21 25 37 65 70 130 133 199 323 415 426 433 435 437 438 505 570 624 639 764 769
al_paso|8/8/2k1p3/4Pp1r/3P4/1PpK1P2/6P1/8 w - f6 0 34|14 17 21 27 36 339 402 421 428 615 746|20 29 42 223 338 412 419 425 429 438 747
al_paso|rnbqkbnr/ppppp1pp/8/5p2/4P3/8/PPPP1PPP/RNBQKBNR w KQkq f6 0 2|8 9 10 12 13 14 15 27 65 70 130 133 192 199 260 323 418 432 433 435 436 437 438 439 505 510 570 573 632 639 700 763 768 769 770 771|8 9 11 12 13 14 15 26 65 70 130 133 192 199 260 323 419 432 433 434 436 437 438 439 505 510 570 573 632 639 700 763 768 769 770 771
al_paso|r1bqkbnr/pppp3P/n7/4p3/8/8/PPPP1PPP/RNBQKBNR w KQkq e6 0 5|8 9 10 12 13 14 15 48 65 70 130 133 192 199 260 323 419 436 437 438 439 495 505 570 573 632 639 700 763 768 769 770 771|12 13 14 15 27 65 87 130 133 192 199 260 323 392 432 433 434 436 437 438 439 505 510 570 573 632 639 700 763 768 769 770 771
al_paso|r1bqkbQ1/pp1p4/B7/2p1p3/8/8/PPPP1PPr/RNBQK1NR w KQq c6 0 7|9 10 12 13 14 15 65 70 133 175 192 199 260 313 323 419 421 436 438 439 570 573 584 639 700 763 768 769 771|12 14 15 27 29 130 133 199 240 260 323 433 434 436 437 438 439 505 510 535 573 632 639 641 700 763 769 770 771
al_paso|r1b1kbQ1/pB1p4/8/q1p1p3/6P1/8/PPPPKP2/RNBQ2Nr b q g3 0 9|10 12 13 14 15 25 65 70 133 182 199 260 313 331 419 421 436 439 570 573 576 639 679 763 771|12 15 27 29 130 133 199 248 287 323 417 434 436 437 438 439 505 510 526 573 639 641 700 755 769
coronacion|8/k7/8/8/1K6/8/1p6/8 w - - 0 82|345 393 752|49 328 737
coronacion|8/k7/8/8/2K5/8/1p6/8 b - - 1 82|346 393 752|49 328 738
coronacion|8/1k2P3/8/8/7p/7P/8/N2K4 b - - 0 74|23 52 64 323 415 753|39 329 396 431 504 763
coronacion|2k5/4P3/8/8/7p/7P/8/N2K4 w - - 1 75|23 52 64 323 415 762|39 322 396 431 504 763
coronacion|2k5/4P3/8/8/7p/7P/2K5/N7 b - - 2 75|23 52 64 330 415 762|39 322 396 431 504 754
coronacion|1k6/4P3/8/8/7p/7P/2K5/N7 w - - 3 76|23 52 64 330 415 761|39 321 396 431 504 754
coronacion|1k6/4P3/8/8/7p/7P/8/N1K5 b - - 4 76|23 52 64 322 415 761|39 321 396 431 504 762
coronacion|2k5/4P3/8/8/7p/7P/8/N1K5 w - - 5 77|23 52 64 322 415 762|39 322 396 431 504 762
coronacion|2k5/4P3/8/8/7p/7P/3K4/N7 b - - 6 77|23 52 64 331 415 762|39 322 396 431 504 755
coronacion|1k6/4P3/8/8/7p/7P/3K4/N7 w - - 7 78|23 52 64 331 415 761|39 321 396 431 504 755
coronacion|1k6/4P3/8/8/7p/7P/4K3/N7 b - - 8 78|16 51 71 331 408 766|39 321 396 431 504 756
coronacion|8/2k1P3/8/8/7p/7P/4K3/N7 w - - 9 79|16 51 71 331 408 757|39 330 396 431 504 756
coronacion|8/8/8/1K6/8/8/7p/6k1 w - - 0 149|353 399 710|48 377 734
coronacion|8/8/1K6/8/8/8/7p/6k1 b - - 1 149|361 399 710|48 377 726
coronacion|8/8/1K6/8/8/8/6kp/8 w - - 2 150|361 399 718|48 369 726
coronacion|8/8/8/2K5/8/8/6kp/8 b - - 3 150|354 399 718|48 369 733
coronacion|K5k1/5P2/8/8/7p/p6P/3b4/8 b - - 0 65|23 53 376 400 415 523 766|32 47 180 321 394 424 711
coronacion|3k4/K7/8/6b1/7p/7P/p7/8 w - - 0 77|23 368 392 415 550 763|39 48 158 323 431 712
coronacion|3k4/8/1K6/6b1/7p/7P/p7/8 b - - 1 77|23 361 392 415 550 763|39 48 158 323 431 721
coronacion|8/3k4/8/3p4/1P6/8/B5p1/3K4 w - - 0 45|25 136 323 398 419 755|27 54 331 417 560 763
coronacion|8/3k4/8/3B4/1P6/8/6p1/3K4 b - - 0 45|25 163 323 398 755|54 331 417 539 763
coronacion|3k4/8/8/3B4/1P6/8/6p1/3K4 w - - 1 46|25 163 323 398 763|54 323 417 539 763
coronacion|3k4/8/8/8/1P6/5B2/6p1/3K4 b - - 2 46|25 149 323 398 763|54 323 417 557 763
coronacion|8/4k3/8/8/1P6/5B2/6p1/3K4 w - - 3 47|25 149 323 398 756|49 331 422 554 764
coronacion|8/1P6/4k3/8/K7/8/8/8 b - - 0 65|49 344 748|339 398 743
coronacion|8/1P6/8/5k2/K7/8/8/8 w - - 1 66|49 344 741|346 398 743
coronacion|8/1P6/8/K4k2/8/8/8/8 b - - 2 66|49 352 741|346 398 735
coronacion|8/1P6/8/K3k3/8/8/8/8 w - - 3 67|49 352 740|347 398 735
coronacion|8/1P6/1K6/4k3/8/8/8/8 b - - 4 67|49 361 740|347 398 726
coronacion|8/1P6/1K6/8/3k4/8/8/8 w - - 5 68|49 361 731|355 393 721
coronacion|8/1P6/8/1K6/3k4/8/8/8 b - - 6 68|49 353 731|355 393 729
coronacion|8/1P6/8/1K6/8/3k4/8/8 w - - 7 69|49 353 723|363 393 729
coronacion|8/8/8/8/3k4/8/5p2/4K3 w - - 0 139|323 394 732|53 355 764
coronacion|8/8/8/8/3k4/8/5p2/5K2 b - - 1 139|322 394 732|53 355 765
coronacion|8/8/8/8/8/2k5/5p2/5K2 w - - 2 140|322 394 725|53 362 765
coronacion|4k3/P1p5/8/1P2r3/4P1p1/8/6K1/8 b - - 0 38|27 38 55 329 409 437 611 763|13 33 219 323 399 414 419 753
coronacion|8/P1pk4/8/1P2r3/4P1p1/8/6K1/8 w - - 1 39|27 38 55 329 409 437 611 756|10 38 220 331 392 409 420 758
coronacion|8/P1pk4/8/1P2r3/4P1p1/8/5K2/8 b - - 2 39|27 38 55 330 409 437 611 756|10 38 220 331 392 409 420 757
coronacion|8/P1pk4/8/1P6/4r1p1/8/5K2/8 w - - 0 40|38 55 330 409 437 603 756|10 38 228 331 392 409 757
coronacion|8/P1pk4/8/1P6/4r1p1/8/8/5K2 b - - 1 40|38 55 322 409 437 603 756|10 38 228 331 392 409 765
coronacion|3k4/P1p5/8/1P6/4r1p1/8/8/5K2 w - - 2 41|38 55 322 409 437 603 764|10 38 228 323 392 409 765
coronacion|1rk5/8/8/8/8/6K1/5p2/8 w - - 0 52|337 394 638 765|53 193 322 750
coronacion|1rk5/8/8/8/5K2/8/5p2/8 b - - 1 52|346 394 638 765|53 193 322 741
coronacion|2k5/8/8/8/5K2/8/5p2/1r6 w - - 2 53|346 394 582 765|53 249 322 741
coronacion|2k5/8/8/8/8/6K1/5p2/1r6 b - - 3 53|337 394 582 765|53 249 322 750
coronacion|2k5/8/8/8/8/6K1/5p2/6r1 w - - 4 54|337 394 577 765|53 254 322 750
coronacion|8/8/7k/K7/8/8/7p/8 w - - 0 121|352 399 751|48 336 735
coronacion|8/8/1K5k/8/8/8/7p/8 b - - 1 121|361 399 751|48 336 726
coronacion|5k2/8/5Kp1/P3R3/1P6/8/7p/8 w - - 0 40|30 39 227 362 392 425 762|17 48 322 415 422 603 722
coronacion|5k2/8/6K1/P3R3/1P6/8/7p/8 b - - 0 40|30 39 227 361 392 762|48 322 415 422 603 721
coronacion|6k1/8/6K1/P3R3/1P6/8/7p/8 w - - 1 41|30 39 227 361 392 761|48 321 415 422 603 721
coronacion|6k1/8/6K1/P4R2/1P6/8/7p/8 b - - 2 41|30 39 226 361 392 761|48 321 415 422 602 721
coronacion|3K4/P7/2P5/8/7k/8/8/8 b - - 0 60|42 48 379 735|352 399 405 708
coronacion|3K4/P7/2P5/8/8/6k1/8/8 w - - 1 61|42 48 379 726|361 399 405 708
coronacion|2K5/P7/2P5/8/8/6k1/8/8 b - - 2 61|42 48 378 726|361 399 405 709
coronacion|2K5/P7/2P5/8/8/8/7k/8 w - - 3 62|42 48 378 719|368 399 405 709
coronacion|Q1K5/2P5/8/8/8/6k1/8/8 b - - 0 66|50 312 378 726|361 397 647 709
coronacion|Q1K5/2P5/8/8/6k1/8/8/8 w - - 1 67|50 312 378 734|353 397 647 709
coronacion|2K5/1QP5/8/8/6k1/8/8/8 b - - 2 67|50 305 378 734|353 397 654 709
coronacion|2K5/1QP5/8/6k1/8/8/8/8 w - - 3 68|50 305 378 742|345 397 654 709
coronacion|2K5/2P5/Q7/6k1/8/8/8/8 b - - 4 68|50 296 378 742|345 397 663 709
coronacion|2K5/2P5/Q7/7k/8/8/8/8 w - - 5 69|50 296 378 743|344 397 663 709
coronacion|2K5/2P5/8/Q6k/8/8/8/8 b - - 6 69|50 288 378 743|344 397 671 709
coronacion|2K5/2P5/8/Q7/7k/8/8/8 w - - 7 70|50 288 378 735|352 397 671 709
coronacion|2K5/2P5/8/1Q6/7k/8/8/8 b - - 8 70|50 289 378 735|352 397 670 709
coronacion|2K5/2P5/8/1Q6/6k1/8/8/8 w - - 9 71|50 289 378 734|353 397 670 709
coronacion|2K5/2P5/8/8/2Q3k1/8/8/8 b - - 10 71|50 282 378 734|353 397 677 709
coronacion|2K5/2P5/8/6k1/2Q5/8/8/8 w - - 11 72|50 282 378 742|345 397 677 709
coronacion|2K5/2P5/8/6k1/8/1Q6/8/8 b - - 12 72|50 273 378 742|345 397 686 709
coronacion|2K5/2P5/8/8/5k2/1Q6/8/8 w - - 13 73|50 273 378 733|354 397 686 709
coronacion|1K6/2P5/8/8/5k2/1Q6/8/8 b - - 14 73|50 273 377 733|354 397 686 710
coronacion|1K6/2P5/8/8/6k1/1Q6/8/8 w - - 15 74|50 273 377 734|353 397 686 710
coronacion|rn1qkb1r/pppbP1pp/5p2/P7/4P3/8/1P1PKPP1/RNBQ1nNR b kq - 0 8|9 10 12 14 27 39 51 65 70 133 192 199 260 331 426 432 433 437 438 439 450 510 564 570 632 639 700 763 770 771|8 9 13 14 15 18 70 122 130 140 192 199 260 323 395 415 419 433 434 436 438 505 510 573 632 639 700 755 768 769
coronacion|5k2/8/8/P1P5/6P1/8/7p/5K2 w - - 0 51|25 37 39 322 392 762|48 322 413 415 417 762
coronacion|5k2/8/8/P1P5/6P1/8/6Kp/8 b - - 1 51|25 37 39 329 392 762|48 322 413 415 417 753
coronacion|8/4k3/8/P1P5/6P1/8/6Kp/8 w - - 2 52|25 37 39 329 392 755|48 331 413 415 417 753
coronacion|5k2/P7/6P1/2P5/8/8/6K1/8 b - - 0 60|37 41 55 329 762|322 399 401 413 753
coronacion|4k3/P7/6P1/2P5/8/8/6K1/8 w - - 1 61|37 41 55 329 763|323 399 401 413 753
coronacion|6k1/2N3P1/8/2P5/8/8/5K2/8 b - - 0 64|37 49 117 330 761|321 393 413 461 754
coronacion|8/2P5/8/2N5/8/8/2K3k1/8 b - - 0 109|50 98 330 718|369 397 477 757
coronacion|8/2P5/8/2N5/8/6k1/2K5/8 w - - 1 110|50 98 330 726|361 397 477 757
coronacion|8/2P5/4N3/8/8/6k1/2K5/8 b - - 2 110|50 108 330 726|361 397 467 757
coronacion|8/2P5/4N3/8/8/8/2K4k/8 w - - 3 111|50 108 330 719|368 397 467 757
coronacion|8/2P5/4N3/8/8/8/7k/3K4 b - - 4 111|50 108 323 719|368 397 467 764
coronacion|8/2P5/4N3/8/8/6k1/8/3K4 w - - 5 112|50 108 323 726|361 397 467 764
coronacion|8/2P5/4N3/8/8/6k1/3K4/8 b - - 6 112|50 108 331 726|361 397 467 756
coronacion|8/2P5/4N3/8/8/8/3K3k/8 w - - 7 113|50 108 331 719|368 397 467 756
coronacion|6R1/1P3k2/8/8/1P6/8/7K/5B2 b - - 0 44|30 54 130 249 328 754|330 398 422 570 577 752
coronacion|6k1/1P6/8/8/1P6/8/7K/5B2 w - - 0 45|30 54 130 328 761|321 398 422 570 752
coronacion|6k1/1P6/8/1P6/8/8/7K/5B2 b - - 0 45|38 54 130 328 761|321 398 414 570 752
coronacion|8/1P4k1/8/1P6/8/8/7K/5B2 w - - 1 46|38 54 130 328 753|329 398 414 570 752
coronacion|8/1P6/8/6k1/8/8/8/3R3K b - - 0 61|54 196 320 737|345 398 636 760
coronacion|8/1P6/5k2/8/8/8/8/3R3K w - - 1 62|54 196 320 746|338 398 636 760
coronacion|8/1P6/5k2/8/3R4/8/8/7K b - - 2 62|54 220 320 746|338 398 612 760
coronacion|8/1P6/8/6k1/3R4/8/8/7K w - - 3 63|54 220 320 737|345 398 612 760
coronacion|8/1P6/8/6k1/R7/8/8/7K b - - 4 63|54 223 320 737|345 398 615 760
coronacion|8/1P6/5k2/8/R7/8/8/7K w - - 5 64|54 223 320 746|338 398 615 760
coronacion|8/1P6/5k2/8/R7/8/7K/8 b - - 6 64|54 223 328 746|338 398 615 752
coronacion|8/1P6/8/5k2/R7/8/7K/8 w - - 7 65|54 223 328 738|346 398 615 752
coronacion|8/1P6/8/5k2/7R/8/7K/8 b - - 8 65|54 216 328 738|346 398 608 752
coronacion|8/1P6/6k1/8/7R/8/7K/8 w - - 9 66|54 216 328 745|337 398 608 752
coronacion|8/1P6/6k1/8/3R4/8/7K/8 b - - 10 66|54 220 328 745|337 398 612 752
coronacion|8/1P5k/8/8/3R4/8/7K/8 w - - 11 67|54 220 328 752|328 398 612 752
coronacion|8/1P5k/3R4/8/8/8/7K/8 b - - 12 67|54 236 328 752|328 398 596 752
coronacion|8/1P4k1/3R4/8/8/8/7K/8 w - - 13 68|54 236 328 753|329 398 596 752
coronacion|8/1P4k1/3R4/8/8/7K/8/8 b - - 14 68|54 236 336 753|329 398 596 744
coronacion|8/1P3k2/3R4/8/8/7K/8/8 w - - 15 69|54 236 336 754|330 398 596 744
coronacion|8/1P3k2/6R1/8/8/7K/8/8 b - - 16 69|54 233 336 754|330 398 593 744
coronacion|4k3/1P6/6R1/8/8/7K/8/8 w - - 17 70|54 233 336 763|323 398 593 744
coronacion|4k1R1/1P6/8/8/8/7K/8/8 b - - 18 70|54 249 336 763|323 398 577 744
coronacion|6R1/1P2k3/8/8/8/7K/8/8 w - - 19 71|54 249 336 755|331 398 577 744
coronacion|1R6/1P2k3/8/8/8/7K/8/8 b - - 20 71|54 254 336 755|331 398 582 744
coronacion|1R6/1P6/5k2/8/8/7K/8/8 w - - 21 72|54 254 336 746|338 398 582 744
coronacion|4R3/1P6/5k2/8/8/7K/8/8 b - - 22 72|54 251 336 746|338 398 579 744
coronacion|4R3/1P4k1/8/8/8/7K/8/8 w - - 23 73|54 251 336 753|329 398 579 744
coronacion|8/1P4k1/8/8/8/7K/4R3/8 b - - 24 73|54 203 336 753|329 398 627 744
coronacion|8/1P3k2/8/8/8/7K/4R3/8 w - - 25 74|54 203 336 754|330 398 627 744
coronacion|8/1P2Rk2/8/8/8/7K/8/8 b - - 26 74|54 243 336 754|330 398 587 744
coronacion|8/1P2k3/8/8/8/7K/8/8 w - - 0 75|54 336 755|331 398 744
coronacion|8/1P2k3/8/8/7K/8/8/8 b - - 1 75|54 344 755|331 398 736
coronacion|3k4/1P6/8/8/7K/8/8/8 w - - 2 76|54 344 764|323 393 743
coronacion|4k1n1/n7/8/1p4rp/1B5P/P4P2/1p3P2/3RK3 w - - 0 26|10 18 23 24 158 196 323 398 416 422 503 505 609 763|24 30 54 65 79 217 323 416 426 431 434 550 636 763
coronacion|4k1n1/n7/8/1p4rp/7P/P1B2P2/1p3P2/3RK3 b - - 1 26|10 18 23 24 149 196 323 398 416 422 503 505 609 763|24 30 54 65 79 217 323 416 426 431 434 557 636 763
coronacion|4k1n1/n7/6r1/1p5p/7P/P1B2P2/1p3P2/3RK3 w - - 2 27|10 18 23 24 149 196 323 398 416 422 503 505 617 763|24 30 54 65 79 209 323 416 426 431 434 557 636 763
coronacion|8/8/5P2/1k5p/7P/8/p7/2K5 w - - 0 58|31 45 322 392 423 737|31 48 345 405 423 762
coronacion|8/8/5P2/1k5p/7P/8/p2K4/8 b - - 1 58|31 45 331 392 423 737|31 48 345 405 423 755
coronacion|8/5P2/8/1k5p/7P/8/3K4/r7 b - - 0 59|31 53 331 423 576 737|31 248 345 397 423 755
coronacion|8/5P2/8/7p/2k4P/8/3K4/r7 w - - 1 60|31 53 331 423 576 730|31 248 354 397 423 755
coronacion|8/7P/8/3k4/8/8/7K/8 b - - 0 125|48 328 740|347 399 759
coronacion|8/7P/2k5/8/8/8/7K/8 w - - 1 126|48 328 749|338 399 759
coronacion|8/7P/2k5/8/8/6K1/8/8 b - - 2 126|48 337 749|338 399 750
coronacion|8/7P/8/1k6/8/6K1/8/8 w - - 3 127|48 337 742|345 399 750
coronacion|8/7P/8/1k6/7K/8/8/8 b - - 4 127|48 344 742|345 399 743
coronacion|8/7P/1k6/8/7K/8/8/8 w - - 5 128|48 344 750|337 399 743
coronacion|7k/8/6K1/8/8/8/3p4/8 w - - 0 79|361 396 760|52 320 721
coronacion|7k/8/8/7K/8/8/3p4/8 b - - 1 79|352 396 760|52 320 728
coronacion|8/8/8/8/1k6/8/3p1K2/8 w - - 0 72|330 396 734|51 353 757
coronacion|8/8/8/8/1k6/8/3p4/6K1 b - - 1 72|321 396 734|51 353 766
coronacion|8/8/8/8/8/k7/3p4/6K1 w - - 2 73|321 396 727|51 360 766
coronacion|8/8/8/8/8/k7/3p3K/8 b - - 3 73|328 396 727|51 360 759
coronacion|1k6/8/8/8/8/6K1/p7/8 w - - 0 99|337 399 766|48 321 750
coronacion|1k6/8/8/8/8/8/p6K/8 b - - 1 99|328 399 766|48 321 759
coronacion|k7/8/8/8/8/8/p6K/8 w - - 2 100|328 399 767|48 320 759
coronacion|k7/8/8/8/8/8/p5K1/8 b - - 3 100|329 399 767|48 320 758
coronacion|k7/8/8/4P3/8/5P2/1p6/2K5 w - - 0 63|21 36 322 393 760|49 320 412 429 762
coronacion|k7/8/8/4P3/8/5P2/1p6/3K4 b - - 1 63|21 36 323 393 760|49 320 412 429 763
coronacion|1k6/8/8/4P3/8/5P2/1p6/3K4 w - - 2 64|21 36 323 393 761|49 321 412 429 763
coronacion|1k6/8/8/4P3/8/5P2/1p6/4K3 b - - 3 64|18 35 323 398 766|49 321 412 429 764
coronacion|8/4P3/3K4/k7/5P2/8/8/8 b - - 0 75|29 52 363 736|344 396 421 723
coronacion|8/4P3/3K4/8/1k3P2/8/8/8 w - - 1 76|29 52 363 729|353 396 421 723
coronacion|8/4P3/8/4K3/1k3P2/8/8/8 b - - 2 76|26 51 355 734|353 396 421 732
coronacion|8/4P3/8/4K3/5P2/k7/8/8 w - - 3 77|26 51 355 727|360 396 421 732
coronacion|8/4P3/8/8/3K1P2/k7/8/8 b - - 4 77|29 52 347 720|360 396 421 739
coronacion|8/4P3/8/8/1k1K1P2/8/8/8 w - - 5 78|29 52 347 729|353 396 421 739
coronacion|8/4P3/8/8/1k3P2/3K4/8/8 b - - 6 78|29 52 339 729|353 396 421 747
coronacion|8/4P3/8/8/k4P2/3K4/8/8 w - - 7 79|29 52 339 728|352 396 421 747
coronacion|8/n7/8/7p/6p1/8/k1p5/7K w - - 0 81|320 397 409 416 503 719|31 38 50 72 368 767
coronacion|8/n7/8/7p/6p1/8/k1p4K/8 b - - 1 81|328 397 409 416 503 719|31 38 50 72 368 759
coronacion|8/n7/8/7p/6p1/k7/2p4K/8 w - - 2 82|328 397 409 416 503 727|31 38 50 72 360 759
coronacion|8/n7/8/7p/6p1/k7/2p3K1/8 b - - 3 82|329 397 409 416 503 727|31 38 50 72 360 758
coronacion|8/8/2n5/7p/6p1/k7/2p3K1/8 w - - 4 83|329 397 409 416 493 727|31 38 50 82 360 758
coronacion|8/8/2n5/7p/6p1/k7/2p5/5K2 b - - 5 83|322 397 409 416 493 727|31 38 50 82 360 765
coronacion|8/8/8/8/8/6p1/1k5p/3n2K1 w - - 0 99|321 392 401 452 718|46 55 123 369 766
coronacion|8/8/8/8/8/6p1/1k5p/3n1K2 b - - 1 99|322 392 401 452 718|46 55 123 369 765
coronacion|8/8/8/8/8/2k3p1/7p/3n1K2 w - - 2 100|322 392 401 452 725|46 55 123 362 765
coronacion|8/8/8/8/8/2k3p1/4K2p/3n4 b - - 3 100|331 392 401 452 725|46 55 123 362 756
coronacion|8/8/8/8/3k4/6p1/4K2p/3n4 w - - 4 101|331 392 401 452 732|46 55 123 355 756
coronacion|8/8/8/8/3k4/6p1/7p/3K4 b - - 0 101|323 399 406 731|46 55 355 763
coronacion|8/8/8/8/8/2k3p1/7p/3K4 w - - 1 102|323 399 406 722|46 55 362 763
coronacion|8/8/8/8/8/2k3p1/7p/4K3 b - - 2 102|323 392 401 725|46 55 362 764
coronacion|8/8/8/8/8/6p1/2k4p/4K3 w - - 3 103|323 392 401 717|46 55 370 764
coronacion|8/8/8/8/8/6p1/2k1K2p/8 b - - 4 103|331 392 401 717|46 55 370 756
coronacion|8/8/8/8/4K3/8/2k3p1/8 w - - 0 109|347 393 717|54 370 740
coronacion|8/8/8/8/5K2/8/2k3p1/8 b - - 1 109|346 393 717|54 370 741
coronacion|8/8/8/8/5K2/3k4/6p1/8 w - - 2 110|346 393 724|54 363 741
coronacion|8/8/8/8/8/3k2K1/6p1/8 b - - 3 110|337 393 724|54 363 750
coronacion|8/6P1/2k1K3/8/8/8/8/8 b - - 0 71|49 363 749|338 398 724
coronacion|8/6P1/4K3/1k6/8/8/8/8 w - - 1 72|49 363 742|345 398 724
coronacion|8/6P1/3K4/1k6/8/8/8/8 b - - 2 72|54 363 737|345 398 723
coronacion|8/6P1/3K4/8/k7/8/8/8 w - - 3 73|54 363 728|352 398 723
coronacion|8/2K3P1/8/8/k7/8/8/8 b - - 4 73|54 370 728|352 398 714
coronacion|8/2K3P1/8/8/8/1k6/8/8 w - - 5 74|54 370 721|361 398 714
coronacion|2K5/6P1/8/8/8/1k6/8/8 b - - 6 74|54 378 721|361 398 706
coronacion|2K5/6P1/8/8/8/2k5/8/8 w - - 7 75|54 378 722|362 398 706
coronacion|8/2K3P1/8/8/8/2k5/8/8 b - - 8 75|54 370 722|362 398 714
coronacion|8/2K3P1/8/8/8/8/1k6/8 w - - 9 76|54 370 713|369 398 714
coronacion|8/6P1/3K4/8/8/8/1k6/8 b - - 10 76|54 363 713|369 398 723
coronacion|8/6P1/3K4/8/8/8/8/k7 w - - 11 77|54 363 704|376 398 723
coronacion|8/2K3P1/8/8/8/8/8/k7 b - - 12 77|54 370 704|376 398 714
coronacion|8/1K4P1/8/8/8/8/1k6/8 b - - 14 78|54 369 713|369 398 713
coronacion|8/1K4P1/8/8/8/2k5/8/8 w - - 15 79|54 369 722|362 398 713
coronacion|8/8/4p2k/2nb2p1/8/3p3K/p7/8 w - - 0 51|336 399 404 417 427 485 548 744|19 25 44 55 93 156 336 744
coronacion|8/8/4p2k/2nb2p1/6K1/3p4/p7/8 b - - 1 51|345 399 404 417 427 485 548 744|19 25 44 55 93 156 336 737
coronacion|8/8/7k/2nbp1p1/6K1/3p4/p7/8 w - - 0 52|345 399 404 417 419 485 548 744|25 27 44 55 93 156 336 737
coronacion|8/8/7k/2nbp1p1/8/3p3K/p7/8 b - - 1 52|336 399 404 417 419 485 548 744|25 27 44 55 93 156 336 744
coronacion|8/8/2b4k/2n1p1p1/8/3p3K/p7/8 w - - 2 53|336 399 404 417 419 485 557 744|25 27 44 55 93 149 336 744
coronacion|8/8/2b4k/2n1p1p1/8/3p2K1/p7/8 b - - 3 53|337 399 404 417 419 485 557 744|25 27 44 55 93 149 336 745
coronacion|8/8/2b4k/4p1p1/8/1n1p2K1/p7/8 w - - 4 54|337 399 404 417 419 470 557 744|25 27 44 55 110 149 336 745
coronacion|8/8/2b4k/4p1p1/8/1n1p3K/p7/8 b - - 5 54|336 399 404 417 419 470 557 744|25 27 44 55 110 149 336 744
coronacion|8/7k/2b5/4p1p1/8/1n1p3K/p7/8 w - - 6 55|336 399 404 417 419 470 557 752|25 27 44 55 110 149 328 744
coronacion|8/7k/2b5/4p1p1/8/1n1p2K1/p7/8 b - - 7 55|337 399 404 417 419 470 557 752|25 27 44 55 110 149 328 745
coronacion|7k/8/2b5/4p1p1/8/1n1p2K1/p7/8 w - - 8 56|337 399 404 417 419 470 557 760|25 27 44 55 110 149 320 745
coronacion|7k/8/2b5/4p1p1/6K1/1n1p4/p7/8 b - - 9 56|345 399 404 417 419 470 557 760|25 27 44 55 110 149 320 737
coronacion|8/6k1/2b5/4p1p1/6K1/1n1p4/p7/8 w - - 10 57|345 399 404 417 419 470 557 753|25 27 44 55 110 149 329 737
coronacion|8/6k1/2b5/4pKp1/8/1n1p4/p7/8 b - - 11 57|354 399 404 417 419 470 557 753|25 27 44 55 110 149 329 730
coronacion|8/6k1/8/4pKp1/b7/1n1p4/p7/8 w - - 12 58|354 399 404 417 419 470 543 753|25 27 44 55 110 167 329 730
coronacion|8/6k1/8/4K1p1/b7/1n1p4/p7/8 b - - 0 58|355 399 404 417 470 543 753|25 44 55 110 167 329 731
coronacion|2K5/8/8/8/8/8/3k2p1/8 w - - 0 104|378 398 715|54 371 706
coronacion|8/1K6/8/8/8/8/3k2p1/8 b - - 1 104|369 398 715|54 371 713
coronacion|2K5/1P6/3k4/8/6p1/8/8/8 b - - 0 58|49 378 414 747|38 339 393 706
coronacion|2K5/1P6/3k4/8/8/6p1/8/8 w - - 0 59|49 378 406 747|46 339 393 706
coronacion|8/8/1K6/3k4/8/8/6p1/8 w - - 0 69|361 398 739|54 347 721
coronacion|8/1K6/8/3k4/8/8/6p1/8 b - - 1 69|369 398 739|54 347 713
coronacion|8/1K6/3k4/8/8/8/6p1/8 w - - 2 70|369 398 747|54 339 713
coronacion|8/K7/3k4/8/8/8/6p1/8 b - - 3 70|368 398 747|54 339 712
coronacion|8/K7/4k3/8/8/8/6p1/8 w - - 4 71|368 398 748|49 339 719
coronacion|K7/8/4k3/8/8/8/6p1/8 b - - 5 71|376 398 748|49 339 711
coronacion|K7/3k4/8/8/8/8/6p1/8 w - - 6 72|376 398 755|54 331 704
coronacion|8/1K1k4/8/8/8/8/6p1/8 b - - 7 72|369 398 755|54 331 713
coronacion|3k4/1K6/8/8/8/8/6p1/8 w - - 8 73|369 398 763|54 323 713
coronacion|3k4/8/2K5/8/8/8/6p1/8 b - - 9 73|362 398 763|54 323 722
coronacion|B7/4K3/8/4bP2/k7/3P4/2p5/8 w - - 0 54|20 34 191 371 397 547 735|50 156 352 413 427 512 716
coronacion|8/4K3/8/3BbP2/k7/3P4/2p5/8 b - - 1 54|20 34 164 371 397 547 735|50 156 352 413 427 539 716
coronacion|8/4K3/8/3BbP2/8/k2P4/2p5/8 w - - 2 55|20 34 164 371 397 547 727|50 156 360 413 427 539 716
coronacion|8/4KB2/8/4bP2/8/k2P4/2p5/8 b - - 3 55|20 34 178 371 397 547 727|50 156 360 413 427 525 716
coronacion|8/4KBb1/8/5P2/8/k2P4/2p5/8 w - - 4 56|20 34 178 371 397 561 727|50 142 360 413 427 525 716
coronacion|8/4K1b1/8/5P1B/8/k2P4/2p5/8 b - - 5 56|20 34 160 371 397 561 727|50 142 360 413 427 543 716
coronacion|8/4K1b1/8/5P1B/8/3P4/1kp5/8 w - - 6 57|20 34 160 371 397 561 718|50 142 369 413 427 543 716
coronacion|8/5Kb1/8/5P1B/8/3P4/1kp5/8 b - - 7 57|20 34 160 370 397 561 718|50 142 369 413 427 543 717
coronacion|8/5Kb1/8/5P1B/8/1k1P4/2p5/8 w - - 8 58|20 34 160 370 397 561 726|50 142 361 413 427 543 717
coronacion|8/5Kb1/8/5P2/8/1k1P1B2/2p5/8 b - - 9 58|20 34 146 370 397 561 726|50 142 361 413 427 557 717
coronacion|8/5K2/5b2/5P2/8/1k1P1B2/2p5/8 w - - 10 59|20 34 146 370 397 554 726|50 149 361 413 427 557 717
coronacion|8/8/5K2/5P2/8/1k1P1B2/2p5/8 b - - 0 59|20 34 146 362 397 726|50 361 413 427 557 725
coronacion|8/8/5K2/5P2/8/2kP1B2/2p5/8 w - - 1 60|20 34 146 362 397 725|50 362 413 427 557 725
coronacion|8/8/5K2/5P2/8/2kP4/2p5/7B b - - 2 60|20 34 128 362 397 725|50 362 413 427 575 725
coronacion|8/8/5K2/5P2/8/3k4/2p5/7B w - - 0 61|34 128 362 397 724|50 363 413 575 725
coronacion|8/8/5K2/5P2/8/3k4/2p3B1/8 b - - 1 61|34 137 362 397 724|50 363 413 566 725
coronacion|3rk3/P7/3p4/1n6/6p1/5n2/4K3/8 b - - 0 46|55 331 409 428 466 486 636 763|20 33 94 106 196 323 399 755
coronacion|k7/8/1n6/8/8/8/3p2K1/8 w - - 0 119|329 396 494 767|51 81 320 758
coronacion|k7/8/1n6/8/8/6K1/3p4/8 b - - 1 119|337 396 494 767|51 81 320 750
coronacion|k7/8/8/8/n7/6K1/3p4/8 w - - 2 120|337 396 479 767|51 96 320 750
coronacion|k7/8/8/8/n6K/8/3p4/8 b - - 3 120|344 396 479 767|51 96 320 743
coronacion|BR6/6k1/8/2N4p/4P3/P7/P4p2/7K w - - 0 30|15 23 27 101 191 254 320 394 416 753|24 50 329 419 431 439 477 519 582 760
coronacion|B6R/6k1/8/2N4p/4P3/P7/P4p2/7K b - - 1 30|15 23 27 101 191 248 320 394 416 753|24 50 329 419 431 439 477 519 576 760
coronacion|B6k/8/8/2N4p/4P3/P7/P4p2/7K w - - 0 31|15 23 27 101 191 320 394 416 760|24 50 320 419 431 439 477 519 760
coronacion|B6k/8/8/2N4p/P3P3/8/P4p2/7K b - - 0 31|15 27 31 101 191 320 394 416 760|24 50 320 419 423 439 477 519 760
coronacion|B7/7k/8/2N4p/P3P3/8/P4p2/7K w - - 1 32|15 27 31 101 191 320 394 416 752|24 50 328 419 423 439 477 519 760
coronacion|B7/7k/8/P1N4p/4P3/8/P4p2/7K b - - 0 32|15 27 39 101 191 320 394 416 752|24 50 328 415 419 439 477 519 760
coronacion|B7/8/7k/P1N4p/4P3/8/P4p2/7K w - - 1 33|15 27 39 101 191 320 394 416 744|24 50 336 415 419 439 477 519 760
coronacion|B7/8/4N2k/P6p/4P3/8/P4p2/7K b - - 2 33|15 27 39 107 191 320 394 416 744|24 50 336 415 419 439 467 519 760
coronacion|5k2/4P3/8/P6B/8/8/P7/7K b - - 0 44|15 39 51 160 320 762|322 395 415 439 536 760
coronacion|8/P7/2k5/8/8/8/8/2K2B2 b - - 0 72|48 133 322 746|338 392 573 762
coronacion|8/P7/8/3k4/8/8/8/2K2B2 w - - 1 73|48 133 322 739|347 392 573 762
coronacion|3k4/8/6pp/8/8/7K/2p5/3r4 w - - 0 44|336 397 424 425 580 764|22 23 50 251 323 751
coronacion|3k4/8/6pp/8/7K/8/2p5/3r4 b - - 1 44|344 397 424 425 580 764|22 23 50 251 323 743
coronacion|3k4/3r4/6pp/8/7K/8/2p5/8 w - - 2 45|344 397 424 425 628 764|22 23 50 203 323 743
coronacion|3k4/3r4/6pp/8/6K1/8/2p5/8 b - - 3 45|345 397 424 425 628 764|22 23 50 203 323 742
coronacion|2k5/3r4/6pp/8/6K1/8/2p5/8 w - - 4 46|345 397 424 425 628 765|22 23 50 203 322 742
coronacion|2k5/3r4/6pp/8/8/5K2/2p5/8 b - - 5 46|338 397 424 425 628 765|22 23 50 203 322 749
coronacion|3k4/3r4/6pp/8/8/5K2/2p5/8 w - - 6 47|338 397 424 425 628 764|22 23 50 203 323 749
coronacion|3k4/r7/6pp/8/6K1/8/2p5/8 w - - 8 48|345 397 424 425 631 764|22 23 50 200 323 742
coronacion|3k4/r7/6pp/8/8/7K/2p5/8 b - - 9 48|336 397 424 425 631 764|22 23 50 200 323 751
coronacion|3k4/3r4/6pp/8/8/7K/2p5/8 w - - 10 49|336 397 424 425 628 764|22 23 50 203 323 751
coronacion|3k4/8/6pp/3r4/6K1/8/2p5/8 w - - 12 50|345 397 424 425 612 764|22 23 50 219 323 742
coronacion|3k4/8/6pp/3r4/8/5K2/2p5/8 b - - 13 50|338 397 424 425 612 764|22 23 50 219 323 749
coronacion|8/3k4/6pp/3r4/8/5K2/2p5/8 w - - 14 51|338 397 424 425 612 756|22 23 50 219 331 749
coronacion|8/3k4/6pp/3r4/8/6K1/2p5/8 b - - 15 51|337 397 424 425 612 756|22 23 50 219 331 750
coronacion|8/3k4/7p/3r2p1/8/6K1/2p5/8 w - - 0 52|337 397 417 424 612 756|23 30 50 219 331 750
coronacion|8/3k4/7p/3r2p1/6K1/8/2p5/8 b - - 1 52|345 397 417 424 612 756|23 30 50 219 331 742
coronacion|8/3k4/7p/6p1/6K1/3r4/2p5/8 w - - 2 53|345 397 417 424 596 756|23 30 50 235 331 742
coronacion|8/3k4/7p/6pK/8/3r4/2p5/8 b - - 3 53|352 397 417 424 596 756|23 30 50 235 331 735
coronacion|3k4/8/7p/6pK/8/3r4/2p5/8 w - - 4 54|352 397 417 424 596 764|23 30 50 235 323 735
coronacion|3k4/8/7p/6p1/6K1/3r4/2p5/8 b - - 5 54|345 397 417 424 596 764|23 30 50 235 323 742
coronacion|5B2/6K1/3NR3/p7/8/6k1/P2p4/8 w - - 0 50|15 108 186 235 369 396 423 721|31 52 361 439 468 514 595 713
coronacion|5B2/5NK1/4R3/p7/8/6k1/P2p4/8 b - - 1 50|15 114 186 235 369 396 423 721|31 52 361 439 458 514 595 713
coronacion|8/7P/1N6/5kP1/8/8/8/5K2 b - - 0 91|33 48 110 322 738|346 392 409 470 762
coronacion|8/7P/1N6/6P1/5k2/8/8/5K2 w - - 1 92|33 48 110 322 730|354 392 409 470 762
coronacion|8/7P/8/6P1/2N2k2/8/8/5K2 b - - 2 92|33 48 93 322 730|354 392 409 485 762
coronacion|8/7P/8/6k1/2N5/8/8/5K2 w - - 0 93|48 93 322 737|345 392 485 762
coronacion|8/7P/8/6k1/8/N7/8/5K2 b - - 1 93|48 87 322 737|345 392 495 762
coronacion|8/7P/5k2/8/8/N7/8/5K2 w - - 2 94|48 87 322 746|338 392 495 762
coronacion|8/7P/5k2/8/8/N7/5K2/8 b - - 3 94|48 87 330 746|338 392 495 754
coronacion|8/7P/8/4k3/8/N7/5K2/8 w - - 4 95|48 87 330 739|347 392 495 754
coronacion|8/8/4k1p1/3p2P1/P7/8/2N1p3/5K2 w - - 0 44|31 33 77 322 395 420 425 747|17 28 51 339 409 423 501 762
coronacion|8/P7/6p1/6P1/2k5/8/5K2/8 b - - 0 65|33 55 330 425 733|22 354 392 414 757
coronacion|8/P7/6p1/3k2P1/8/8/5K2/8 w - - 1 66|33 55 330 425 740|22 347 392 414 757
coronacion|8/P7/6p1/3k2P1/8/8/4K3/8 b - - 2 66|33 55 331 425 740|22 347 392 414 756
coronacion|8/P7/2k3p1/6P1/8/8/4K3/8 w - - 3 67|33 55 331 425 749|22 338 392 414 756
coronacion|8/P7/2k3p1/6P1/8/5K2/8/8 b - - 4 67|33 55 338 425 749|22 338 392 414 749
coronacion|8/P7/6p1/3k2P1/8/5K2/8/8 w - - 5 68|33 55 338 425 740|22 347 392 414 749
coronacion|1nb2k2/r7/8/pB6/8/5P2/P1Pp2P1/3QK3 w - - 0 20|9 13 15 18 166 260 323 396 423 510 573 631 762|31 52 70 133 207 322 426 433 437 439 542 700 763
coronacion|5k2/8/8/8/2P5/8/p2K4/8 w - - 0 36|26 331 392 765|55 322 421 756
coronacion|5k2/8/8/8/2P5/8/p3K3/8 b - - 1 36|29 331 399 762|55 322 421 755
coronacion|6k1/8/8/8/2P5/8/p3K3/8 w - - 2 37|29 331 399 761|55 321 421 755
coronacion|6k1/8/8/8/2P5/8/p7/4K3 b - - 3 37|29 323 399 761|55 321 421 763
coronacion|8/6k1/8/8/2P5/8/p7/4K3 w - - 4 38|29 323 399 753|55 329 421 763
coronacion|8/6k1/8/8/2P5/8/p7/5K2 b - - 5 38|29 322 399 753|55 329 421 762
coronacion|5k2/8/8/8/2P5/8/p7/5K2 w - - 6 39|29 322 399 762|55 322 421 762
coronacion|8/7P/1p3k2/8/2K2n2/4p3/8/8 b - - 0 47|55 346 404 425 477 749|22 43 98 338 392 741
coronacion|8/7P/1p3k2/7n/2K5/4p3/8/8 w - - 1 48|55 346 404 425 487 749|22 43 88 338 392 741
coronacion|8/8/8/5k2/8/B7/1p1K4/8 w - - 0 73|144 331 393 741|54 346 559 756
coronacion|1n4n1/3pP2p/1pk5/8/2p4K/8/8/8 b - - 0 38|51 344 413 430 432 436 505 510 749|11 15 17 34 65 70 338 396 743
coronacion|1n4n1/4P2p/1pk5/3p4/2p3K1/8/8/8 b - - 1 39|51 345 413 420 430 432 505 510 749|15 17 27 34 65 70 338 396 742
coronacion|1n4n1/4P2p/2k5/1p1p4/2p3K1/8/8/8 w - - 0 40|51 345 413 420 422 432 505 510 749|15 25 27 34 65 70 338 396 742
coronacion|1n4n1/4P2p/2k5/1p1p4/2p5/7K/8/8 b - - 1 40|51 336 413 420 422 432 505 510 749|15 25 27 34 65 70 338 396 751
coronacion|1n4n1/4P2p/2k5/3p4/1pp5/7K/8/8 w - - 0 41|51 336 413 414 420 432 505 510 749|15 27 33 34 65 70 338 396 751
coronacion|1n4n1/4P2p/2k5/3p4/1pp3K1/8/8/8 b - - 1 41|51 345 413 414 420 432 505 510 749|15 27 33 34 65 70 338 396 742
coronacion|2K5/8/1k6/2n5/1p1p4/1n6/2p5/8 w - - 0 62|378 394 409 411 465 482 745|33 35 50 90 105 337 706
coronacion|1K6/8/1k6/2n5/1p1p4/1n6/2p5/8 b - - 1 62|377 394 409 411 465 482 745|33 35 50 90 105 337 705
coronacion|1K6/8/k7/2n5/1p1p4/1n6/2p5/8 w - - 2 63|377 394 409 411 465 482 744|33 35 50 90 105 336 705
coronacion|2K5/8/k7/2n5/1p1p4/1n6/2p5/8 b - - 3 63|378 394 409 411 465 482 744|33 35 50 90 105 336 706
coronacion|2K5/8/k7/2n5/1p1p4/8/2p5/2n5 w - - 4 64|378 394 409 411 450 482 744|33 35 50 90 122 336 706
coronacion|3K4/8/k7/2n5/1p1p4/8/2p5/2n5 b - - 5 64|379 394 409 411 450 482 744|33 35 50 90 122 336 707
coronacion|3K4/3n4/k7/8/1p1p4/8/2p5/2n5 w - - 6 65|379 394 409 411 450 499 744|33 35 50 75 122 336 707
coronacion|8/3K4/k7/8/1p1p4/8/2p5/2n5 b - - 0 65|371 394 409 411 450 744|33 35 50 122 336 715
coronacion|8/3K4/8/k7/1p1p4/8/2p5/2n5 w - - 1 66|371 394 409 411 450 736|33 35 50 122 344 715
coronacion|4K3/8/8/k7/1p1p4/8/2p5/2n5 b - - 2 66|379 397 412 414 453 743|33 35 50 122 344 708
coronacion|4K3/8/8/k7/3p4/1p6/2p5/2n5 w - - 0 67|379 397 406 412 453 743|35 41 50 122 344 708
coronacion|8/3K4/8/k7/3p4/1p6/2p5/2n5 b - - 1 67|371 394 401 411 450 736|35 41 50 122 344 715
coronacion|8/3K4/8/k7/3p4/1p6/2p1n3/8 w - - 2 68|371 394 401 411 460 736|35 41 50 116 344 715
coronacion|4K3/8/8/k7/3p4/1p6/2p1n3/8 b - - 3 68|379 397 406 412 459 743|35 41 50 116 344 708
coronacion|8/6K1/8/k7/8/3p4/1p2n3/4q3 w - - 0 76|369 398 404 459 643 743|43 49 116 316 344 718
coronacion|8/5K2/8/k7/8/3p4/1p2n3/4q3 b - - 1 76|370 398 404 459 643 743|43 49 116 316 344 717
coronacion|8/5K2/8/k7/8/3p4/1p2nq2/8 w - - 2 77|370 398 404 459 650 743|43 49 116 309 344 717
coronacion|8/6K1/8/k7/8/3p4/1p2nq2/8 b - - 3 77|369 398 404 459 650 743|43 49 116 309 344 718
coronacion|8/6K1/8/k7/5n2/3p4/1p3q2/8 w - - 4 78|369 398 404 474 650 743|43 49 101 309 344 718
coronacion|8/8/7K/k7/5n2/3p4/1p3q2/8 b - - 5 78|360 398 404 474 650 743|43 49 101 309 344 727
coronacion|8/8/7K/k7/5n2/3p4/1p6/4q3 w - - 6 79|360 398 404 474 643 743|43 49 101 316 344 727
coronacion|8/6K1/8/k7/5n2/3p4/1p6/4q3 b - - 7 79|369 398 404 474 643 743|43 49 101 316 344 718
coronacion|8/6K1/8/k7/5n2/3p4/1p1q4/8 w - - 8 80|369 398 404 474 652 743|43 49 101 307 344 718
coronacion|5K2/8/8/k7/5n2/3p4/1p1q4/8 b - - 9 80|378 398 404 474 652 743|43 49 101 307 344 709
coronacion|5K2/8/1k6/8/5n2/3p4/1p1q4/8 w - - 10 81|378 398 404 474 652 750|43 49 101 307 337 709
coronacion|8/6K1/1k6/8/5n2/3p4/1p1q4/8 b - - 11 81|369 398 404 474 652 750|43 49 101 307 337 718
coronacion|8/6K1/1k6/8/1q3n2/3p4/1p6/8 w - - 12 82|369 398 404 474 670 750|43 49 101 289 337 718
coronacion|8/8/1k3K2/8/1q3n2/3p4/1p6/8 b - - 13 82|362 398 404 474 670 750|43 49 101 289 337 725
coronacion|8/8/1k3K2/1q6/5n2/3p4/1p6/8 w - - 14 83|362 398 404 474 678 750|43 49 101 281 337 725
coronacion|8/5K2/1k6/1q6/5n2/3p4/1p6/8 b - - 15 83|370 398 404 474 678 750|43 49 101 281 337 717
coronacion|8/2k2K2/8/1q6/5n2/3p4/1p6/8 w - - 16 84|370 398 404 474 678 757|43 49 101 281 330 717
coronacion|6K1/2k5/8/1q6/5n2/3p4/1p6/8 b - - 17 84|377 398 404 474 678 757|43 49 101 281 330 710
coronacion|6K1/2k5/4n3/1q6/8/3p4/1p6/8 w - - 18 85|377 398 404 491 678 757|43 49 84 281 330 710
coronacion|7K/2k5/4n3/1q6/8/3p4/1p6/8 b - - 19 85|376 398 404 491 678 757|43 49 84 281 330 711
coronacion|1k5K/8/4n3/1q6/8/3p4/1p6/8 w - - 20 86|376 398 404 491 678 766|43 49 84 281 321 711
coronacion|1k4K1/8/4n3/1q6/8/3p4/1p6/8 b - - 21 86|377 398 404 491 678 766|43 49 84 281 321 710
coronacion|1k4K1/8/4n3/5q2/8/3p4/1p6/8 w - - 22 87|377 398 404 491 674 766|43 49 84 285 321 710
coronacion|1k5K/8/4n3/5q2/8/3p4/1p6/8 b - - 23 87|376 398 404 491 674 766|43 49 84 285 321 711
coronacion|1k5K/8/8/5qn1/8/3p4/1p6/8 w - - 24 88|376 398 404 481 674 766|43 49 94 285 321 711
coronacion|1k4K1/8/8/5qn1/8/3p4/1p6/8 b - - 25 88|377 398 404 481 674 766|43 49 94 285 321 710
coronacion|1k4K1/8/8/5q2/4n3/3p4/1p6/8 w - - 26 89|377 398 404 475 674 766|43 49 100 285 321 710
coronacion|1k5K/8/8/5q2/4n3/3p4/1p6/8 b - - 27 89|376 398 404 475 674 766|43 49 100 285 321 711
coronacion|3k4/1n6/6K1/8/8/1q6/q2p4/8 w - - 0 100|361 396 502 655 662 764|51 73 297 304 323 726
coronacion|3k4/1n6/8/6K1/8/1q6/q2p4/8 b - - 1 100|353 396 502 655 662 764|51 73 297 304 323 734
coronacion|3k4/1n6/8/6K1/8/q7/q2p4/8 w - - 2 101|353 396 502 655 663 764|51 73 296 304 323 734
coronacion|3k4/1n6/8/7K/8/q7/q2p4/8 b - - 3 101|352 396 502 655 663 764|51 73 296 304 323 735
coronacion|3k4/1n6/8/7K/1q6/8/q2p4/8 w - - 4 102|352 396 502 655 670 764|51 73 289 304 323 735
coronacion|3k4/1n6/6K1/8/1q6/8/q2p4/8 b - - 5 102|361 396 502 655 670 764|51 73 289 304 323 726
coronacion|3k4/1n6/6K1/8/5q2/8/q2p4/8 w - - 6 103|361 396 502 655 666 764|51 73 293 304 323 726
coronacion|3k4/1n5K/8/8/5q2/8/q2p4/8 b - - 7 103|368 396 502 655 666 764|51 73 293 304 323 719
coronacion|3k4/1n5K/8/8/5q2/q7/3p4/8 w - - 8 104|368 396 502 663 666 764|51 73 293 296 323 719
coronacion|3k3K/1n6/8/8/5q2/q7/3p4/8 b - - 9 104|376 396 502 663 666 764|51 73 293 296 323 711
coronacion|3k3K/1n6/8/8/5q2/8/3p4/2q5 w - - 10 105|376 396 502 645 666 764|51 73 293 314 323 711
coronacion|3k4/1n5K/8/8/5q2/8/3p4/2q5 b - - 11 105|368 396 502 645 666 764|51 73 293 314 323 719
coronacion|3k4/1n5K/8/8/7q/8/3p4/2q5 w - - 12 106|368 396 502 645 664 764|51 73 295 314 323 719
coronacion|3k4/1n6/6K1/8/7q/8/3p4/2q5 b - - 13 106|361 396 502 645 664 764|51 73 295 314 323 726
coronacion|3k4/1n6/6K1/6q1/8/8/3p4/2q5 w - - 14 107|361 396 502 645 673 764|51 73 286 314 323 726
coronacion|3k4/1n3K2/8/6q1/8/8/3p4/2q5 b - - 15 107|370 396 502 645 673 764|51 73 286 314 323 717
coronacion|3k4/1n3K2/8/8/5q2/8/3p4/2q5 w - - 16 108|370 396 502 645 666 764|51 73 293 314 323 717
coronacion|3k2K1/1n6/8/8/5q2/8/3p4/2q5 b - - 17 108|377 396 502 645 666 764|51 73 293 314 323 710
coronacion|3k2K1/1n6/3q4/8/8/8/3p4/2q5 w - - 18 109|377 396 502 645 684 764|51 73 275 314 323 710
coronacion|3k4/1n4K1/3q4/8/8/8/3p4/2q5 b - - 19 109|369 396 502 645 684 764|51 73 275 314 323 718
coronacion|3k4/1n4K1/2qq4/8/8/8/3p4/8 w - - 20 110|369 396 502 684 685 764|51 73 274 275 323 718
coronacion|3k3K/1n6/2qq4/8/8/8/3p4/8 b - - 21 110|376 396 502 684 685 764|51 73 274 275 323 711
coronacion|3k3K/1n6/3q4/8/8/5q2/3p4/8 w - - 22 111|376 396 502 658 684 764|51 73 275 301 323 711
coronacion|3k4/1n5K/3q4/8/8/5q2/3p4/8 b - - 23 111|368 396 502 658 684 764|51 73 275 301 323 719
coronacion|3k4/1n5K/3q4/8/8/8/3pq3/8 w - - 24 112|368 396 502 651 684 764|51 73 275 308 323 719
coronacion|3k3K/1n6/3q4/8/8/8/3pq3/8 b - - 25 112|376 396 502 651 684 764|51 73 275 308 323 711
coronacion|3k3K/1n6/3q4/8/2q5/8/3p4/8 w - - 26 113|376 396 502 669 684 764|51 73 275 290 323 711
coronacion|3k4/1n5K/3q4/8/2q5/8/3p4/8 b - - 27 113|368 396 502 669 684 764|51 73 275 290 323 719
coronacion|8/8/p4p2/2r2k2/8/8/1K5p/8 w - - 0 49|329 399 424 429 610 741|18 23 48 221 346 758
coronacion|8/8/p4p2/2r2k2/8/8/7p/1K6 b - - 1 49|321 399 424 429 610 741|18 23 48 221 346 766
coronacion|8/8/p4p2/2r3k1/8/8/7p/1K6 w - - 2 50|321 399 424 429 610 742|18 23 48 221 345 766
coronacion|8/8/p4p2/2r3k1/8/8/7p/K7 b - - 3 50|320 399 424 429 610 742|18 23 48 221 345 767
coronacion|8/8/2k5/6K1/8/1n6/p7/8 w - - 0 102|353 399 470 749|48 105 338 734
coronacion|8/8/2k3K1/8/8/1n6/p7/8 b - - 1 102|361 399 470 749|48 105 338 726
coronacion|8/1k6/8/5p2/8/8/7p/4K3 w - - 0 71|323 392 418 758|29 55 329 764
coronacion|8/1k6/8/5p2/8/8/4K2p/8 b - - 1 71|331 392 418 758|29 55 329 756
coronacion|8/1P6/8/1k6/N3P1P1/8/1K6/8 b - - 0 49|28 30 49 88 329 737|345 393 420 422 480 753
coronacion|8/1P6/8/8/k3P1P1/8/1K6/8 w - - 0 50|28 30 49 329 728|352 393 420 422 753
coronacion|8/1P6/8/8/k3P1P1/8/2K5/8 b - - 1 50|28 30 49 330 728|352 393 420 422 754
coronacion|8/1P6/8/8/4P1P1/k7/2K5/8 w - - 2 51|28 30 49 330 720|360 393 420 422 754
coronacion|8/N5P1/4P2k/1K6/8/8/8/8 b - - 0 76|44 54 112 353 751|336 393 403 463 734
coronacion|8/N5P1/4P3/1K5k/8/8/8/8 w - - 1 77|44 54 112 353 743|344 393 403 463 734
coronacion|8/N5P1/4P3/7k/K7/8/8/8 b - - 2 77|44 54 112 344 743|344 393 403 463 743
coronacion|8/N5P1/4P3/8/K6k/8/8/8 w - - 3 78|44 54 112 344 735|352 393 403 463 743
coronacion|8/N3P3/8/8/K7/4k3/8/2R5 b - - 0 100|52 112 194 344 724|363 395 463 637 743
coronacion|8/N3P3/8/8/K3k3/8/8/2R5 w - - 1 101|52 112 194 344 732|355 395 463 637 743
coronacion|8/N3P3/8/8/K3k3/8/8/4R3 b - - 2 101|52 112 196 344 732|355 395 463 635 743
coronacion|8/N3P3/8/5k2/K7/8/8/4R3 w - - 3 102|52 112 196 344 741|346 395 463 635 743
coronacion|8/N3P3/8/5k2/K7/8/8/6R1 b - - 4 102|52 112 198 344 741|346 395 463 633 743
coronacion|8/N3P3/8/8/K3k3/8/8/6R1 w - - 5 103|52 112 198 344 732|355 395 463 633 743
coronacion|8/N3P3/8/8/K3k3/8/6R1/8 b - - 6 103|52 112 206 344 732|355 395 463 625 743
coronacion|8/N3P3/8/8/K2k4/8/6R1/8 w - - 7 104|52 112 206 344 731|355 396 456 630 736
coronacion|r5k1/2P4p/5p2/p7/4K3/8/5r2/7n b - - 0 31|53 347 423 426 432 448 586 639 761|8 18 31 120 199 242 321 397 739
coronacion|6k1/2P4p/r4p2/p7/4K3/8/5r2/7n w - - 1 32|53 347 423 426 432 448 586 623 761|8 18 31 120 215 242 321 397 739
coronacion|8/P6k/8/8/8/7B/6K1/8 b - - 0 77|55 144 329 752|328 399 552 753
coronacion|8/P7/6k1/8/8/7B/6K1/8 w - - 1 78|55 144 329 745|337 399 552 753
coronacion|8/P7/6k1/8/8/5K1B/8/8 b - - 2 78|55 144 338 745|337 399 552 746
coronacion|8/P4k2/8/8/8/5K1B/8/8 w - - 3 79|55 144 338 754|330 399 552 746
coronacion|6k1/5n2/8/3P4/P7/4N2P/2PK2p1/8 w - - 0 40|10 23 24 35 84 331 398 501 766|49 74 321 412 423 424 437 491 756
coronacion|6k1/5n2/8/3P1N2/P7/7P/2PK2p1/8 b - - 1 40|10 23 24 35 101 331 398 501 766|49 74 321 412 423 424 437 474 756
coronacion|8/P7/8/8/k7/8/8/5K2 b - - 0 77|55 322 735|352 392 765
coronacion|8/P7/8/8/1k6/8/8/5K2 w - - 1 78|55 322 734|353 392 765
coronacion|8/P7/8/8/1k6/8/8/4K3 b - - 2 78|55 323 734|353 392 764
coronacion|8/P7/8/1k6/8/8/8/4K3 w - - 3 79|55 323 742|345 392 764
coronacion|8/P7/8/1k6/8/8/5K2/8 b - - 4 79|55 330 742|345 392 757
coronacion|8/P7/8/8/2k5/8/5K2/8 w - - 5 80|55 330 733|354 392 757
coronacion|4K3/k4P2/8/1p5P/8/8/8/8 b - - 0 50|32 50 379 422 759|25 328 397 415 708
coronacion|4K3/5P2/k7/1p5P/8/8/8/8 w - - 1 51|32 50 379 422 751|25 336 397 415 708
coronacion|8/4K2P/8/8/8/8/5R2/6k1 b - - 0 89|48 202 371 705|377 392 626 715
coronacion|8/4K2P/8/8/8/8/5R2/7k w - - 1 90|48 202 371 704|376 392 626 715
coronacion|8/5K1P/8/8/8/8/5R2/7k b - - 2 90|48 202 370 704|376 392 626 714
coronacion|8/5K1P/8/8/8/8/5R2/6k1 w - - 3 91|48 202 370 705|377 392 626 714
coronacion|8/5K1P/8/8/8/8/R7/6k1 b - - 4 91|48 207 370 705|377 392 631 714
coronacion|8/5K1P/8/8/8/8/R7/5k2 w - - 5 92|48 207 370 706|378 392 631 714
coronacion|8/5K1P/8/8/8/8/8/R4k2 b - - 6 92|48 199 370 706|378 392 639 714
coronacion|8/5K1P/8/8/8/8/5k2/R7 w - - 7 93|48 199 370 714|370 392 639 714
coronacion|8/5K1P/8/8/8/8/5k2/7R b - - 8 93|48 192 370 714|370 392 632 714
coronacion|8/5K1P/8/8/8/6k1/8/7R w - - 9 94|48 192 370 721|361 392 632 714
coronacion|8/7P/6K1/8/8/6k1/8/7R b - - 10 94|48 192 361 721|361 392 632 721
coronacion|8/7P/6K1/8/6k1/8/8/7R w - - 11 95|48 192 361 729|353 392 632 721
coronacion|8/7P/6K1/8/6k1/8/8/6R1 b - - 12 95|48 193 361 729|353 392 633 721
coronacion|8/7P/6K1/8/7k/8/8/6R1 w - - 13 96|48 193 361 728|352 392 633 721
coronacion|8/7P/6K1/8/7k/8/6R1/8 b - - 14 96|48 201 361 728|352 392 625 721
coronacion|8/7P/6K1/8/8/7k/6R1/8 w - - 15 97|48 201 361 720|360 392 625 721
coronacion|8/7P/6K1/8/8/7k/3R4/8 b - - 16 97|48 204 361 720|360 392 628 721
coronacion|8/7P/6K1/8/6k1/8/3R4/8 w - - 17 98|48 204 361 729|353 392 628 721
coronacion|8/7P/3R2K1/8/6k1/8/8/8 b - - 18 98|48 236 361 729|353 392 596 721
coronacion|8/7P/3R2K1/8/8/7k/8/8 w - - 19 99|48 236 361 720|360 392 596 721
coronacion|8/7P/R5K1/8/8/7k/8/8 b - - 20 99|48 239 361 720|360 392 599 721
coronacion|8/7P/R5K1/8/8/8/6k1/8 w - - 21 100|48 239 361 713|369 392 599 721
coronacion|8/6KP/R7/8/8/8/6k1/8 b - - 22 100|48 239 369 713|369 392 599 713
coronacion|8/6KP/R7/8/8/5k2/8/8 w - - 23 101|48 239 369 722|362 392 599 713
coronacion|8/8/8/3k4/1K6/8/7p/8 w - - 0 55|345 399 739|55 347 737
coronacion|8/8/8/K2k4/8/8/7p/8 b - - 1 55|352 399 739|55 347 728
coronacion|8/8/8/K7/4k3/8/7p/8 w - - 2 56|352 399 732|48 355 735
coronacion|8/8/8/1K6/4k3/8/7p/8 b - - 3 56|353 399 732|48 355 734
coronacion|7k/1p6/8/8/5n2/2p2K2/p7/8 w - - 0 37|338 399 405 438 474 760|14 45 55 98 320 746
coronacion|7k/1p6/8/8/5K2/2p5/p7/8 b - - 0 37|346 399 405 438 760|14 45 55 320 738
coronacion|7k/8/8/1p6/4K3/2p5/p7/8 b - - 1 38|347 399 405 422 760|30 45 55 320 739
coronacion|7k/8/8/8/1p2K3/2p5/p7/8 w - - 0 39|347 399 405 414 760|38 45 55 320 739
coronacion|7k/8/8/8/1p6/2pK4/p7/8 b - - 1 39|339 392 402 409 767|38 45 55 320 748
coronacion|6k1/8/8/8/1p6/2pK4/p7/8 w - - 2 40|339 392 402 409 766|38 45 55 321 748
coronacion|6k1/8/8/8/1p6/2p5/p1K5/8 b - - 3 40|330 392 402 409 766|38 45 55 321 757
coronacion|8/7k/8/3K4/1p6/8/2p5/8 w - - 0 46|355 394 409 759|38 53 328 732
coronacion|8/7k/3K4/8/1p6/8/2p5/8 b - - 1 46|363 394 409 759|38 53 328 724
coronacion|5B2/3k2P1/8/3P3P/8/8/8/N6K b - - 0 83|32 36 49 71 186 320 756|331 398 411 415 504 517 767
coronacion|3k1B2/6P1/8/3P3P/8/8/8/N6K w - - 1 84|32 36 49 71 186 320 764|323 398 411 415 504 517 767
coronacion|3k1B2/6P1/8/3P3P/8/8/2N5/7K b - - 2 84|32 36 49 77 186 320 764|323 398 411 415 498 517 767
coronacion|5B2/3k2P1/8/3P3P/8/8/2N5/7K w - - 3 85|32 36 49 77 186 320 756|331 398 411 415 498 517 767
coronacion|5B2/3k2P1/8/3P3P/8/N7/8/7K b - - 4 85|32 36 49 87 186 320 756|331 398 411 415 488 517 767
coronacion|3k1B2/6P1/8/3P3P/8/N7/8/7K w - - 5 86|32 36 49 87 186 320 764|323 398 411 415 488 517 767
coronacion|3k1B2/6P1/8/3P3P/8/8/8/1N5K b - - 6 86|32 36 49 70 186 320 764|323 398 411 415 505 517 767
coronacion|5B2/3k2P1/8/3P3P/8/8/8/1N5K w - - 7 87|32 36 49 70 186 320 756|331 398 411 415 505 517 767
coronacion|5B2/3k2P1/8/3P3P/8/8/8/1N4K1 b - - 8 87|32 36 49 70 186 321 756|331 398 411 415 505 517 766
coronacion|4kB2/6P1/8/3P3P/8/8/8/1N4K1 w - - 9 88|32 36 49 70 186 321 763|323 393 408 412 510 514 761
coronacion|4kB2/6P1/8/3P3P/8/8/7K/1N6 b - - 10 88|32 36 49 70 186 328 763|323 393 408 412 510 514 752
coronacion|5B2/3k2P1/8/3P3P/8/8/7K/1N6 w - - 11 89|32 36 49 70 186 328 756|331 398 411 415 505 517 759
coronacion|8/3k2P1/8/2BP3P/8/8/7K/1N6 b - - 12 89|32 36 49 70 165 328 756|331 398 411 415 505 538 759
coronacion|3k4/6P1/8/2BP3P/8/8/7K/1N6 w - - 13 90|32 36 49 70 165 328 764|323 398 411 415 505 538 759
coronacion|3k4/4B1P1/8/3P3P/8/8/7K/1N6 b - - 14 90|32 36 49 70 179 328 764|323 398 411 415 505 524 759
coronacion|4k3/4B1P1/8/3P3P/8/8/7K/1N6 w - - 15 91|32 36 49 70 179 328 763|323 393 408 412 510 523 752
coronacion|4k3/6P1/8/3P3P/7B/8/7K/1N6 b - - 16 91|32 36 49 70 152 328 763|323 393 408 412 510 544 752
coronacion|8/5kP1/8/3P3P/7B/8/7K/1N6 w - - 17 92|32 36 49 70 152 328 754|330 393 408 412 510 544 752
coronacion|3B4/5kP1/8/3P3P/8/8/7K/1N6 b - - 18 92|32 36 49 70 188 328 754|330 393 408 412 510 516 752
coronacion|3Bk3/6P1/8/3P3P/8/8/7K/1N6 w - - 19 93|32 36 49 70 188 328 763|323 393 408 412 510 516 752
coronacion|8/5B1P/1k6/5N2/7K/8/8/8 b - - 0 127|48 98 178 344 750|337 399 477 525 743
coronacion|8/2k2B1P/8/5N2/7K/8/8/8 w - - 1 128|48 98 178 344 757|330 399 477 525 743
coronacion|8/2k1NB1P/8/8/7K/8/8/8 b - - 2 128|48 115 178 344 757|330 399 460 525 743
coronacion|3k4/4NB1P/8/8/7K/8/8/8 w - - 3 129|48 115 178 344 764|323 399 460 525 743
coronacion|3k2N1/5B1P/8/8/7K/8/8/8 b - - 4 129|48 121 178 344 764|323 399 454 525 743
coronacion|6N1/2k2B1P/8/8/7K/8/8/8 w - - 5 130|48 121 178 344 757|330 399 454 525 743
coronacion|8/6k1/2N5/5B2/N5P1/2PP4/p7/1K6 w - - 0 45|18 19 30 88 106 165 321 392 758|55 329 417 428 429 469 487 538 766
coronacion|8/6k1/2N5/5B2/N5P1/2PP4/p7/K7 b - - 1 45|18 19 30 88 106 165 320 392 758|55 329 417 428 429 469 487 538 767
coronacion|8/5k2/2N5/5B2/N5P1/2PP4/p7/K7 w - - 2 46|18 19 30 88 106 165 320 392 757|55 330 417 428 429 469 487 538 767
coronacion|8/3P4/2P4k/8/6K1/8/8/5N2 b - - 0 81|45 52 66 345 744|336 396 405 506 737
coronacion|8/3P3k/2P5/8/6K1/8/8/5N2 w - - 1 82|45 52 66 345 752|328 396 405 506 737
coronacion|8/3P3k/2P5/8/6K1/6N1/8/8 b - - 2 82|45 52 81 345 752|328 396 405 489 737
coronacion|8/3P2k1/2P5/8/6K1/6N1/8/8 w - - 3 83|45 52 81 345 753|329 396 405 489 737
coronacion|8/2PP2k1/8/8/6K1/6N1/8/8 b - - 0 83|52 53 81 345 753|329 396 397 489 737
coronacion|7k/2PP4/8/8/6K1/6N1/8/8 w - - 1 84|52 53 81 345 760|320 396 397 489 737
coronacion|3R3k/2P5/8/8/6K1/6N1/8/8 b - - 0 84|53 81 252 345 760|320 397 489 580 737
coronacion|3R4/2P3k1/8/8/6K1/6N1/8/8 w - - 1 85|53 81 252 345 753|329 397 489 580 737
coronacion|8/2P3k1/8/8/6K1/6N1/3R4/8 b - - 2 85|53 81 204 345 753|329 397 489 628 737
coronacion|5k2/2P5/8/8/6K1/6N1/3R4/8 w - - 3 86|53 81 204 345 762|322 397 489 628 737
coronacion|5k2/2P5/8/8/7K/6N1/3R4/8 b - - 4 86|53 81 204 344 762|322 397 489 628 736
coronacion|8/2P3k1/8/8/7K/6N1/3R4/8 w - - 5 87|53 81 204 344 753|329 397 489 628 736
coronacion|8/2P3k1/8/8/7K/6N1/7R/8 b - - 6 87|53 81 200 344 753|329 397 489 624 736
coronacion|7k/2P5/8/8/7K/6N1/7R/8 w - - 7 88|53 81 200 344 760|320 397 489 624 736
coronacion|7k/2P5/8/8/7K/6N1/8/7R b - - 8 88|53 81 192 344 760|320 397 489 632 736
coronacion|6k1/2P5/8/8/7K/6N1/8/7R w - - 9 89|53 81 192 344 761|321 397 489 632 736
coronacion|6k1/2P5/8/7N/7K/8/8/7R b - - 10 89|53 96 192 344 761|321 397 472 632 736
coronacion|5k2/2P5/8/7N/7K/8/8/7R w - - 11 90|53 96 192 344 762|322 397 472 632 736
coronacion|5k2/2P5/8/7N/8/6K1/8/7R b - - 12 90|53 96 192 337 762|322 397 472 632 745
coronacion|8/2P1k3/8/7N/8/6K1/8/7R w - - 13 91|53 96 192 337 755|331 397 472 632 745
coronacion|8/2P1k3/8/7N/8/8/6K1/7R b - - 14 91|53 96 192 329 755|331 397 472 632 753
coronacion|4k3/2P5/8/7N/8/8/6K1/7R w - - 15 92|53 96 192 329 763|323 397 472 632 753
coronacion|4k3/2P5/8/7N/8/7R/6K1/8 b - - 16 92|53 96 208 329 763|323 397 472 616 753
coronacion|8/2P2k2/8/7N/8/7R/6K1/8 w - - 17 93|53 96 208 329 754|330 397 472 616 753
coronacion|8/2P2k2/8/7N/8/6KR/8/8 b - - 18 93|53 96 208 337 754|330 397 472 616 745
coronacion|6k1/2P5/8/7N/8/6KR/8/8 w - - 19 94|53 96 208 337 761|321 397 472 616 745
coronacion|6k1/2P5/5N2/8/8/6KR/8/8 b - - 20 94|53 106 208 337 761|321 397 466 616 745
coronacion|5k2/2P5/5N2/8/8/6KR/8/8 w - - 21 95|53 106 208 337 762|322 397 466 616 745
coronacion|5k2/2P5/5N2/8/8/6K1/7R/8 b - - 22 95|53 106 200 337 762|322 397 466 624 745
final|5K2/1pk5/rp2p3/4q3/8/8/8/n7 b - - 0 31|378 427 430 438 455 623 675 757|9 17 20 120 208 284 330 709
final|3k1K2/1p6/rp2p3/4q3/8/8/8/n7 w - - 1 32|378 427 430 438 455 623 675 764|9 17 20 120 208 284 323 709
final|3k4/1p3K2/rp2p3/4q3/8/8/8/n7 b - - 2 32|370 427 430 438 455 623 675 764|9 17 20 120 208 284 323 717
final|3k4/1p3K2/rp2p3/8/5q2/8/8/n7 w - - 3 33|370 427 430 438 455 623 666 764|9 17 20 120 208 293 323 717
final|3k4/1p6/rp2K3/8/5q2/8/8/n7 b - - 0 33|363 430 438 455 623 666 764|9 17 120 208 293 323 724
final|3k4/1p6/1p2K3/8/5q2/r7/8/n7 w - - 1 34|363 430 438 455 599 666 764|9 17 120 232 293 323 724
final|3k4/1p6/1p6/3K4/5q2/r7/8/n7 b - - 2 34|355 425 433 448 592 669 763|9 17 120 232 293 323 731
final|8/1pk5/1p6/3K4/5q2/r7/8/n7 w - - 3 35|355 425 433 448 592 669 754|9 17 120 232 293 330 731
final|8/1pk5/1p2K3/8/5q2/r7/8/n7 b - - 4 35|363 430 438 455 599 666 757|9 17 120 232 293 330 724
final|8/1pk5/1p2K3/8/8/r7/8/n4q2 w - - 5 36|363 430 438 455 599 642 757|9 17 120 232 317 330 724
final|8/1pk5/1p6/3K4/8/r7/8/n4q2 b - - 6 36|355 425 433 448 592 645 754|9 17 120 232 317 330 731
final|8/1pk5/1p6/3K4/r7/8/8/n4q2 w - - 7 37|355 425 433 448 600 645 754|9 17 120 224 317 330 731
final|8/1pk5/1p2K3/8/r7/8/8/n4q2 b - - 8 37|363 430 438 455 607 642 757|9 17 120 224 317 330 724
final|8/1pk5/1p2Kq2/8/r7/8/8/n7 w - - 9 38|363 430 438 455 607 682 757|9 17 120 224 277 330 724
final|8/1pk5/1p3K2/8/r7/8/8/n7 b - - 0 38|362 430 438 455 607 757|9 17 120 224 330 725
final|8/rpk5/1p3K2/8/8/8/8/n7 w - - 1 39|362 430 438 455 631 757|9 17 120 200 330 725
final|8/rpk1K3/1p6/8/8/8/8/n7 b - - 2 39|371 430 438 455 631 757|9 17 120 200 330 716
final|8/1pk1K3/1p6/8/r7/8/8/n7 w - - 3 40|371 430 438 455 607 757|9 17 120 224 330 716
final|8/1pk2K2/1p6/8/r7/8/8/n7 b - - 4 40|370 430 438 455 607 757|9 17 120 224 330 717
final|8/1pk2K2/1p6/8/1r6/8/8/n7 w - - 5 41|370 430 438 455 606 757|9 17 120 225 330 717
final|5K2/1pk5/1p6/8/1r6/8/8/n7 b - - 6 41|378 430 438 455 606 757|9 17 120 225 330 709
final|5K2/1p1k4/1p6/8/1r6/8/8/n7 w - - 7 42|378 430 438 455 606 756|9 17 120 225 331 709
final|6K1/1p1k4/1p6/8/1r6/8/8/n7 b - - 8 42|377 430 438 455 606 756|9 17 120 225 331 710
final|6K1/1pk5/1p6/8/1r6/8/8/n7 w - - 9 43|377 430 438 455 606 757|9 17 120 225 330 710
final|5K2/1pk5/1p6/8/4r3/8/8/n7 w - - 11 44|378 430 438 455 603 757|9 17 120 228 330 709
final|6K1/1pk5/1p6/8/4r3/8/8/n7 b - - 12 44|377 430 438 455 603 757|9 17 120 228 330 710
final|6K1/1pk5/1p6/8/8/8/4r3/n7 w - - 13 45|377 430 438 455 587 757|9 17 120 244 330 710
final|7K/1pk5/1p6/8/8/8/4r3/n7 b - - 14 45|376 430 438 455 587 757|9 17 120 244 330 711
final|7K/1pk5/1p6/8/4r3/8/8/n7 w - - 15 46|376 430 438 455 603 757|9 17 120 228 330 711
final|8/1pk3K1/1p6/8/4r3/8/8/n7 b - - 16 46|369 430 438 455 603 757|9 17 120 228 330 718
final|8/1pk3K1/1p6/8/4r3/8/2n5/8 w - - 17 47|369 430 438 461 603 757|9 17 114 228 330 718
final|6K1/1pk5/1p6/8/4r3/8/2n5/8 b - - 18 47|377 430 438 461 603 757|9 17 114 228 330 710
final|6K1/1pk5/8/1p6/4r3/8/2n5/8 w - - 0 48|377 422 438 461 603 757|9 25 114 228 330 710
final|8/1pk3K1/8/1p6/4r3/8/2n5/8 b - - 1 48|369 422 438 461 603 757|9 25 114 228 330 718
final|8/1pk3K1/8/1p6/r7/8/2n5/8 w - - 2 49|369 422 438 461 607 757|9 25 114 224 330 718
final|8/1pk5/5K2/1p6/r7/8/2n5/8 b - - 3 49|362 422 438 461 607 757|9 25 114 224 330 725
final|8/1pk5/5K2/1p6/5r2/8/2n5/8 w - - 4 50|362 422 438 461 602 757|9 25 114 229 330 725
final|8/1pk1K3/8/1p6/5r2/8/2n5/8 b - - 5 50|371 422 438 461 602 757|9 25 114 229 330 716
final|8/1pk1K3/5r2/1p6/8/8/2n5/8 w - - 6 51|371 422 438 461 618 757|9 25 114 213 330 716
final|4K3/1pk5/5r2/1p6/8/8/2n5/8 b - - 7 51|379 422 438 461 618 757|9 25 114 213 330 708
final|4Kr2/1pk5/8/1p6/8/8/2n5/8 w - - 8 52|379 422 438 461 634 757|9 25 114 197 330 708
final|5K2/1pk5/8/1p6/8/8/2n5/8 b - - 0 52|378 422 438 461 757|9 25 114 330 709
final|2k2K2/1p6/8/1p6/8/8/2n5/8 w - - 1 53|378 422 438 461 765|9 25 114 322 709
final|2k5/1p2K3/8/1p6/8/8/2n5/8 b - - 2 53|371 422 438 461 765|9 25 114 322 716
final|2k5/1p2K3/8/8/1p6/8/2n5/8 w - - 0 54|371 414 438 461 765|9 33 114 322 716
final|2k5/1p6/4K3/8/1p6/8/2n5/8 b - - 1 54|363 414 438 461 765|9 33 114 322 724
final|3k4/1p6/4K3/8/1p6/8/2n5/8 w - - 2 55|363 414 438 461 764|9 33 114 323 724
final|3k4/1p6/8/5K2/1p6/8/2n5/8 b - - 3 55|354 414 438 461 764|9 33 114 323 733
final|8/1pk5/8/5K2/1p6/8/2n5/8 w - - 4 56|354 414 438 461 757|9 33 114 330 733
final|8/1pk5/8/8/1p3K2/8/2n5/8 b - - 5 56|346 414 438 461 757|9 33 114 330 741
final|8/1p6/1k6/8/1p3K2/8/2n5/8 w - - 6 57|346 414 438 461 750|9 33 114 337 741
final|8/1p6/1k6/6K1/1p6/8/2n5/8 b - - 7 57|353 414 438 461 750|9 33 114 337 734
final|8/1p6/8/k5K1/1p6/8/2n5/8 w - - 8 58|353 414 438 461 743|9 33 114 344 734
final|8/1p6/8/k7/1p4K1/8/2n5/8 b - - 9 58|345 414 438 461 743|9 33 114 344 742
final|8/1p6/8/k7/1p4K1/8/8/4n3 w - - 10 59|345 414 438 451 743|9 33 124 344 742
final|8/1p6/8/k7/1p6/6K1/8/4n3 b - - 11 59|337 414 438 451 743|9 33 124 344 750
final|8/1p6/8/1k6/1p6/6K1/8/4n3 w - - 12 60|337 414 438 451 742|9 33 124 345 750
final|8/1p6/8/1k6/1p6/8/5K2/4n3 b - - 13 60|330 414 438 451 742|9 33 124 345 757
final|8/1p6/8/8/kp6/8/5K2/4n3 w - - 14 61|330 414 438 451 735|9 33 124 352 757
final|8/1p6/8/8/kp6/8/4K3/4n3 b - - 15 61|331 414 438 451 735|9 33 124 352 756
final|8/1p6/8/8/1p6/k7/4K3/4n3 w - - 16 62|331 414 438 451 727|9 33 124 360 756
final|8/1p6/8/8/1p6/k7/5K2/4n3 b - - 17 62|330 414 438 451 727|9 33 124 360 757
final|8/8/8/1p6/1p6/k7/8/4K3 b - - 0 63|323 414 422 727|25 33 360 764
final|8/8/8/1p6/kp6/8/8/4K3 w - - 1 64|323 414 422 735|25 33 352 764
final|8/8/8/1p6/kp6/8/5K2/8 b - - 2 64|330 414 422 735|25 33 352 757
final|8/8/8/kp6/1p6/8/5K2/8 w - - 3 65|330 414 422 743|25 33 344 757
final|8/8/8/kp6/1p6/8/8/4K3 b - - 4 65|323 414 422 743|25 33 344 764
final|8/8/1k6/1p6/1p6/8/8/4K3 w - - 5 66|323 414 422 750|25 33 337 764
final|8/8/1k6/1p6/1p6/8/4K3/8 b - - 6 66|331 414 422 750|25 33 337 756
final|8/1k6/8/1p6/1p6/8/4K3/8 w - - 7 67|331 414 422 758|25 33 329 756
final|8/1k6/8/1p6/1p6/8/8/3K4 b - - 8 67|323 409 417 753|25 33 329 763
final|8/2k5/8/1p6/1p6/8/8/3K4 w - - 9 68|323 409 417 754|25 33 330 763
final|8/2k5/8/1p6/1p6/8/4K3/8 b - - 10 68|331 414 422 757|25 33 330 756
final|8/2k5/8/1p6/8/1p6/4K3/8 w - - 0 69|331 406 422 757|25 41 330 756
final|8/2k5/8/1p6/8/1p6/3K4/8 b - - 1 69|331 401 417 754|25 41 330 755
final|8/8/3k4/1p6/8/1p6/3K4/8 w - - 2 70|331 401 417 747|25 41 339 755
final|8/8/3k4/1p6/8/1p6/8/4K3 b - - 3 70|323 406 422 748|25 41 339 764
final|8/8/8/1pk5/8/1p6/8/4K3 w - - 4 71|323 406 422 741|25 41 346 764
final|8/8/8/1pk5/8/1p6/3K4/8 b - - 5 71|331 401 417 738|25 41 346 755
final|8/8/8/1p1k4/8/1p6/3K4/8 w - - 6 72|331 401 417 739|25 41 347 755
final|8/8/8/1p1k4/8/1p1K4/8/8 b - - 7 72|339 401 417 739|25 41 347 747
final|8/8/2k5/1p6/8/1p1K4/8/8 w - - 8 73|339 401 417 746|25 41 338 747
final|8/8/2k5/1p6/4K3/1p6/8/8 b - - 9 73|347 406 422 749|25 41 338 740
final|8/8/8/1pk5/4K3/1p6/8/8 w - - 10 74|347 406 422 741|25 41 346 740
final|8/8/8/1pk5/8/1p2K3/8/8 b - - 11 74|339 406 422 741|25 41 346 748
final|8/8/8/1p6/2k5/1p2K3/8/8 w - - 12 75|339 406 422 733|25 41 354 748
final|8/8/8/1p6/2k2K2/1p6/8/8 b - - 13 75|346 406 422 733|25 41 354 741
final|8/8/8/1pk5/5K2/1p6/8/8 w - - 14 76|346 406 422 741|25 41 346 741
final|8/8/8/1pk5/8/1p3K2/8/8 b - - 15 76|338 406 422 741|25 41 346 749
final|8/8/1k6/1p6/8/1p3K2/8/8 w - - 16 77|338 406 422 750|25 41 337 749
final|8/8/1k6/1p6/8/1p6/5K2/8 b - - 17 77|330 406 422 750|25 41 337 757
final|8/8/1k6/8/1p6/1p6/5K2/8 w - - 0 78|330 406 414 750|33 41 337 757
final|8/8/1k6/8/1p6/1p6/4K3/8 b - - 1 78|331 406 414 750|33 41 337 756
final|8/8/k7/8/1p6/1p6/4K3/8 w - - 2 79|331 406 414 751|33 41 336 756
final|8/8/k7/8/1p6/1p1K4/8/8 b - - 3 79|339 401 409 744|33 41 336 747
final|8/8/1k6/8/1p6/1p1K4/8/8 w - - 4 80|339 401 409 745|33 41 337 747
final|8/8/1k6/8/1pK5/1p6/8/8 b - - 5 80|346 401 409 745|33 41 337 738
final|8/k7/8/8/1pK5/1p6/8/8 w - - 6 81|346 401 409 752|33 41 328 738
final|8/k7/8/8/1K6/1p6/8/8 b - - 0 81|345 401 752|41 328 737
final|8/k7/8/8/2K5/8/8/1q6 w - - 0 83|346 641 752|313 328 738
final|8/k7/8/2K5/8/8/8/1q6 b - - 1 83|354 641 752|313 328 730
final|8/k7/8/2K2q2/8/8/8/8 w - - 2 84|354 677 752|285 328 730
final|8/k7/8/5q2/1K6/8/8/8 b - - 3 84|345 677 752|285 328 737
final|8/k7/8/8/1K4q1/8/8/8 w - - 4 85|345 670 752|294 328 737
final|8/k7/8/2K5/6q1/8/8/8 b - - 5 85|354 670 752|294 328 730
final|2q5/k7/8/2K5/8/8/8/8 w - - 6 86|354 698 752|258 328 730
final|2q5/k7/8/8/1K6/8/8/8 b - - 7 86|345 698 752|258 328 737
final|3q4/k7/8/8/1K6/8/8/8 w - - 8 87|345 699 752|259 328 737
final|3q4/k7/8/8/8/2K5/8/8 b - - 9 87|338 699 752|259 328 746
final|8/k3q3/8/8/8/2K5/8/8 w - - 10 88|338 692 752|268 328 746
final|8/k3q3/8/8/8/8/2K5/8 b - - 11 88|330 692 752|268 328 754
final|k7/4q3/8/8/8/8/2K5/8 w - - 12 89|330 692 760|268 320 754
final|k7/4q3/8/8/8/8/3K4/8 b - - 13 89|331 692 760|268 320 755
final|8/1k2q3/8/8/8/8/3K4/8 w - - 14 90|331 692 753|268 329 755
final|8/1k2q3/8/8/8/2K5/8/8 b - - 15 90|338 692 753|268 329 746
final|8/2k1q3/8/8/8/2K5/8/8 w - - 16 91|338 692 754|268 330 746
final|8/2k1q3/8/8/8/8/3K4/8 b - - 17 91|331 692 754|268 330 755
final|8/2k5/8/2q5/8/8/3K4/8 w - - 18 92|331 674 754|282 330 755
final|8/2k5/8/2q5/8/8/8/4K3 b - - 19 92|323 677 757|282 330 764
final|8/8/3k4/2q5/8/8/8/4K3 w - - 20 93|323 677 748|282 339 764
final|8/8/3k4/2q5/8/8/8/5K2 b - - 21 93|322 677 748|282 339 765
final|8/8/3k4/8/2q5/8/8/5K2 w - - 22 94|322 669 748|290 339 765
final|8/8/3k4/8/2q5/8/8/4K3 b - - 23 94|323 669 748|290 339 764
final|8/8/8/4k3/2q5/8/8/4K3 w - - 24 95|323 669 739|293 347 763
final|8/8/8/4k3/2q5/8/5K2/8 b - - 25 95|330 669 739|293 347 754
final|8/8/2q5/4k3/8/8/5K2/8 w - - 26 96|330 685 739|277 347 754
final|8/8/2q5/4k3/8/6K1/8/8 b - - 27 96|337 685 739|277 347 745
final|8/8/8/4k3/8/5qK1/8/8 w - - 28 97|337 658 739|298 347 745
final|8/8/8/4k3/8/5K2/8/8 b - - 0 97|338 739|347 746
final|5r2/4k3/8/1p2P3/1P5r/2P5/3K4/8 w - - 0 33|18 25 36 331 417 607 637 756|30 194 224 331 411 422 429 756
final|5r2/4k3/8/1p2P3/1P5r/2P5/2K5/8 b - - 1 33|18 25 36 330 417 607 637 756|30 194 224 331 411 422 429 757
final|5r2/4k3/8/1p2P3/1P6/2P4r/2K5/8 w - - 2 34|18 25 36 330 417 599 637 756|30 194 232 331 411 422 429 757
final|5r2/4k3/8/1p2P3/1P6/2P4r/8/2K5 b - - 3 34|18 25 36 322 417 599 637 756|30 194 232 331 411 422 429 765
final|r7/4k3/8/1p2P3/1P6/2P4r/8/2K5 w - - 4 35|18 25 36 322 417 599 632 756|30 199 232 331 411 422 429 765
final|r7/4k3/4P3/1p6/1P6/2P4r/8/2K5 b - - 0 35|18 25 44 322 417 599 632 756|30 199 232 331 403 422 429 765
final|6r1/4k3/4P3/1p6/1P6/2P4r/8/2K5 w - - 1 36|18 25 44 322 417 599 638 756|30 193 232 331 403 422 429 765
final|6r1/4k3/4P3/1p6/1P6/2P4r/2K5/8 b - - 2 36|18 25 44 330 417 599 638 756|30 193 232 331 403 422 429 757
final|5kr1/8/4P3/1p6/1P6/2P4r/2K5/8 w - - 3 37|18 25 44 330 417 599 638 765|30 193 232 322 403 422 429 757
final|5kr1/8/4P3/1p6/1P6/2P4r/8/2K5 b - - 4 37|18 25 44 322 417 599 638 765|30 193 232 322 403 422 429 765
final|5k2/8/4P1r1/1p6/1P6/2P4r/8/2K5 w - - 5 38|18 25 44 322 417 599 622 765|30 209 232 322 403 422 429 765
final|5k2/8/4P1r1/1p6/1P6/2P4r/8/1K6 b - - 6 38|18 25 44 321 417 599 622 765|30 209 232 322 403 422 429 766
final|5k2/8/4P1r1/1p6/1P6/2r5/8/1K6 w - - 0 39|25 44 321 417 594 622 765|30 209 237 322 403 422 766
final|5k2/8/4P1r1/1p6/1P6/2r5/1K6/8 b - - 1 39|25 44 329 417 594 622 765|30 209 237 322 403 422 758
final|5k2/8/4r3/1p6/1P6/2r5/1K6/8 w - - 0 40|25 329 417 594 620 765|30 211 237 322 422 758
final|5k2/8/4r3/1p6/1P6/2r5/8/K7 b - - 1 40|25 320 417 594 620 765|30 211 237 322 422 767
final|5k2/8/6r1/1p6/1P6/2r5/8/K7 w - - 2 41|25 320 417 594 622 765|30 209 237 322 422 767
final|5k2/8/6r1/1p6/1P6/2r5/K7/8 b - - 3 41|25 328 417 594 622 765|30 209 237 322 422 759
final|5k2/8/r7/1p6/1P6/2r5/K7/8 w - - 4 42|25 328 417 594 616 765|30 215 237 322 422 759
final|5k2/8/r7/1p6/1P6/2r5/1K6/8 b - - 5 42|25 329 417 594 616 765|30 215 237 322 422 758
final|4k3/8/r7/1p6/1P6/2r5/1K6/8 w - - 6 43|25 329 417 594 616 764|30 215 237 323 422 758
final|4k3/8/r7/1p6/1P6/2K5/8/8 b - - 0 43|25 338 417 616 764|30 215 323 422 749
final|4k3/8/6r1/1p6/1P6/2K5/8/8 w - - 1 44|25 338 417 622 764|30 209 323 422 749
final|4k3/8/6r1/1p6/1P6/8/3K4/8 b - - 2 44|25 331 417 622 764|30 209 323 422 756
final|5k2/8/6r1/1p6/1P6/8/3K4/8 w - - 3 45|25 331 417 622 765|30 209 322 422 756
final|5k2/8/6r1/1p6/1P6/8/8/4K3 b - - 4 45|30 323 422 617 762|30 209 322 422 763
final|5k2/8/3r4/1p6/1P6/8/8/4K3 w - - 5 46|30 323 422 620 762|30 212 322 422 763
final|5k2/8/3r4/1p6/1P6/8/4K3/8 b - - 6 46|30 331 422 620 762|30 212 322 422 755
final|4k3/8/3r4/1p6/1P6/8/4K3/8 w - - 7 47|30 331 422 620 763|30 212 323 422 755
final|4k3/8/3r4/1p6/1P6/4K3/8/8 b - - 8 47|30 339 422 620 763|30 212 323 422 747
final|4k3/8/2r5/1p6/1P6/4K3/8/8 w - - 9 48|30 339 422 621 763|30 213 323 422 747
final|4k3/8/2r5/1p6/1P6/8/4K3/8 b - - 10 48|30 331 422 621 763|30 213 323 422 755
final|4k3/8/8/1p6/1P6/2r5/4K3/8 w - - 11 49|30 331 422 597 763|30 237 323 422 755
final|4k3/8/8/1p6/1P6/2r5/8/3K4 b - - 12 49|25 323 417 594 764|30 237 323 422 764
final|3k4/8/8/1p6/1P6/2r5/8/3K4 w - - 13 50|25 323 417 594 763|25 234 323 417 763
final|3k4/8/8/1p6/1P6/2r5/4K3/8 b - - 14 50|30 331 422 597 764|25 234 323 417 756
final|3k4/8/8/1pr5/1P6/8/4K3/8 w - - 15 51|30 331 422 613 764|25 218 323 417 756
final|3k4/8/8/1pr5/1P6/8/8/3K4 b - - 16 51|25 323 417 610 763|25 218 323 417 763
final|4k3/8/8/1pr5/1P6/8/8/3K4 w - - 17 52|25 323 417 610 764|30 221 323 422 764
final|4k3/8/8/1pr5/1P6/8/8/4K3 b - - 18 52|30 323 422 613 763|30 221 323 422 763
final|4k3/8/8/1p6/1P6/8/2r5/4K3 w - - 19 53|30 323 422 589 763|30 245 323 422 763
final|4k3/8/8/1p6/1P6/8/2r5/5K2 b - - 20 53|30 322 422 589 763|30 245 323 422 762
final|4k3/8/8/1p6/1P6/8/4r3/5K2 w - - 21 54|30 322 422 587 763|30 243 323 422 762
final|4k3/8/8/1p6/1P6/8/4K3/8 b - - 0 54|30 331 422 763|30 323 422 755
final|8/3k4/8/1p6/1P6/8/4K3/8 w - - 1 55|30 331 422 756|25 331 417 756
final|8/3k4/8/1p6/1P6/8/8/5K2 b - - 2 55|30 322 422 756|25 331 417 765
final|8/4k3/8/1p6/1P6/8/8/5K2 w - - 3 56|30 322 422 755|30 331 422 762
final|8/4k3/8/1p6/1P6/8/6K1/8 b - - 4 56|30 329 422 755|30 331 422 753
final|4k3/8/8/1p6/1P6/8/6K1/8 w - - 5 57|30 329 422 763|30 323 422 753
final|4k3/8/8/1p6/1P6/7K/8/8 b - - 6 57|30 336 422 763|30 323 422 744
final|5k2/8/8/1p6/1P6/7K/8/8 w - - 7 58|30 336 422 762|30 322 422 744
final|5k2/8/8/1p6/1P4K1/8/8/8 b - - 8 58|30 345 422 762|30 322 422 737
final|6k1/8/8/1p6/1P4K1/8/8/8 w - - 9 59|30 345 422 761|30 321 422 737
final|6k1/8/8/1p6/1P3K2/8/8/8 b - - 10 59|30 346 422 761|30 321 422 738
final|8/5k2/8/1p6/1P3K2/8/8/8 w - - 11 60|30 346 422 754|30 330 422 738
final|8/5k2/8/1p2K3/1P6/8/8/8 b - - 12 60|30 355 422 754|30 330 422 731
final|4k3/8/8/1p2K3/1P6/8/8/8 w - - 13 61|30 355 422 763|30 323 422 731
final|4k3/8/5K2/1p6/1P6/8/8/8 b - - 14 61|30 362 422 763|30 323 422 722
final|8/3k4/5K2/1p6/1P6/8/8/8 w - - 15 62|30 362 422 756|25 331 417 725
final|8/3k1K2/8/1p6/1P6/8/8/8 b - - 16 62|30 370 422 756|25 331 417 717
final|8/5K2/3k4/1p6/1P6/8/8/8 w - - 17 63|30 370 422 748|25 339 417 717
final|8/6K1/3k4/1p6/1P6/8/8/8 b - - 18 63|30 369 422 748|25 339 417 718
final|8/4k1K1/8/1p6/1P6/8/8/8 w - - 19 64|30 369 422 755|30 331 422 713
final|8/4k2K/8/1p6/1P6/8/8/8 b - - 20 64|30 368 422 755|30 331 422 712
final|8/7K/5k2/1p6/1P6/8/8/8 w - - 21 65|30 368 422 746|30 338 422 712
final|7K/8/5k2/1p6/1P6/8/8/8 b - - 22 65|30 376 422 746|30 338 422 704
final|7K/4k3/8/1p6/1P6/8/8/8 w - - 23 66|30 376 422 755|30 331 422 704
final|6K1/4k3/8/1p6/1P6/8/8/8 b - - 24 66|30 377 422 755|30 331 422 705
final|4k1K1/8/8/1p6/1P6/8/8/8 w - - 25 67|30 377 422 763|30 323 422 705
final|4k2K/8/8/1p6/1P6/8/8/8 b - - 26 67|30 376 422 763|30 323 422 704
final|8/4k1K1/8/1p6/1P6/8/8/8 b - - 28 68|30 369 422 755|30 331 422 713
final|3k4/6K1/8/1p6/1P6/8/8/8 w - - 29 69|30 369 422 764|25 323 417 718
final|3k4/7K/8/1p6/1P6/8/8/8 b - - 30 69|30 368 422 764|25 323 417 719
final|8/3k3K/8/1p6/1P6/8/8/8 w - - 31 70|30 368 422 756|25 331 417 719
final|7K/3k4/8/1p6/1P6/8/8/8 b - - 32 70|30 376 422 756|25 331 417 711
final|7K/8/2k5/1p6/1P6/8/8/8 w - - 33 71|30 376 422 749|25 338 417 711
final|8/7K/2k5/1p6/1P6/8/8/8 b - - 34 71|30 368 422 749|25 338 417 719
final|8/1k5K/8/1p6/1P6/8/8/8 w - - 35 72|30 368 422 758|25 329 417 719
final|8/1k6/7K/1p6/1P6/8/8/8 b - - 36 72|30 360 422 758|25 329 417 727
final|8/2k5/7K/1p6/1P6/8/8/8 w - - 37 73|30 360 422 757|25 330 417 727
final|8/2k5/8/1p5K/1P6/8/8/8 b - - 38 73|30 352 422 757|25 330 417 735
final|8/8/1k6/1p5K/1P6/8/8/8 w - - 39 74|30 352 422 750|25 337 417 735
final|8/8/1k6/1p6/1P5K/8/8/8 b - - 40 74|30 344 422 750|25 337 417 743
final|8/8/k7/1p6/1P5K/8/8/8 w - - 41 75|30 344 422 751|25 336 417 743
final|8/8/k7/1p4K1/1P6/8/8/8 b - - 42 75|30 353 422 751|25 336 417 734
final|8/1k6/8/1p4K1/1P6/8/8/8 w - - 43 76|30 353 422 758|25 329 417 734
final|k7/8/7K/1p6/1P6/8/8/8 w - - 45 77|30 360 422 767|25 320 417 727
final|k7/6K1/8/1p6/1P6/8/8/8 b - - 46 77|30 369 422 767|25 320 417 718
final|8/k5K1/8/1p6/1P6/8/8/8 w - - 47 78|30 369 422 759|25 328 417 718
final|8/k7/6K1/1p6/1P6/8/8/8 b - - 48 78|30 361 422 759|25 328 417 726
final|k7/8/6K1/1p6/1P6/8/8/8 w - - 49 79|30 361 422 767|25 320 417 726
final|1k6/6K1/8/1p6/1P6/8/8/8 w - - 51 80|30 369 422 766|25 321 417 718
final|1k6/8/6K1/1p6/1P6/8/8/8 b - - 52 80|30 361 422 766|25 321 417 726
final|8/2k5/6K1/1p6/1P6/8/8/8 w - - 53 81|30 361 422 757|25 330 417 726
final|8/8/2k5/1p5K/1P6/8/8/8 w - - 55 82|30 352 422 749|25 338 417 735
final|8/8/2k5/1p6/1P5K/8/8/8 b - - 56 82|30 344 422 749|25 338 417 743
final|8/8/1k6/1p6/1P5K/8/8/8 w - - 57 83|30 344 422 750|25 337 417 743
final|8/8/1k6/1p6/1P6/6K1/8/8 b - - 58 83|30 337 422 750|25 337 417 750
final|8/8/2k5/1p6/1P6/6K1/8/8 w - - 59 84|30 337 422 749|25 338 417 750
final|8/8/2k5/1p6/1P6/5K2/8/8 b - - 60 84|30 338 422 749|25 338 417 749
final|8/3k4/8/1p6/1P6/5K2/8/8 w - - 61 85|30 338 422 756|25 331 417 749
final|8/3k4/8/1p6/1P6/6K1/8/8 b - - 62 85|30 337 422 756|25 331 417 750
final|2k5/8/8/1p6/1P6/6K1/8/8 w - - 63 86|30 337 422 765|25 322 417 750
final|2k5/8/8/1p6/1P6/8/6K1/8 b - - 64 86|30 329 422 765|25 322 417 758
final|1k6/8/8/1p6/1P6/8/6K1/8 w - - 65 87|30 329 422 766|25 321 417 758
final|1k6/8/8/1p6/1P6/8/8/6K1 b - - 66 87|30 321 422 766|25 321 417 766
final|k7/8/8/1p6/1P6/8/8/6K1 w - - 67 88|30 321 422 767|25 320 417 766
final|k7/8/8/1p6/1P6/8/6K1/8 b - - 68 88|30 329 422 767|25 320 417 758
final|1k6/8/8/1p6/1P6/6K1/8/8 b - - 70 89|30 337 422 766|25 321 417 750
final|2k5/8/8/1p6/1P6/8/7K/8 b - - 72 90|30 328 422 765|25 322 417 759
final|8/2k5/8/1p6/1P6/8/7K/8 w - - 73 91|30 328 422 757|25 330 417 759
final|8/2k5/8/1p6/1P6/8/6K1/8 b - - 74 91|30 329 422 757|25 330 417 758
final|2k5/8/8/1p6/1P6/8/6K1/8 w - - 75 92|30 329 422 765|25 322 417 758
final|2k5/8/8/1p6/1P6/8/5K2/8 b - - 76 92|30 330 422 765|25 322 417 757
final|8/2k5/8/1p6/1P6/8/5K2/8 w - - 77 93|30 330 422 757|25 330 417 757
final|8/2k5/8/1p6/1P6/8/8/6K1 b - - 78 93|30 321 422 757|25 330 417 766
final|8/8/3k4/1p6/1P6/8/8/6K1 w - - 79 94|30 321 422 748|25 339 417 766
final|8/8/3k4/1p6/1P6/8/6K1/8 b - - 80 94|30 329 422 748|25 339 417 758
final|8/4k3/8/1p6/1P6/8/6K1/8 w - - 81 95|30 329 422 755|30 331 422 753
final|8/4k3/8/1p6/1P6/6K1/8/8 b - - 82 95|30 337 422 755|30 331 422 745
final|5k2/8/8/1p6/1P6/6K1/8/8 w - - 83 96|30 337 422 762|30 322 422 745
final|5k2/8/8/1p6/1P6/8/7K/8 b - - 84 96|30 328 422 762|30 322 422 752
final|8/5k2/8/1p6/1P6/8/7K/8 w - - 85 97|30 328 422 754|30 330 422 752
final|8/5k2/8/1p6/1P6/8/8/7K b - - 86 97|30 320 422 754|30 330 422 760
final|8/8/6k1/1p6/1P6/8/8/7K w - - 87 98|30 320 422 745|30 337 422 760
final|8/8/6k1/1p6/1P6/8/8/6K1 b - - 88 98|30 321 422 745|30 337 422 761
final|8/8/8/1p4k1/1P6/8/8/6K1 w - - 89 99|30 321 422 737|30 345 422 761
final|8/8/8/1p4k1/1P6/8/8/5K2 b - - 90 99|30 322 422 737|30 345 422 762
final|8/8/8/1p6/1P4k1/8/8/5K2 w - - 91 100|30 322 422 729|30 353 422 762
final|8/8/8/1p6/1P4k1/8/5K2/8 b - - 92 100|30 330 422 729|30 353 422 754
final|8/8/8/1p5k/1P6/8/5K2/8 w - - 93 101|30 330 422 736|30 344 422 754
final|8/8/8/1p5k/1P6/4K3/8/8 b - - 94 101|30 339 422 736|30 344 422 747
final|8/8/6k1/1p6/1P6/4K3/8/8 w - - 95 102|30 339 422 745|30 337 422 747
final|8/8/6k1/1p6/1P2K3/8/8/8 b - - 96 102|30 347 422 745|30 337 422 739
final|8/8/8/1p5k/1P2K3/8/8/8 w - - 97 103|30 347 422 736|30 344 422 739
final|8/8/8/1p5k/1P1K4/8/8/8 b - - 98 103|25 347 417 743|30 344 422 740
final|8/8/7k/1p6/1P1K4/8/8/8 w - - 99 104|25 347 417 751|30 336 422 740
final|8/8/7k/1p6/1P6/3K4/8/8 b - - 100 104|25 339 417 751|30 336 422 748
final|8/7k/8/1p6/1P6/3K4/8/8 w - - 101 105|25 339 417 759|30 328 422 748
final|8/7k/8/1p6/1P1K4/8/8/8 b - - 102 105|25 347 417 759|30 328 422 740
final|7k/8/8/1p6/1P1K4/8/8/8 w - - 103 106|25 347 417 767|30 320 422 740
final|7k/8/8/1p6/1P6/3K4/8/8 b - - 104 106|25 339 417 767|30 320 422 748
final|8/6k1/8/1p6/1P6/3K4/8/8 w - - 105 107|25 339 417 758|30 329 422 748
final|8/6k1/8/1p6/1P6/4K3/8/8 b - - 106 107|30 339 422 753|30 329 422 747
final|6k1/8/8/1p6/1P6/4K3/8/8 w - - 107 108|30 339 422 761|30 321 422 747
final|6k1/8/8/1p6/1P2K3/8/8/8 b - - 108 108|30 347 422 761|30 321 422 739
final|8/6k1/8/1p6/1P2K3/8/8/8 w - - 109 109|30 347 422 753|30 329 422 739
final|8/6k1/8/1p6/1P3K2/8/8/8 b - - 110 109|30 346 422 753|30 329 422 738
final|8/5k2/8/1p6/1P4K1/8/8/8 b - - 112 110|30 345 422 754|30 330 422 737
final|6k1/8/8/1p5K/1P6/8/8/8 b - - 114 111|30 352 422 761|30 321 422 728
final|5k2/8/8/1p5K/1P6/8/8/8 w - - 115 112|30 352 422 762|30 322 422 728
final|5k2/8/8/1p6/1P5K/8/8/8 b - - 116 112|30 344 422 762|30 322 422 736
final|8/5k2/8/1p6/1P5K/8/8/8 w - - 117 113|30 344 422 754|30 330 422 736
final|8/5k2/8/1p6/1P6/6K1/8/8 b - - 118 113|30 337 422 754|30 330 422 745
final|5k2/8/8/1p6/1P6/7K/8/8 b - - 120 114|30 336 422 762|30 322 422 744
final|8/5k2/8/1p6/1P6/7K/8/8 w - - 121 115|30 336 422 754|30 330 422 744
final|8/5k2/8/1p6/1P6/8/7K/8 b - - 122 115|30 328 422 754|30 330 422 752
final|8/8/6k1/1p6/1P6/8/7K/8 w - - 123 116|30 328 422 745|30 337 422 752
final|8/8/6k1/1p6/1P6/6K1/8/8 b - - 124 116|30 337 422 745|30 337 422 745
final|8/7k/8/1p6/1P6/6K1/8/8 w - - 125 117|30 337 422 752|30 328 422 745
final|8/7k/8/1p6/1P6/8/7K/8 b - - 126 117|30 328 422 752|30 328 422 752
final|7k/8/8/1p6/1P6/8/7K/8 w - - 127 118|30 328 422 760|30 320 422 752
final|7k/8/8/1p6/1P6/8/8/7K b - - 128 118|30 320 422 760|30 320 422 760
final|8/7k/8/1p6/1P6/8/8/7K w - - 129 119|30 320 422 752|30 328 422 760
final|8/7k/8/1p6/1P6/8/8/6K1 b - - 130 119|30 321 422 752|30 328 422 761
final|8/8/6k1/1p6/1P6/8/8/6K1 w - - 131 120|30 321 422 745|30 337 422 761
final|8/8/6k1/1p6/1P6/8/5K2/8 b - - 132 120|30 330 422 745|30 337 422 754
final|8/8/7k/1p6/1P6/8/5K2/8 w - - 133 121|30 330 422 744|30 336 422 754
final|8/8/7k/1p6/1P6/8/8/6K1 b - - 134 121|30 321 422 744|30 336 422 761
final|8/7k/8/1p6/1P6/8/8/6K1 w - - 135 122|30 321 422 752|30 328 422 761
final|8/7k/8/1p6/1P6/8/8/5K2 b - - 136 122|30 322 422 752|30 328 422 762
final|8/8/6k1/1p6/1P6/8/8/5K2 w - - 137 123|30 322 422 745|30 337 422 762
final|8/7k/8/1p6/1P6/8/5K2/8 w - - 139 124|30 330 422 752|30 328 422 754
final|8/7k/8/1p6/1P6/8/4K3/8 b - - 140 124|30 331 422 752|30 328 422 755
final|8/8/6k1/1p6/1P6/8/4K3/8 w - - 141 125|30 331 422 745|30 337 422 755
final|8/8/6k1/1p6/1P6/8/8/3K4 b - - 142 125|25 323 417 750|30 337 422 764
final|8/5k2/8/1p6/1P6/8/8/3K4 w - - 143 126|25 323 417 757|30 330 422 764
final|8/5k2/8/1p6/1P6/8/8/4K3 b - - 144 126|30 323 422 754|30 330 422 763
final|8/8/5k2/1p6/1P6/8/8/4K3 w - - 145 127|30 323 422 746|30 338 422 763
final|8/8/5k2/1p6/1P6/8/8/3K4 b - - 146 127|25 323 417 749|30 338 422 764
final|8/8/8/1p3k2/1P6/8/8/3K4 w - - 147 128|25 323 417 741|30 346 422 764
final|8/8/8/1p3k2/1P6/8/2K5/8 b - - 148 128|25 330 417 741|30 346 422 757
final|8/8/8/1p4k1/1P6/8/2K5/8 w - - 149 129|25 330 417 742|30 345 422 757
final|8/8/8/1p4k1/1P6/3K4/8/8 b - - 150 129|25 339 417 742|30 345 422 748
final|8/8/8/1p5k/1P6/3K4/8/8 w - - 151 130|25 339 417 743|30 344 422 748
final|8/8/8/1p5k/1P6/2K5/8/8 b - - 152 130|25 338 417 743|30 344 422 749
final|8/8/7k/1p6/1P6/2K5/8/8 w - - 153 131|25 338 417 751|30 336 422 749
final|8/8/7k/1p6/1P6/8/3K4/8 b - - 154 131|25 331 417 751|30 336 422 756
final|8/8/6k1/1p6/1P6/8/3K4/8 w - - 155 132|25 331 417 750|30 337 422 756
final|8/8/6k1/1p6/1P6/8/8/4K3 b - - 156 132|30 323 422 745|30 337 422 763
final|8/8/8/1p4k1/1P6/8/8/4K3 w - - 157 133|30 323 422 737|30 345 422 763
final|8/8/8/1p4k1/1P6/8/5K2/8 b - - 158 133|30 330 422 737|30 345 422 754
final|8/8/6k1/1p6/1P6/8/7K/8 b - - 162 135|30 328 422 745|30 337 422 752
final|8/5k2/8/1p6/1P6/8/8/6K1 b - - 164 136|30 321 422 754|30 330 422 761
final|8/7k/8/1p6/1P6/8/7K/8 w - - 167 138|30 328 422 752|30 328 422 752
final|8/7k/8/1p6/1P6/8/6K1/8 b - - 168 138|30 329 422 752|30 328 422 753
final|8/8/7k/1p6/1P6/8/6K1/8 w - - 169 139|30 329 422 744|30 336 422 753
final|8/6k1/8/1p6/1P6/8/8/6K1 w - - 171 140|30 321 422 753|30 329 422 761
final|8/6k1/8/1p6/1P6/8/8/5K2 b - - 172 140|30 322 422 753|30 329 422 762
final|5k2/8/8/1p6/1P6/8/8/5K2 w - - 173 141|30 322 422 762|30 322 422 762
final|5k2/8/8/1p6/1P6/8/8/6K1 b - - 174 141|30 321 422 762|30 322 422 761
final|4k3/8/8/1p6/1P6/8/8/6K1 w - - 175 142|30 321 422 763|30 323 422 761
final|4k3/8/8/1p6/1P6/8/8/7K b - - 176 142|30 320 422 763|30 323 422 760
final|3k4/8/8/1p6/1P6/8/8/7K w - - 177 143|30 320 422 764|25 323 417 767
final|3k4/8/8/1p6/1P6/8/8/6K1 b - - 178 143|30 321 422 764|25 323 417 766
final|8/4k3/8/1p6/1P6/8/8/6K1 w - - 179 144|30 321 422 755|30 331 422 761
final|8/4k3/8/1p6/1P6/8/8/7K b - - 180 144|30 320 422 755|30 331 422 760
final|8/8/5k2/1p6/1P6/8/8/7K w - - 181 145|30 320 422 746|30 338 422 760
final|8/8/5k2/1p6/1P6/8/8/6K1 b - - 182 145|30 321 422 746|30 338 422 761
final|8/6k1/8/1p6/1P6/8/5K2/8 w - - 185 147|30 330 422 753|30 329 422 754
final|7k/8/8/1p6/1P6/4K3/8/8 w - - 187 148|30 339 422 760|30 320 422 747
final|7k/8/8/1p6/1P6/5K2/8/8 b - - 188 148|30 338 422 760|30 320 422 746
final|8/6k1/8/1p6/1P6/5K2/8/8 w - - 189 149|30 338 422 753|30 329 422 746
final|8/8/7k/1p6/1P3K2/8/8/8 w - - 191 150|30 346 422 744|30 336 422 738
final|8/8/7k/1p6/1P4K1/8/8/8 b - - 192 150|30 345 422 744|30 336 422 737
final|8/7k/8/1p6/1P4K1/8/8/8 w - - 193 151|30 345 422 752|30 328 422 737
final|8/8/5k2/2p5/7P/6R1/4K3/5BNR w - - 0 30|24 65 130 192 209 331 421 746|29 338 416 505 570 617 632 755
final|8/8/5k2/2p5/7P/7R/4K3/5BNR b - - 1 30|24 65 130 192 208 331 421 746|29 338 416 505 570 616 632 755
final|8/8/8/2p1k3/7P/7R/4K3/5BNR w - - 2 31|24 65 130 192 208 331 421 739|29 347 416 505 570 616 632 755
final|8/8/8/2p1k3/7P/3K3R/8/5BNR b - - 3 31|31 70 133 199 215 339 418 740|29 347 416 505 570 616 632 748
final|8/8/8/2pk4/7P/3K3R/8/5BNR w - - 4 32|31 70 133 199 215 339 418 739|26 347 423 510 573 623 639 747
final|8/8/8/2pk4/7P/3K2R1/8/5BNR b - - 5 32|31 70 133 199 214 339 418 739|26 347 423 510 573 622 639 747
final|8/8/8/2p1k3/7P/3K2R1/8/5BNR w - - 6 33|31 70 133 199 214 339 418 740|29 347 416 505 570 617 632 748
final|8/8/8/2p1k3/7P/3K4/6R1/5BNR b - - 7 33|31 70 133 199 206 339 418 740|29 347 416 505 570 625 632 748
final|8/8/4k3/2p5/7P/3K4/6R1/5BNR w - - 8 34|31 70 133 199 206 339 418 748|29 339 416 505 570 625 632 748
final|8/8/4k3/2p5/7P/3K4/5R2/5BNR b - - 9 34|31 70 133 199 205 339 418 748|29 339 416 505 570 626 632 748
final|8/8/8/2pk4/7P/3K4/5R2/5BNR w - - 10 35|31 70 133 199 205 339 418 739|26 347 423 510 573 629 639 747
final|8/8/8/2pk4/7P/3K4/5RB1/6NR b - - 11 35|31 70 142 199 205 339 418 739|26 347 423 510 566 629 639 747
final|8/8/8/2p1k3/7P/3K4/5RB1/6NR w - - 12 36|31 70 142 199 205 339 418 740|29 347 416 505 561 626 632 748
final|8/8/8/2p1k3/7P/3K1B2/5R2/6NR b - - 13 36|31 70 149 199 205 339 418 740|29 347 416 505 554 626 632 748
final|8/8/8/4k3/2p4P/3K1B2/5R2/6NR w - - 0 37|31 70 149 199 205 339 410 740|37 347 416 505 554 626 632 748
final|8/8/8/4k3/2K4P/5B2/5R2/6NR b - - 0 37|31 70 149 199 205 346 740|347 416 505 554 626 632 741
final|8/8/8/5k2/2K4P/5B2/5R2/6NR w - - 1 38|31 70 149 199 205 346 741|346 416 505 554 626 632 741
final|8/8/8/5k2/2K4P/5B2/7R/6NR b - - 2 38|31 70 149 199 207 346 741|346 416 505 554 624 632 741
final|8/8/6k1/8/2K4P/5B2/7R/6NR w - - 3 39|31 70 149 199 207 346 750|337 416 505 554 624 632 741
final|8/8/6k1/8/3K3P/5B2/7R/6NR b - - 4 39|31 70 149 199 207 347 750|337 416 505 554 624 632 740
final|8/5k2/8/8/3K3P/5B2/7R/6NR w - - 5 40|31 70 149 199 207 347 757|330 416 505 554 624 632 740
final|8/5k2/8/8/3K3P/5B1N/7R/7R b - - 6 40|31 87 149 199 207 347 757|330 416 488 554 624 632 740
final|4k3/8/8/8/3K3P/5B1N/7R/7R w - - 7 41|31 87 149 199 207 347 764|323 416 488 554 624 632 740
final|4k3/8/8/8/3KB2P/7N/7R/7R b - - 8 41|31 87 156 199 207 347 764|323 416 488 547 624 632 740
final|8/4k3/8/8/3KB2P/7N/7R/7R w - - 9 42|31 87 156 199 207 347 756|331 416 488 547 624 632 740
final|8/4k3/8/8/4B2P/2K4N/7R/7R b - - 10 42|31 87 156 199 207 338 756|331 416 488 547 624 632 749
final|8/8/4k3/8/4B2P/2K4N/7R/7R w - - 11 43|31 87 156 199 207 338 748|339 416 488 547 624 632 749
final|8/8/4k3/8/4B2P/2K4N/7R/R7 b - - 12 43|31 87 156 192 207 338 748|339 416 488 547 624 639 749
final|8/3k4/8/8/4B2P/2K4N/7R/R7 w - - 13 44|31 87 156 192 207 338 755|331 423 495 548 631 632 746
final|8/3k4/8/8/4B2P/3K3N/7R/R7 b - - 14 44|31 87 156 192 207 339 755|331 423 495 548 631 632 747
final|8/4k3/8/8/4B2P/3K3N/7R/R7 w - - 15 45|31 87 156 192 207 339 756|331 416 488 547 624 639 748
final|8/4k3/8/8/4B2P/3K3N/1R6/R7 b - - 16 45|31 87 156 192 201 339 756|331 416 488 547 630 639 748
final|8/8/4k3/8/4B2P/3K3N/1R6/R7 w - - 17 46|31 87 156 192 201 339 748|339 416 488 547 630 639 748
final|8/8/4k3/R7/4B2P/3K3N/1R6/8 b - - 18 46|31 87 156 201 224 339 748|339 416 488 547 607 630 748
final|8/5k2/8/R7/4B2P/3K3N/1R6/8 w - - 19 47|31 87 156 201 224 339 757|330 416 488 547 607 630 748
final|8/5k2/8/R7/4B2P/3K3N/5R2/8 b - - 20 47|31 87 156 205 224 339 757|330 416 488 547 607 626 748
final|8/6k1/8/R7/4B2P/3K3N/5R2/8 w - - 21 48|31 87 156 205 224 339 758|329 416 488 547 607 626 748
final|8/6k1/8/R7/4B2P/3K3N/7R/8 b - - 22 48|31 87 156 207 224 339 758|329 416 488 547 607 624 748
final|8/8/5k2/R7/4B2P/3K3N/7R/8 w - - 23 49|31 87 156 207 224 339 749|338 416 488 547 607 624 748
final|8/8/5k2/R7/4BN1P/3K4/7R/8 b - - 24 49|31 93 156 207 224 339 749|338 416 482 547 607 624 748
final|8/4k3/8/R7/4BN1P/3K4/7R/8 w - - 25 50|31 93 156 207 224 339 756|331 416 482 547 607 624 748
final|8/4k3/8/R7/4B2P/3K4/6NR/8 b - - 26 50|31 78 156 207 224 339 756|331 416 497 547 607 624 748
final|4k3/8/8/R7/4B2P/3K4/6NR/8 w - - 27 51|31 78 156 207 224 339 764|323 416 497 547 607 624 748
final|4k3/8/8/R6P/4B3/3K4/6NR/8 b - - 0 51|39 78 156 207 224 339 764|323 408 497 547 607 624 748
final|8/3k4/8/R6P/4B3/3K4/6NR/8 w - - 1 52|39 78 156 207 224 339 755|331 415 502 548 600 631 747
final|8/3k4/8/R6P/4B3/3KN3/7R/8 b - - 2 52|39 84 156 207 224 339 755|331 415 492 548 600 631 747
final|8/8/4k3/R6P/4B3/3KN3/7R/8 w - - 3 53|39 84 156 207 224 339 748|339 408 491 547 607 624 748
final|8/8/4k3/R6P/4B3/3KN3/4R3/8 b - - 4 53|39 84 156 204 224 339 748|339 408 491 547 607 627 748
final|8/4k3/8/R6P/4B3/3KN3/4R3/8 w - - 5 54|39 84 156 204 224 339 756|331 408 491 547 607 627 748
final|8/4k3/8/R6P/8/3KN3/4R1B1/8 b - - 6 54|39 84 142 204 224 339 756|331 408 491 561 607 627 748
final|4k3/8/8/R6P/8/3KN3/4R1B1/8 w - - 7 55|39 84 142 204 224 339 764|323 408 491 561 607 627 748
final|4k3/8/8/R6P/8/4N3/3KR1B1/8 b - - 8 55|39 84 142 204 224 331 764|323 408 491 561 607 627 756
final|8/5k2/8/R6P/8/4N3/3KR1B1/8 w - - 9 56|39 84 142 204 224 331 757|330 408 491 561 607 627 756
final|R7/5k2/8/7P/8/4N3/3KR1B1/8 b - - 10 56|39 84 142 204 248 331 757|330 408 491 561 583 627 756
final|R7/8/4k3/7P/8/4N3/3KR1B1/8 w - - 11 57|39 84 142 204 248 331 748|339 408 491 561 583 627 756
final|8/8/4k3/7P/8/R3N3/3KR1B1/8 b - - 12 57|39 84 142 204 208 331 748|339 408 491 561 623 627 756
final|8/8/8/4k2P/8/R3N3/3KR1B1/8 w - - 13 58|39 84 142 204 208 331 740|347 408 491 561 623 627 756
final|8/8/8/4k2P/6N1/R7/3KR1B1/8 b - - 14 58|39 94 142 204 208 331 740|347 408 481 561 623 627 756
final|8/8/8/7P/3k2N1/R7/3KR1B1/8 w - - 15 59|39 94 142 204 208 331 731|355 415 486 566 616 628 755
final|8/8/4R3/7P/3k2N1/R7/3K2B1/8 b - - 16 59|39 94 142 208 236 331 731|355 415 486 566 596 616 755
final|8/8/4R3/2k4P/6N1/R7/3K2B1/8 w - - 17 60|39 94 142 208 236 331 738|346 415 486 566 596 616 755
final|8/8/2R5/2k4P/6N1/R7/3K2B1/8 b - - 18 60|39 94 142 208 234 331 738|346 415 486 566 594 616 755
final|8/8/2R5/7P/3k2N1/R7/3K2B1/8 w - - 19 61|39 94 142 208 234 331 731|355 415 486 566 594 616 755
final|8/8/2R5/7P/3k2N1/R7/4K1B1/8 b - - 20 61|32 89 137 215 237 331 732|355 415 486 566 594 616 756
final|8/4k3/4P3/4p2p/4P3/7P/2K5/1N6 b - - 0 28|23 28 44 65 330 420 423 756|24 27 331 403 419 424 510 757
final|8/8/4k3/4p2p/4P3/7P/2K5/1N6 w - - 0 29|23 28 65 330 420 423 748|24 27 339 419 424 510 757
final|8/8/4k3/4p2p/4P3/2N4P/2K5/8 b - - 1 29|23 28 82 330 420 423 748|24 27 339 419 424 493 757
final|8/8/5k2/4p2p/4P3/2N4P/2K5/8 w - - 2 30|23 28 82 330 420 423 749|24 27 338 419 424 493 757
final|8/8/5k2/4p2p/4P3/7P/2K5/3N4 b - - 3 30|23 28 67 330 420 423 749|24 27 338 419 424 508 757
final|8/8/6k1/4p2p/4P3/7P/2K5/3N4 w - - 4 31|23 28 67 330 420 423 750|24 27 337 419 424 508 757
final|8/8/6k1/4p2p/4P3/4N2P/2K5/8 b - - 5 31|23 28 84 330 420 423 750|24 27 337 419 424 491 757
final|8/8/6k1/4p3/4P2p/4N2P/2K5/8 w - - 0 32|23 28 84 330 415 420 750|27 32 337 419 424 491 757
final|8/8/6k1/4p3/4P2p/4N2P/8/2K5 b - - 1 32|23 28 84 322 415 420 750|27 32 337 419 424 491 765
final|8/6k1/8/4p3/4P2p/4N2P/8/2K5 w - - 2 33|23 28 84 322 415 420 758|27 32 329 419 424 491 765
final|8/6k1/8/4p3/4P2p/4N2P/2K5/8 b - - 3 33|23 28 84 330 415 420 758|27 32 329 419 424 491 757
final|5k2/8/8/4p3/4P2p/4N2P/2K5/8 w - - 4 34|23 28 84 330 415 420 765|27 32 322 419 424 491 757
final|5k2/8/8/4p3/4P2p/7P/2K5/5N2 b - - 5 34|23 28 69 330 415 420 765|27 32 322 419 424 506 757
final|8/4k3/8/4p3/4P2p/7P/2K5/5N2 w - - 6 35|23 28 69 330 415 420 756|27 32 331 419 424 506 757
final|8/4k3/8/4p3/4P2p/7P/2K4N/8 b - - 7 35|23 28 79 330 415 420 756|27 32 331 419 424 496 757
final|8/8/3k4/4p3/4P2p/7P/2K4N/8 w - - 8 36|23 28 79 330 415 420 747|28 39 339 420 431 503 754
final|8/8/3k4/4p3/4P2p/7P/2K5/5N2 b - - 9 36|23 28 69 330 415 420 747|28 39 339 420 431 509 754
final|8/4k3/8/4p3/4P2p/7P/8/1K3N2 b - - 11 37|23 28 69 321 415 420 756|27 32 331 419 424 506 766
final|8/3k4/8/4p3/4P2p/7P/8/1K3N2 w - - 12 38|23 28 69 321 415 420 755|28 39 331 420 431 509 761
final|8/3k4/8/4p3/4P2p/6NP/8/1K6 b - - 13 38|23 28 86 321 415 420 755|28 39 331 420 431 494 761
final|8/8/3k4/4p3/4P2p/6NP/8/1K6 w - - 14 39|23 28 86 321 415 420 747|28 39 339 420 431 494 761
final|8/8/3k4/4p3/4P2p/7P/8/1K3N2 b - - 15 39|23 28 69 321 415 420 747|28 39 339 420 431 509 761
final|8/2k5/8/4p3/4P2p/7P/8/1K3N2 w - - 16 40|23 28 69 321 415 420 754|28 39 330 420 431 509 761
final|8/2k5/8/4p3/4P2p/7P/7N/1K6 b - - 17 40|23 28 79 321 415 420 754|28 39 330 420 431 503 761
final|8/1k6/8/4p3/4P2p/7P/7N/1K6 w - - 18 41|23 28 79 321 415 420 753|28 39 329 420 431 503 761
final|8/1k6/8/4p3/4P2p/7P/7N/2K5 b - - 19 41|23 28 79 322 415 420 753|28 39 329 420 431 503 762
final|2k5/8/8/4p3/4P2p/7P/7N/2K5 w - - 20 42|23 28 79 322 415 420 762|28 39 322 420 431 503 762
final|2k5/8/8/4p3/4P2p/7P/8/2K2N2 b - - 21 42|23 28 69 322 415 420 762|28 39 322 420 431 509 762
final|1k6/8/8/4p3/4P2p/7P/8/2K2N2 w - - 22 43|23 28 69 322 415 420 761|28 39 321 420 431 509 762
final|1k6/8/8/4p3/4P2p/7P/2K5/5N2 b - - 23 43|23 28 69 330 415 420 761|28 39 321 420 431 509 754
final|8/2k5/8/4p3/4P2p/7P/2K5/5N2 w - - 24 44|23 28 69 330 415 420 754|28 39 330 420 431 509 754
final|8/2k5/8/4p3/4P2p/7P/2K4N/8 b - - 25 44|23 28 79 330 415 420 754|28 39 330 420 431 503 754
final|3k4/8/8/4p3/4P2p/7P/2K4N/8 w - - 26 45|23 28 79 330 415 420 763|28 39 323 420 431 503 754
final|3k4/8/8/4p3/4P2p/1K5P/7N/8 b - - 27 45|23 28 79 337 415 420 763|28 39 323 420 431 503 745
final|8/4k3/8/4p3/4P2p/1K5P/7N/8 w - - 28 46|23 28 79 337 415 420 756|27 32 331 419 424 496 750
final|8/4k3/8/4p3/4P1Np/1K5P/8/8 b - - 29 46|23 28 94 337 415 420 756|27 32 331 419 424 481 750
final|5k2/8/8/4p3/4P1Np/1K5P/8/8 w - - 30 47|23 28 94 337 415 420 765|27 32 322 419 424 481 750
final|5k2/8/8/4p3/K3P1Np/7P/8/8 b - - 31 47|23 28 94 344 415 420 765|27 32 322 419 424 481 743
final|4k3/8/8/4p3/K3P1Np/7P/8/8 w - - 32 48|23 28 94 344 415 420 764|27 32 323 419 424 481 743
final|4k3/8/5N2/4p3/K3P2p/7P/8/8 b - - 33 48|23 28 109 344 415 420 764|27 32 323 419 424 466 743
final|8/4k3/5N2/4p3/K3P2p/7P/8/8 w - - 34 49|23 28 109 344 415 420 756|27 32 331 419 424 466 743
final|8/4k2N/8/4p3/K3P2p/7P/8/8 b - - 35 49|23 28 119 344 415 420 756|27 32 331 419 424 456 743
final|8/7N/4k3/4p3/K3P2p/7P/8/8 w - - 36 50|23 28 119 344 415 420 748|27 32 339 419 424 456 743
final|8/7N/4k3/K3p3/4P2p/7P/8/8 b - - 37 50|23 28 119 352 415 420 748|27 32 339 419 424 456 735
final|8/3k3N/8/K3p3/4P2p/7P/8/8 w - - 38 51|23 28 119 352 415 420 755|28 39 331 420 431 463 728
final|8/3k4/8/K3p1N1/4P2p/7P/8/8 b - - 39 51|23 28 102 352 415 420 755|28 39 331 420 431 478 728
final|2k5/8/8/K3p1N1/4P2p/7P/8/8 w - - 40 52|23 28 102 352 415 420 762|28 39 322 420 431 478 728
final|2k5/8/8/4p1N1/1K2P2p/7P/8/8 b - - 41 52|23 28 102 345 415 420 762|28 39 322 420 431 478 737
final|3k4/8/8/4p1N1/1K2P2p/7P/8/8 w - - 42 53|23 28 102 345 415 420 763|28 39 323 420 431 478 737
final|3k4/8/8/2K1p1N1/4P2p/7P/8/8 b - - 43 53|23 28 102 354 415 420 763|28 39 323 420 431 478 730
final|2k5/8/8/2K1p1N1/4P2p/7P/8/8 w - - 44 54|23 28 102 354 415 420 762|28 39 322 420 431 478 730
final|2k5/5N2/8/2K1p3/4P2p/7P/8/8 b - - 45 54|23 28 117 354 415 420 762|28 39 322 420 431 461 730
final|8/1k3N2/8/2K1p3/4P2p/7P/8/8 w - - 46 55|23 28 117 354 415 420 753|28 39 329 420 431 461 730
final|8/1k6/8/2K1N3/4P2p/7P/8/8 b - - 0 55|23 28 100 354 415 753|39 329 420 431 476 730
final|2k5/8/8/2K1N3/4P2p/7P/8/8 w - - 1 56|23 28 100 354 415 762|39 322 420 431 476 730
final|2k5/8/8/2K5/4P2p/3N3P/8/8 b - - 2 56|23 28 83 354 415 762|39 322 420 431 491 730
final|8/3k4/8/2K5/4P2p/3N3P/8/8 w - - 3 57|23 28 83 354 415 755|39 331 420 431 491 730
final|8/3k4/8/2K5/4P2p/7P/1N6/8 b - - 4 57|23 28 73 354 415 755|39 331 420 431 497 730
final|8/4k3/8/2K5/4P2p/7P/1N6/8 w - - 5 58|23 28 73 354 415 756|32 331 419 424 502 733
final|8/4k3/8/3K4/4P2p/7P/1N6/8 b - - 6 58|23 28 73 355 415 756|32 331 419 424 502 732
final|3k4/8/8/3K4/4P2p/7P/1N6/8 w - - 7 59|23 28 73 355 415 763|39 323 420 431 497 731
final|3k4/8/8/3K4/N3P2p/7P/8/8 b - - 8 59|23 28 88 355 415 763|39 323 420 431 480 731
final|8/2k5/8/3K4/N3P2p/7P/8/8 w - - 9 60|23 28 88 355 415 754|39 330 420 431 480 731
final|8/2k5/8/3KP3/N6p/7P/8/8 b - - 0 60|23 36 88 355 415 754|39 330 412 431 480 731
final|1k6/8/8/3KP3/N6p/7P/8/8 w - - 1 61|23 36 88 355 415 761|39 321 412 431 480 731
final|1k6/8/8/4P3/N2K3p/7P/8/8 b - - 2 61|23 36 88 347 415 761|39 321 412 431 480 739
final|8/k7/8/4P3/N2K3p/7P/8/8 w - - 3 62|23 36 88 347 415 752|39 328 412 431 480 739
final|8/k7/8/4P3/N1K4p/7P/8/8 b - - 4 62|23 36 88 346 415 752|39 328 412 431 480 738
final|k7/8/8/4P3/N1K4p/7P/8/8 w - - 5 63|23 36 88 346 415 760|39 320 412 431 480 738
final|k7/8/8/4P3/N6p/3K3P/8/8 b - - 6 63|23 36 88 339 415 760|39 320 412 431 480 747
final|1k6/8/8/4P3/N6p/3K3P/8/8 w - - 7 64|23 36 88 339 415 761|39 321 412 431 480 747
final|1k6/8/8/4P3/N6p/7P/4K3/8 b - - 8 64|16 35 95 331 408 766|39 321 412 431 480 756
final|2k5/8/8/4P3/N6p/7P/4K3/8 w - - 9 65|16 35 95 331 408 765|39 322 412 431 480 756
final|2k5/8/8/4P3/N6p/4K2P/8/8 b - - 10 65|16 35 95 339 408 765|39 322 412 431 480 748
final|1k6/8/8/4P3/N6p/4K2P/8/8 w - - 11 66|16 35 95 339 408 766|39 321 412 431 480 748
final|1k6/8/8/4P3/7p/2N1K2P/8/8 b - - 12 66|16 35 85 339 408 766|39 321 412 431 490 748
final|8/1k6/8/4P3/7p/2N1K2P/8/8 w - - 13 67|16 35 85 339 408 758|39 329 412 431 490 748
final|8/1k6/8/4P3/7p/4K2P/8/1N6 b - - 14 67|16 35 70 339 408 758|39 329 412 431 505 748
final|8/k7/8/4P3/7p/4K2P/8/1N6 w - - 15 68|16 35 70 339 408 759|39 328 412 431 505 748
final|8/k7/8/4P3/7p/7P/4K3/1N6 b - - 16 68|16 35 70 331 408 759|39 328 412 431 505 756
final|k7/8/8/4P3/7p/7P/4K3/1N6 w - - 17 69|16 35 70 331 408 767|39 320 412 431 505 756
final|k7/8/8/4P3/7p/7P/3NK3/8 b - - 18 69|16 35 76 331 408 767|39 320 412 431 499 756
final|1k6/8/8/4P3/7p/7P/3NK3/8 w - - 19 70|16 35 76 331 408 766|39 321 412 431 499 756
final|1k6/8/8/4P3/7p/1N5P/4K3/8 b - - 20 70|16 35 86 331 408 766|39 321 412 431 489 756
final|k7/8/8/4P3/7p/1N5P/4K3/8 w - - 21 71|16 35 86 331 408 767|39 320 412 431 489 756
final|k7/8/8/4P3/7p/1N5P/8/3K4 b - - 22 71|23 36 81 323 415 760|39 320 412 431 489 763
final|8/k7/8/4P3/7p/1N5P/8/3K4 w - - 23 72|23 36 81 323 415 752|39 328 412 431 489 763
final|8/k7/8/4P3/7p/7P/8/N2K4 b - - 24 72|23 36 64 323 415 752|39 328 412 431 504 763
final|k7/8/8/4P3/7p/7P/8/N2K4 w - - 25 73|23 36 64 323 415 760|39 320 412 431 504 763
final|k7/8/4P3/8/7p/7P/8/N2K4 b - - 0 73|23 44 64 323 415 760|39 320 404 431 504 763
final|8/1k6/4P3/8/7p/7P/8/N2K4 w - - 1 74|23 44 64 323 415 753|39 329 404 431 504 763
final|4N3/2k5/8/8/7p/7P/4K3/N7 b - - 0 79|16 71 123 331 408 757|39 330 431 452 504 756
final|4N3/8/2k5/8/7p/7P/4K3/N7 w - - 1 80|16 71 123 331 408 749|39 338 431 452 504 756
final|8/8/2k2N2/8/7p/7P/4K3/N7 b - - 2 80|16 71 106 331 408 749|39 338 431 469 504 756
final|8/8/5N2/2k5/7p/7P/4K3/N7 w - - 3 81|16 71 106 331 408 741|39 346 431 469 504 756
final|8/3N4/8/2k5/7p/7P/4K3/N7 b - - 4 81|16 71 116 331 408 741|39 346 431 459 504 756
final|8/3N4/8/8/1k5p/7P/4K3/N7 w - - 5 82|16 71 116 331 408 734|39 353 431 459 504 756
final|8/3N4/8/8/1k5p/7P/8/N2K4 b - - 6 82|23 64 115 323 415 729|39 353 431 459 504 763
final|8/3N4/8/8/7p/2k4P/8/N2K4 w - - 7 83|23 64 115 323 415 722|39 362 431 459 504 763
final|8/8/1N6/8/7p/2k4P/8/N2K4 b - - 8 83|23 64 105 323 415 722|39 362 431 465 504 763
final|8/8/1N6/8/1k5p/7P/8/N2K4 w - - 9 84|23 64 105 323 415 729|39 353 431 465 504 763
final|8/8/1N6/8/1k5p/7P/2K5/N7 b - - 10 84|23 64 105 330 415 729|39 353 431 465 504 754
final|8/8/1N6/k7/7p/7P/2K5/N7 w - - 11 85|23 64 105 330 415 736|39 344 431 465 504 754
final|N7/8/8/k7/7p/7P/2K5/N7 b - - 12 85|23 64 120 330 415 736|39 344 431 448 504 754
final|N7/8/8/1k6/7p/7P/2K5/N7 w - - 13 86|23 64 120 330 415 737|39 345 431 448 504 754
final|N7/8/8/1k6/7p/7P/1K6/N7 b - - 14 86|23 64 120 329 415 737|39 345 431 448 504 753
final|N7/8/k7/8/7p/7P/1K6/N7 w - - 15 87|23 64 120 329 415 744|39 336 431 448 504 753
final|N7/8/k7/8/7p/2K4P/8/N7 b - - 16 87|23 64 120 338 415 744|39 336 431 448 504 746
final|N7/1k6/8/8/7p/2K4P/8/N7 w - - 17 88|23 64 120 338 415 753|39 329 431 448 504 746
final|N7/1k6/8/8/7p/1K5P/8/N7 b - - 18 88|23 64 120 337 415 753|39 329 431 448 504 745
final|N1k5/8/8/8/7p/1K5P/8/N7 w - - 19 89|23 64 120 337 415 762|39 322 431 448 504 745
final|2k5/2N5/8/8/7p/1K5P/8/N7 b - - 20 89|23 64 114 337 415 762|39 322 431 458 504 745
final|8/2k5/8/8/7p/1K5P/8/N7 w - - 0 90|23 64 337 415 754|39 330 431 504 745
final|8/2k5/8/8/K6p/7P/8/N7 b - - 1 90|23 64 344 415 754|39 330 431 504 736
final|8/8/3k4/8/K6p/7P/8/N7 w - - 2 91|23 64 344 415 747|39 339 431 504 736
final|8/8/3k4/8/7p/1K5P/8/N7 b - - 3 91|23 64 337 415 747|39 339 431 504 745
final|8/4k3/8/8/7p/1K5P/8/N7 w - - 4 92|23 64 337 415 756|32 331 424 511 750
final|8/4k3/8/8/7p/2K4P/8/N7 b - - 5 92|23 64 338 415 756|32 331 424 511 749
final|8/3k4/8/8/7p/2K4P/8/N7 w - - 6 93|23 64 338 415 755|39 331 431 504 746
final|8/3k4/8/8/7p/1NK4P/8/8 b - - 7 93|23 81 338 415 755|39 331 431 489 746
final|8/4k3/8/8/7p/1NK4P/8/8 w - - 8 94|23 81 338 415 756|32 331 424 494 749
final|8/4k3/8/N7/7p/2K4P/8/8 b - - 9 94|23 96 338 415 756|32 331 424 479 749
final|5k2/8/8/N7/7p/2K4P/8/8 w - - 10 95|23 96 338 415 765|32 322 424 479 749
final|5k2/8/2N5/8/7p/2K4P/8/8 b - - 11 95|23 106 338 415 765|32 322 424 469 749
final|6k1/8/2N5/8/7p/2K4P/8/8 w - - 12 96|23 106 338 415 766|32 321 424 469 749
final|6k1/4N3/8/8/7p/2K4P/8/8 b - - 13 96|23 116 338 415 766|32 321 424 459 749
final|5k2/4N3/8/8/7p/2K4P/8/8 w - - 14 97|23 116 338 415 765|32 322 424 459 749
final|5kN1/8/8/8/7p/2K4P/8/8 b - - 15 97|23 126 338 415 765|32 322 424 449 749
final|6k1/8/8/8/7p/2K4P/8/8 w - - 0 98|23 338 415 766|32 321 424 749
final|6k1/8/8/8/7p/1K5P/8/8 b - - 1 98|23 337 415 766|32 321 424 750
final|8/5k2/8/8/7p/1K5P/8/8 w - - 2 99|23 337 415 757|32 330 424 750
final|8/5k2/8/8/7p/7P/2K5/8 b - - 3 99|23 330 415 757|32 330 424 757
final|4k3/8/8/8/7p/7P/2K5/8 w - - 4 100|23 330 415 764|32 323 424 757
final|4k3/8/8/8/7p/7P/8/3K4 b - - 5 100|23 323 415 764|32 323 424 764
final|8/5k2/8/8/7p/7P/8/3K4 w - - 6 101|23 323 415 757|32 330 424 764
final|8/5k2/8/8/7p/7P/8/4K3 b - - 7 101|16 323 408 754|32 330 424 763
final|8/8/6k1/8/7p/7P/8/4K3 w - - 8 102|16 323 408 745|32 337 424 763
final|8/8/6k1/8/7p/7P/8/5K2 b - - 9 102|16 322 408 745|32 337 424 762
final|8/8/8/5k2/7p/7P/8/5K2 w - - 10 103|16 322 408 738|32 346 424 762
final|8/8/8/5k2/7p/7P/8/6K1 b - - 11 103|16 321 408 738|32 346 424 761
final|8/8/4k3/8/7p/7P/8/6K1 w - - 12 104|16 321 408 747|32 339 424 761
final|8/8/4k3/8/7p/7P/7K/8 b - - 13 104|16 328 408 747|32 339 424 752
final|8/8/8/5k2/7p/7P/7K/8 w - - 14 105|16 328 408 738|32 346 424 752
final|8/8/4k3/8/7p/7P/5K2/8 b - - 17 106|16 330 408 747|32 339 424 754
final|8/5k2/8/8/7p/7P/5K2/8 w - - 18 107|16 330 408 754|32 330 424 754
final|8/5k2/8/8/7p/5K1P/8/8 b - - 19 107|16 338 408 754|32 330 424 746
final|8/8/5k2/8/7p/5K1P/8/8 w - - 20 108|16 338 408 746|32 338 424 746
final|8/8/5k2/8/7p/7P/4K3/8 b - - 21 108|16 331 408 746|32 338 424 755
final|8/8/8/4k3/7p/7P/4K3/8 w - - 22 109|16 331 408 739|32 347 424 755
final|8/8/8/4k3/7p/3K3P/8/8 b - - 23 109|23 339 415 740|32 347 424 748
final|8/8/8/8/5k1p/3K3P/8/8 w - - 24 110|23 339 415 733|32 354 424 748
final|8/8/8/8/5k1p/7P/3K4/8 b - - 25 110|23 331 415 733|32 354 424 756
final|8/8/8/4k3/7p/7P/3K4/8 w - - 26 111|23 331 415 740|32 347 424 756
final|8/8/8/4k3/7p/2K4P/8/8 b - - 27 111|23 338 415 740|32 347 424 749
final|8/8/8/8/5k1p/2K4P/8/8 w - - 28 112|23 338 415 733|32 354 424 749
final|8/8/8/8/5k1p/3K3P/8/8 b - - 29 112|23 339 415 733|32 354 424 748
final|8/8/8/4k3/7p/3K3P/8/8 w - - 30 113|23 339 415 740|32 347 424 748
final|8/8/8/4k3/7p/7P/4K3/8 b - - 31 113|16 331 408 739|32 347 424 755
final|8/8/8/5k2/7p/7P/4K3/8 w - - 32 114|16 331 408 738|32 346 424 755
final|8/8/8/5k2/7p/7P/8/3K4 b - - 33 114|23 323 415 741|32 346 424 764
final|8/8/8/8/5k1p/7P/8/3K4 w - - 34 115|23 323 415 733|32 354 424 764
final|8/8/8/8/5k1p/7P/4K3/8 b - - 35 115|16 331 408 730|32 354 424 755
final|8/8/8/4k3/7p/7P/3K4/8 b - - 37 116|23 331 415 740|32 347 424 756
final|8/8/8/8/5k1p/7P/3K4/8 w - - 38 117|23 331 415 733|32 354 424 756
final|8/8/8/8/5k1p/7P/8/2K5 b - - 39 117|23 322 415 733|32 354 424 765
final|8/8/8/8/7p/4k2P/8/2K5 w - - 40 118|23 322 415 724|32 363 424 765
final|8/8/8/8/7p/4k2P/8/3K4 b - - 41 118|23 323 415 724|32 363 424 764
final|8/8/8/8/5k1p/7P/8/4K3 b - - 43 119|16 323 408 730|32 354 424 763
final|8/8/8/8/4k2p/7P/8/4K3 w - - 44 120|16 323 408 731|32 355 424 763
final|8/8/8/8/4k2p/7P/5K2/8 b - - 45 120|16 330 408 731|32 355 424 754
final|8/8/8/5k2/7p/7P/5K2/8 w - - 46 121|16 330 408 738|32 346 424 754
final|8/8/8/5k2/7p/5K1P/8/8 b - - 47 121|16 338 408 738|32 346 424 746
final|8/8/4k3/8/7p/5K1P/8/8 w - - 48 122|16 338 408 747|32 339 424 746
final|8/8/4k3/8/7p/4K2P/8/8 b - - 49 122|16 339 408 747|32 339 424 747
final|8/8/5k2/8/7p/4K2P/8/8 w - - 50 123|16 339 408 746|32 338 424 747
final|8/8/5k2/8/7p/3K3P/8/8 b - - 51 123|23 339 415 749|32 338 424 748
final|8/8/4k3/8/7p/3K3P/8/8 w - - 52 124|23 339 415 748|32 339 424 748
final|8/8/4k3/8/7p/7P/3K4/8 b - - 53 124|23 331 415 748|32 339 424 756
final|8/8/8/3k4/7p/7P/3K4/8 w - - 54 125|23 331 415 739|39 347 431 755
final|8/8/8/3k4/7p/2K4P/8/8 b - - 55 125|23 338 415 739|39 347 431 746
final|8/8/8/4k3/7p/2K4P/8/8 w - - 56 126|23 338 415 740|32 347 424 749
final|8/8/8/4k3/7p/7P/2K5/8 b - - 57 126|23 330 415 740|32 347 424 757
final|8/8/8/8/3k3p/7P/2K5/8 w - - 58 127|23 330 415 731|39 355 431 754
final|8/8/8/8/3k3p/7P/3K4/8 b - - 59 127|23 331 415 731|39 355 431 755
final|8/8/8/3k4/7p/7P/8/3K4 b - - 61 128|23 323 415 739|39 347 431 763
final|8/8/8/4k3/7p/7P/8/3K4 w - - 62 129|23 323 415 740|32 347 424 764
final|8/8/8/8/5k1p/7P/2K5/8 w - - 64 130|23 330 415 733|32 354 424 757
final|8/8/8/8/5k1p/7P/8/1K6 b - - 65 130|23 321 415 733|32 354 424 766
final|8/8/8/8/7p/5k1P/8/1K6 w - - 66 131|23 321 415 725|32 362 424 766
final|8/8/8/8/7p/5k1P/1K6/8 b - - 67 131|23 329 415 725|32 362 424 758
final|8/8/8/8/7p/7P/1K4k1/8 w - - 68 132|23 329 415 718|32 369 424 758
final|8/8/8/8/7p/7P/6k1/2K5 b - - 69 132|23 322 415 718|32 369 424 765
final|8/8/8/8/7p/7k/8/2K5 w - - 0 133|322 415 727|32 360 765
final|8/8/8/8/7p/7k/8/1K6 b - - 1 133|321 415 727|32 360 766
final|8/8/8/8/6kp/8/8/1K6 w - - 2 134|321 415 734|32 353 766
final|8/8/8/8/6kp/8/8/K7 b - - 3 134|320 415 734|32 353 767
final|8/8/8/8/7p/7k/8/K7 w - - 4 135|320 415 727|32 360 767
final|8/8/8/8/7p/6k1/8/1K6 w - - 6 136|321 415 726|32 361 766
final|8/8/8/8/7p/6k1/8/K7 b - - 7 136|320 415 726|32 361 767
final|8/8/8/8/7p/8/5k2/K7 w - - 8 137|320 415 717|32 370 767
final|8/8/8/8/7p/8/5k2/1K6 b - - 9 137|321 415 717|32 370 766
final|8/8/8/8/7p/8/4k3/1K6 w - - 10 138|321 415 716|32 371 766
final|8/8/8/8/7p/8/1K2k3/8 b - - 11 138|329 415 716|32 371 758
final|8/8/8/8/7p/8/1K3k2/8 w - - 12 139|329 415 717|32 370 758
final|8/8/8/8/7p/8/K4k2/8 b - - 13 139|328 415 717|32 370 759
final|8/8/8/8/7p/8/K7/4k3 w - - 14 140|328 415 708|32 379 759
final|8/8/8/8/7p/1K6/8/4k3 b - - 15 140|337 415 708|32 379 750
final|8/8/8/8/8/1K5p/8/4k3 w - - 0 141|337 407 708|40 379 750
final|8/8/8/8/8/2K4p/8/4k3 b - - 1 141|338 407 708|40 379 749
final|8/8/8/8/8/2K4p/5k2/8 w - - 2 142|338 407 717|40 370 749
final|8/8/8/8/8/1K5p/5k2/8 b - - 3 142|337 407 717|40 370 750
final|8/8/8/8/8/1K3k1p/8/8 w - - 4 143|337 407 725|40 362 750
final|8/8/8/8/K7/5k1p/8/8 b - - 5 143|344 407 725|40 362 743
final|8/8/8/8/K5k1/7p/8/8 w - - 6 144|344 407 734|40 353 743
final|8/8/8/K7/6k1/7p/8/8 b - - 7 144|352 407 734|40 353 735
final|8/8/8/K7/8/6kp/8/8 w - - 8 145|352 407 726|40 361 735
final|8/8/1K6/8/8/6kp/8/8 b - - 9 145|361 407 726|40 361 726
final|8/8/1K6/8/8/7p/7k/8 w - - 10 146|361 407 719|40 368 726
final|8/8/8/1K6/8/7p/7k/8 b - - 11 146|353 407 719|40 368 734
final|8/8/8/1K6/8/7p/8/7k w - - 12 147|353 407 711|40 376 734
final|8/8/8/K7/8/7p/8/7k b - - 13 147|352 407 711|40 376 735
final|8/8/8/K7/8/7p/8/6k1 w - - 14 148|352 407 710|40 377 735
final|8/8/8/1K6/8/7p/8/6k1 b - - 15 148|353 407 710|40 377 734
final|8/8/8/2K5/8/8/6k1/7r w - - 0 151|354 583 718|248 369 733
final|8/5k2/8/p1b2K2/5P1p/6r1/7P/8 w - - 0 43|8 26 354 408 423 549 593 754|31 32 157 233 330 418 432 730
final|8/5k2/8/p1b5/4KP1p/6r1/7P/8 b - - 1 43|8 26 347 408 423 549 593 754|31 32 157 233 330 418 432 739
final|8/5kr1/8/p1b5/4KP1p/8/7P/8 w - - 2 44|8 26 347 408 423 549 625 754|31 32 157 201 330 418 432 739
final|8/5kr1/8/p1bK4/5P1p/8/7P/8 b - - 3 44|15 29 355 415 416 546 630 757|31 32 157 201 330 418 432 732
final|8/6r1/6k1/p1bK4/5P1p/8/7P/8 w - - 4 45|15 29 355 415 416 546 630 750|31 32 157 201 337 418 432 732
final|8/6r1/4K1k1/p1b5/5P1p/8/7P/8 b - - 5 45|8 26 363 408 423 549 625 745|31 32 157 201 337 418 432 723
final|8/7r/4K1k1/p1b5/5P1p/8/7P/8 w - - 6 46|8 26 363 408 423 549 624 745|31 32 157 200 337 418 432 723
final|8/7r/4K1k1/p1b5/5P1p/7P/8/8 b - - 0 46|16 26 363 408 423 549 624 745|31 32 157 200 337 418 424 723
final|8/7r/4K1k1/p7/3b1P1p/7P/8/8 w - - 1 47|16 26 363 408 423 540 624 745|31 32 164 200 337 418 424 723
final|8/7r/6k1/p2K4/3b1P1p/7P/8/8 b - - 2 47|23 29 355 415 416 539 631 750|31 32 164 200 337 418 424 732
final|8/7r/6k1/p2K4/5P1p/7P/1b6/8 w - - 3 48|23 29 355 415 416 521 631 750|31 32 182 200 337 418 424 732
final|8/7r/4K1k1/p7/5P1p/7P/1b6/8 b - - 4 48|16 26 363 408 423 526 624 745|31 32 182 200 337 418 424 723
final|8/7r/4Kbk1/p7/5P1p/7P/8/8 w - - 5 49|16 26 363 408 423 554 624 745|31 32 146 200 337 418 424 723
final|8/7r/3K1bk1/p7/5P1p/7P/8/8 b - - 6 49|23 29 363 415 416 557 631 750|31 32 146 200 337 418 424 724
final|8/6br/3K2k1/p7/5P1p/7P/8/8 w - - 7 50|23 29 363 415 416 566 631 750|31 32 137 200 337 418 424 724
final|8/2K3br/6k1/p7/5P1p/7P/8/8 b - - 8 50|23 29 370 415 416 566 631 750|31 32 137 200 337 418 424 717
final|8/2K4r/6k1/p7/5P1p/7P/8/b7 w - - 9 51|23 29 370 415 416 512 631 750|31 32 191 200 337 418 424 717
final|3K4/7r/6k1/p7/5P1p/7P/8/b7 b - - 10 51|23 29 379 415 416 512 631 750|31 32 191 200 337 418 424 708
final|3K4/4r3/6k1/p7/5P1p/7P/8/b7 w - - 11 52|23 29 379 415 416 512 628 750|31 32 191 203 337 418 424 708
final|8/4K3/6k1/p7/5P1p/7P/8/b7 b - - 0 52|16 26 371 408 423 519 745|31 32 191 337 418 424 715
final|8/4K1k1/8/p7/5P1p/7P/8/b7 w - - 1 53|16 26 371 408 423 519 753|31 32 191 329 418 424 715
final|4K3/6k1/8/p7/5P1p/7P/8/b7 b - - 2 53|16 26 379 408 423 519 753|31 32 191 329 418 424 707
final|4K3/7k/8/p7/5P1p/7P/8/b7 w - - 3 54|16 26 379 408 423 519 752|31 32 191 328 418 424 707
final|8/3K3k/8/p7/5P1p/7P/8/b7 b - - 4 54|23 29 371 415 416 512 759|31 32 191 328 418 424 716
final|8/3K3k/8/p7/5P1p/2b4P/8/8 w - - 5 55|23 29 371 415 416 530 759|31 32 173 328 418 424 716
final|2K5/7k/8/p7/5P1p/2b4P/8/8 b - - 6 55|23 29 378 415 416 530 759|31 32 173 328 418 424 709
final|2K5/7k/8/8/p4P1p/2b4P/8/8 w - - 0 56|23 29 378 408 415 530 759|32 39 173 328 418 424 709
final|2K5/7k/8/5P2/p6p/2b4P/8/8 b - - 0 56|23 37 378 408 415 530 759|32 39 173 328 410 424 709
final|2K5/8/7k/5P2/p6p/2b4P/8/8 w - - 1 57|23 37 378 408 415 530 751|32 39 173 336 410 424 709
final|8/2K5/7k/5P2/p6p/2b4P/8/8 b - - 2 57|23 37 370 408 415 530 751|32 39 173 336 410 424 717
final|8/2K5/7k/5P2/p6p/7P/1b6/8 w - - 3 58|23 37 370 408 415 521 751|32 39 182 336 410 424 717
final|1K6/8/7k/5P2/p6p/7P/1b6/8 b - - 4 58|23 37 377 408 415 521 751|32 39 182 336 410 424 710
final|1K6/8/7k/5P2/p6p/2b4P/8/8 w - - 5 59|23 37 377 408 415 530 751|32 39 173 336 410 424 710
final|K7/8/7k/5P2/p6p/2b4P/8/8 b - - 6 59|23 37 376 408 415 530 751|32 39 173 336 410 424 711
final|K7/8/7k/5P2/7p/p1b4P/8/8 w - - 0 60|23 37 376 400 415 530 751|32 47 173 336 410 424 711
final|8/K7/7k/5P2/7p/p1b4P/8/8 b - - 1 60|23 37 368 400 415 530 751|32 47 173 336 410 424 719
final|8/K6k/8/5P2/7p/p1b4P/8/8 w - - 2 61|23 37 368 400 415 530 759|32 47 173 328 410 424 719
final|8/1K5k/8/5P2/7p/p1b4P/8/8 b - - 3 61|23 37 369 400 415 530 759|32 47 173 328 410 424 718
final|8/1K5k/8/5P2/7p/p6P/8/4b3 w - - 4 62|23 37 369 400 415 516 759|32 47 187 328 410 424 718
final|1K6/7k/8/5P2/7p/p6P/8/4b3 b - - 5 62|23 37 377 400 415 516 759|32 47 187 328 410 424 710
final|1K6/7k/8/b4P2/7p/p6P/8/8 w - - 6 63|23 37 377 400 415 544 759|32 47 159 328 410 424 710
final|K7/7k/8/b4P2/7p/p6P/8/8 b - - 7 63|23 37 376 400 415 544 759|32 47 159 328 410 424 711
final|K7/7k/8/5P2/7p/p6P/3b4/8 w - - 8 64|23 37 376 400 415 523 759|32 47 180 328 410 424 711
final|K7/7k/5P2/8/7p/p6P/3b4/8 b - - 0 64|23 45 376 400 415 523 759|32 47 180 328 402 424 711
final|K5k1/8/5P2/8/7p/p6P/3b4/8 w - - 1 65|23 45 376 400 415 523 766|32 47 180 321 402 424 711
final|K7/5k2/8/8/7p/p6P/3b4/8 w - - 0 66|23 376 400 415 523 757|32 47 180 330 424 711
final|8/K4k2/8/8/7p/p6P/3b4/8 b - - 1 66|23 368 400 415 523 757|32 47 180 330 424 719
final|8/K7/4k3/8/7p/p6P/3b4/8 w - - 2 67|23 368 400 415 523 748|32 47 180 339 424 719
final|1K6/8/4k3/8/7p/p6P/3b4/8 b - - 3 67|23 377 400 415 523 748|32 47 180 339 424 710
final|1K6/3k4/8/8/7p/p6P/3b4/8 w - - 4 68|23 377 400 415 523 755|39 40 179 331 431 705
final|K7/3k4/8/8/7p/p6P/3b4/8 b - - 5 68|23 376 400 415 523 755|39 40 179 331 431 704
final|K7/3k4/8/8/5b1p/p6P/8/8 w - - 6 69|23 376 400 415 541 755|39 40 165 331 431 704
final|8/K2k4/8/8/5b1p/p6P/8/8 b - - 7 69|23 368 400 415 541 755|39 40 165 331 431 712
final|8/K2k4/7b/8/7p/p6P/8/8 w - - 8 70|23 368 400 415 559 755|39 40 151 331 431 712
final|8/1K1k4/7b/8/7p/p6P/8/8 b - - 9 70|23 369 400 415 559 755|39 40 151 331 431 713
final|8/1K1k4/8/8/7p/p6P/8/2b5 w - - 10 71|23 369 400 415 514 755|39 40 186 331 431 713
final|8/3k4/K7/8/7p/p6P/8/2b5 b - - 11 71|23 360 400 415 514 755|39 40 186 331 431 720
final|8/3k4/K7/8/5b1p/p6P/8/8 w - - 12 72|23 360 400 415 541 755|39 40 165 331 431 720
final|8/3k4/1K6/8/5b1p/p6P/8/8 b - - 13 72|23 361 400 415 541 755|39 40 165 331 431 721
final|4k3/8/1K6/8/5b1p/p6P/8/8 w - - 14 73|23 361 400 415 541 764|32 47 162 323 424 726
final|4k3/1K6/8/8/5b1p/p6P/8/8 b - - 15 73|23 369 400 415 541 764|32 47 162 323 424 718
final|4k3/1K6/7b/8/7p/p6P/8/8 w - - 16 74|23 369 400 415 559 764|32 47 144 323 424 718
final|1K2k3/8/7b/8/7p/p6P/8/8 b - - 17 74|23 377 400 415 559 764|32 47 144 323 424 710
final|1K1k4/8/7b/8/7p/p6P/8/8 w - - 18 75|23 377 400 415 559 763|39 40 151 323 431 705
final|3k4/1K6/7b/8/7p/p6P/8/8 b - - 19 75|23 369 400 415 559 763|39 40 151 323 431 713
final|3k4/1K6/8/6b1/7p/p6P/8/8 w - - 20 76|23 369 400 415 550 763|39 40 158 323 431 713
final|3k4/K7/8/6b1/7p/p6P/8/8 b - - 21 76|23 368 400 415 550 763|39 40 158 323 431 712
final|3k4/8/1K6/6b1/7p/7P/8/b7 w - - 0 78|23 361 415 512 550 763|39 158 184 323 431 721
final|3k4/8/2K5/6b1/7p/7P/8/b7 b - - 1 78|23 362 415 512 550 763|39 158 184 323 431 722
final|3k4/8/2K4b/8/7p/7P/8/b7 w - - 2 79|23 362 415 512 559 763|39 151 184 323 431 722
final|3k4/8/1K5b/8/7p/7P/8/b7 b - - 3 79|23 361 415 512 559 763|39 151 184 323 431 721
final|3k4/K7/8/6b1/7p/7P/8/b7 b - - 5 80|23 368 415 512 550 763|39 158 184 323 431 712
final|3k4/K7/8/6b1/3b3p/7P/8/8 w - - 6 81|23 368 415 539 550 763|39 158 163 323 431 712
final|3k4/8/K7/6b1/3b3p/7P/8/8 b - - 7 81|23 360 415 539 550 763|39 158 163 323 431 720
final|4k3/8/K7/6b1/3b3p/7P/8/8 w - - 8 82|23 360 415 539 550 764|32 153 164 323 424 727
final|4k3/1K6/8/6b1/3b3p/7P/8/8 b - - 9 82|23 369 415 539 550 764|32 153 164 323 424 718
final|4k3/1K6/8/6b1/7p/4b2P/8/8 w - - 10 83|23 369 415 532 550 764|32 153 171 323 424 718
final|4k3/8/K7/6b1/7p/4b2P/8/8 b - - 11 83|23 360 415 532 550 764|32 153 171 323 424 727
final|4k3/8/8/K5b1/3b3p/7P/8/8 b - - 13 84|23 352 415 539 550 764|32 153 164 323 424 735
final|5k2/8/8/K5b1/3b3p/7P/8/8 w - - 14 85|23 352 415 539 550 765|32 153 164 322 424 735
final|5k2/8/8/6b1/K2b3p/7P/8/8 b - - 15 85|23 344 415 539 550 765|32 153 164 322 424 743
final|5k2/8/8/8/K2b3p/4b2P/8/8 w - - 16 86|23 344 415 532 539 765|32 164 171 322 424 743
final|5k2/8/8/8/1K1b3p/4b2P/8/8 b - - 17 86|23 345 415 532 539 765|32 164 171 322 424 742
final|4k3/8/8/8/1K1b3p/4b2P/8/8 w - - 18 87|23 345 415 532 539 764|32 164 171 323 424 742
final|4k3/8/8/1K6/3b3p/4b2P/8/8 b - - 19 87|23 353 415 532 539 764|32 164 171 323 424 734
final|4k3/6b1/8/1K6/7p/4b2P/8/8 w - - 20 88|23 353 415 532 566 764|32 137 171 323 424 734
final|4k3/6b1/2K5/8/7p/4b2P/8/8 b - - 21 88|23 362 415 532 566 764|32 137 171 323 424 725
final|4k3/8/2K5/8/3b3p/4b2P/8/8 w - - 22 89|23 362 415 532 539 764|32 164 171 323 424 725
final|4k3/2K5/8/8/3b3p/4b2P/8/8 b - - 23 89|23 370 415 532 539 764|32 164 171 323 424 717
final|4k3/2K5/8/8/3b3p/7P/8/6b1 w - - 24 90|23 370 415 518 539 764|32 164 185 323 424 717
final|4k3/1K6/8/8/3b3p/7P/8/6b1 b - - 25 90|23 369 415 518 539 764|32 164 185 323 424 718
final|4k3/1K6/8/8/7p/7P/8/b5b1 w - - 26 91|23 369 415 512 518 764|32 185 191 323 424 718
final|4k3/2K5/8/8/7p/7P/8/b5b1 b - - 27 91|23 370 415 512 518 764|32 185 191 323 424 717
final|4k3/2K5/8/8/7p/7P/5b2/b7 w - - 28 92|23 370 415 512 525 764|32 178 191 323 424 717
final|2K1k3/8/8/8/7p/7P/5b2/b7 b - - 29 92|23 378 415 512 525 764|32 178 191 323 424 709
final|2K1k3/b7/8/8/7p/7P/8/b7 w - - 30 93|23 378 415 512 560 764|32 143 191 323 424 709
final|4k3/bK6/8/8/7p/7P/8/b7 b - - 31 93|23 369 415 512 560 764|32 143 191 323 424 718
final|8/bK3k2/8/8/7p/7P/8/b7 w - - 32 94|23 369 415 512 560 757|32 143 191 330 424 718
final|8/b4k2/K7/8/7p/7P/8/b7 b - - 33 94|23 360 415 512 560 757|32 143 191 330 424 727
final|8/5k2/K7/8/7p/7P/5b2/b7 w - - 34 95|23 360 415 512 525 757|32 178 191 330 424 727
final|8/1K3k2/8/8/7p/7P/5b2/b7 b - - 35 95|23 369 415 512 525 757|32 178 191 330 424 718
final|8/1K3k2/8/4b3/7p/7P/5b2/8 w - - 36 96|23 369 415 525 548 757|32 155 178 330 424 718
final|2K5/5k2/8/4b3/7p/7P/5b2/8 b - - 37 96|23 378 415 525 548 757|32 155 178 330 424 709
final|2K5/5k2/8/8/7p/2b4P/5b2/8 w - - 38 97|23 378 415 525 530 757|32 173 178 330 424 709
final|8/3K1k2/8/8/7p/2b4P/5b2/8 b - - 39 97|23 371 415 525 530 757|32 173 178 330 424 716
final|8/3K1k2/8/8/3b3p/7P/5b2/8 w - - 40 98|23 371 415 525 539 757|32 164 178 330 424 716
final|8/5k2/2K5/8/3b3p/7P/5b2/8 b - - 41 98|23 362 415 525 539 757|32 164 178 330 424 725
final|8/5k2/2K5/8/3b3p/7P/8/4b3 w - - 42 99|23 362 415 516 539 757|32 164 187 330 424 725
final|8/3K1k2/8/8/3b3p/7P/8/4b3 b - - 43 99|23 371 415 516 539 757|32 164 187 330 424 716
final|8/3K1k2/8/8/7p/7P/5b2/4b3 w - - 44 100|23 371 415 516 525 757|32 178 187 330 424 716
final|2K5/5k2/8/8/7p/7P/5b2/4b3 b - - 45 100|23 378 415 516 525 757|32 178 187 330 424 709
final|2K5/5k2/8/8/1b5p/7P/5b2/8 w - - 46 101|23 378 415 525 537 757|32 166 178 330 424 709
final|8/1K3k2/8/8/1b5p/7P/5b2/8 b - - 47 101|23 369 415 525 537 757|32 166 178 330 424 718
final|6k1/1K6/8/8/1b5p/7P/5b2/8 w - - 48 102|23 369 415 525 537 766|32 166 178 321 424 718
final|K5k1/8/8/8/1b5p/7P/5b2/8 b - - 49 102|23 376 415 525 537 766|32 166 178 321 424 711
final|K5k1/8/8/8/7p/b6P/5b2/8 w - - 50 103|23 376 415 525 528 766|32 175 178 321 424 711
final|1K4k1/8/8/8/7p/b6P/5b2/8 b - - 51 103|23 377 415 525 528 766|32 175 178 321 424 710
final|1K4k1/8/8/8/7p/b6P/8/4b3 w - - 52 104|23 377 415 516 528 766|32 175 187 321 424 710
final|2K3k1/8/8/8/7p/b6P/8/4b3 b - - 53 104|23 378 415 516 528 766|32 175 187 321 424 709
final|2K3k1/8/8/8/7p/b1b4P/8/8 w - - 54 105|23 378 415 528 530 766|32 173 175 321 424 709
final|6k1/2K5/8/8/7p/b1b4P/8/8 b - - 55 105|23 370 415 528 530 766|32 173 175 321 424 717
final|6k1/2K5/8/4b3/7p/b6P/8/8 w - - 56 106|23 370 415 528 548 766|32 155 175 321 424 717
final|6k1/3K4/8/4b3/7p/b6P/8/8 b - - 57 106|23 371 415 528 548 766|32 155 175 321 424 716
final|8/3K1k2/8/4b3/7p/b6P/8/8 w - - 58 107|23 371 415 528 548 757|32 155 175 330 424 716
final|2K5/5k2/8/4b3/7p/b6P/8/8 b - - 59 107|23 378 415 528 548 757|32 155 175 330 424 709
final|2K2b2/5k2/8/4b3/7p/7P/8/8 w - - 60 108|23 378 415 548 573 757|32 130 155 330 424 709
final|5b2/1K3k2/8/4b3/7p/7P/8/8 b - - 61 108|23 369 415 548 573 757|32 130 155 330 424 718
final|5b1b/1K3k2/8/8/7p/7P/8/8 w - - 62 109|23 369 415 573 575 757|32 128 130 330 424 718
final|5b1b/5k2/K7/8/7p/7P/8/8 b - - 63 109|23 360 415 573 575 757|32 128 130 330 424 727
final|5bkb/8/K7/8/7p/7P/8/8 w - - 64 110|23 360 415 573 575 766|32 128 130 321 424 727
final|5bkb/8/8/1K6/7p/7P/8/8 b - - 65 110|23 353 415 573 575 766|32 128 130 321 424 734
final|6kb/8/7b/1K6/7p/7P/8/8 w - - 66 111|23 353 415 559 575 766|32 128 144 321 424 734
final|6kb/8/7b/8/2K4p/7P/8/8 b - - 67 111|23 346 415 559 575 766|32 128 144 321 424 741
final|6kb/8/8/6b1/2K4p/7P/8/8 w - - 68 112|23 346 415 550 575 766|32 128 153 321 424 741
final|6kb/8/8/1K4b1/7p/7P/8/8 b - - 69 112|23 353 415 550 575 766|32 128 153 321 424 734
final|6kb/8/8/1K6/5b1p/7P/8/8 w - - 70 113|23 353 415 541 575 766|32 128 162 321 424 734
final|6kb/8/8/8/2K2b1p/7P/8/8 b - - 71 113|23 346 415 541 575 766|32 128 162 321 424 741
final|6kb/8/7b/8/2K4p/7P/8/8 w - - 72 114|23 346 415 559 575 766|32 128 144 321 424 741
final|6kb/8/7b/8/7p/1K5P/8/8 b - - 73 114|23 337 415 559 575 766|32 128 144 321 424 750
final|5bkb/8/8/8/7p/1K5P/8/8 w - - 74 115|23 337 415 573 575 766|32 128 130 321 424 750
final|5bkb/8/8/8/2K4p/7P/8/8 b - - 75 115|23 346 415 573 575 766|32 128 130 321 424 741
final|6kb/8/7b/3K4/7p/7P/8/8 b - - 77 116|23 355 415 559 575 766|32 128 144 321 424 732
final|7b/7k/7b/3K4/7p/7P/8/8 w - - 78 117|23 355 415 559 575 759|32 128 144 328 424 732
final|7b/7k/4K2b/8/7p/7P/8/8 b - - 79 117|16 363 408 552 568 752|32 128 144 328 424 723
final|8/7k/4K2b/8/7p/2b4P/8/8 w - - 80 118|16 363 408 533 552 752|32 144 173 328 424 723
final|8/3K3k/7b/8/7p/2b4P/8/8 b - - 81 118|23 371 415 530 559 759|32 144 173 328 424 716
final|7b/3K3k/7b/8/7p/7P/8/8 w - - 82 119|23 371 415 559 575 759|32 128 144 328 424 716
final|7b/7k/3K3b/8/7p/7P/8/8 b - - 83 119|23 363 415 559 575 759|32 128 144 328 424 724
final|7b/7k/3K4/8/7p/7P/8/2b5 w - - 84 120|23 363 415 514 575 759|32 128 189 328 424 724
final|7b/7k/4K3/8/7p/7P/8/2b5 b - - 85 120|16 363 408 517 568 752|32 128 189 328 424 723
final|8/7k/4Kb2/8/7p/7P/8/2b5 w - - 86 121|16 363 408 517 554 752|32 146 189 328 424 723
final|8/7k/5b2/5K2/7p/7P/8/2b5 b - - 87 121|16 354 408 517 554 752|32 146 189 328 424 730
final|6k1/8/5b2/5K2/7p/7P/8/2b5 w - - 88 122|16 354 408 517 554 761|32 146 189 321 424 730
final|6k1/8/5b2/8/4K2p/7P/8/2b5 b - - 89 122|16 347 408 517 554 761|32 146 189 321 424 739
final|3b2k1/8/8/8/4K2p/7P/8/2b5 w - - 90 123|16 347 408 517 572 761|32 132 189 321 424 739
final|3b2k1/8/8/4K3/7p/7P/8/2b5 b - - 91 123|16 355 408 517 572 761|32 132 189 321 424 731
final|3b1k2/8/8/4K3/7p/7P/8/2b5 w - - 92 124|16 355 408 517 572 762|32 132 189 322 424 731
final|3b1k2/8/8/8/4K2p/7P/8/2b5 b - - 93 124|16 347 408 517 572 762|32 132 189 322 424 739
final|3b1k2/8/8/8/4K2p/b6P/8/8 w - - 94 125|16 347 408 535 572 762|32 132 175 322 424 739
final|3b1k2/8/8/4K3/7p/b6P/8/8 b - - 95 125|16 355 408 535 572 762|32 132 175 322 424 731
final|3b1k2/8/3b4/4K3/7p/7P/8/8 w - - 96 126|16 355 408 556 572 762|32 132 148 322 424 731
final|3b1k2/8/3K4/8/7p/7P/8/8 b - - 0 126|23 363 415 571 765|32 132 322 424 724
final|5k2/8/1b1K4/8/7p/7P/8/8 w - - 1 127|23 363 415 553 765|32 150 322 424 724
final|5k2/8/1b2K3/8/7p/7P/8/8 b - - 2 127|16 363 408 558 762|32 150 322 424 723
final|5k2/2b5/4K3/8/7p/7P/8/8 w - - 3 128|16 363 408 565 762|32 141 322 424 723
final|5k2/2b5/8/5K2/7p/7P/8/8 b - - 4 128|16 354 408 565 762|32 141 322 424 730
final|8/2b1k3/8/5K2/7p/7P/8/8 w - - 5 129|16 354 408 565 755|32 141 331 424 730
final|8/2b1k3/8/6K1/7p/7P/8/8 b - - 6 129|16 353 408 565 755|32 141 331 424 729
final|8/4k3/8/6K1/5b1p/7P/8/8 w - - 7 130|16 353 408 538 755|32 162 331 424 729
final|8/4k3/8/8/5K1p/7P/8/8 b - - 0 130|16 346 408 755|32 331 424 738
final|8/5k2/8/8/5K1p/7P/8/8 w - - 1 131|16 346 408 754|32 330 424 738
final|8/5k2/8/8/7p/4K2P/8/8 b - - 2 131|16 339 408 754|32 330 424 747
final|5k2/8/8/8/7p/4K2P/8/8 w - - 3 132|16 339 408 762|32 322 424 747
final|5k2/8/8/8/7p/7P/4K3/8 b - - 4 132|16 331 408 762|32 322 424 755
final|8/6k1/8/8/7p/7P/4K3/8 w - - 5 133|16 331 408 753|32 329 424 755
final|8/6k1/8/8/7p/4K2P/8/8 b - - 6 133|16 339 408 753|32 329 424 747
final|8/7k/8/8/7p/4K2P/8/8 w - - 7 134|16 339 408 752|32 328 424 747
final|8/7k/8/8/7p/7P/5K2/8 b - - 8 134|16 330 408 752|32 328 424 754
final|8/8/7k/8/7p/7P/5K2/8 w - - 9 135|16 330 408 744|32 336 424 754
final|8/8/7k/8/7p/7P/6K1/8 b - - 10 135|16 329 408 744|32 336 424 753
final|8/7k/8/8/7p/7P/6K1/8 w - - 11 136|16 329 408 752|32 328 424 753
final|8/7k/8/8/7p/5K1P/8/8 b - - 12 136|16 338 408 752|32 328 424 746
final|7k/8/8/8/7p/5K1P/8/8 w - - 13 137|16 338 408 760|32 320 424 746
final|7k/8/8/8/7p/7P/5K2/8 b - - 14 137|16 330 408 760|32 320 424 754
final|8/7k/8/8/7p/7P/5K2/8 w - - 15 138|16 330 408 752|32 328 424 754
final|8/7k/8/8/7p/7P/8/6K1 b - - 16 138|16 321 408 752|32 328 424 761
final|7k/8/8/8/7p/7P/8/6K1 w - - 17 139|16 321 408 760|32 320 424 761
final|8/6k1/8/8/7p/7P/5K2/8 w - - 19 140|16 330 408 753|32 329 424 754
final|8/6k1/8/8/7p/7P/8/5K2 b - - 20 140|16 322 408 753|32 329 424 762
final|5k2/8/8/8/7p/7P/8/5K2 w - - 21 141|16 322 408 762|32 322 424 762
final|4k3/8/8/8/7p/7P/4K3/8 w - - 23 142|16 331 408 763|32 323 424 755
final|4k3/8/8/8/7p/5K1P/8/8 b - - 24 142|16 338 408 763|32 323 424 746
final|8/4k3/8/8/7p/5K1P/8/8 w - - 25 143|16 338 408 755|32 331 424 746
final|8/4k3/8/8/7p/7P/4K3/8 b - - 26 143|16 331 408 755|32 331 424 755
final|8/8/3k4/8/7p/7P/4K3/8 w - - 27 144|16 331 408 748|39 339 431 756
final|8/8/3k4/8/7p/5K1P/8/8 b - - 28 144|16 338 408 748|39 339 431 749
final|8/8/8/4k3/7p/5K1P/8/8 w - - 29 145|16 338 408 739|32 347 424 746
final|8/8/8/4k3/7p/7P/5K2/8 b - - 30 145|16 330 408 739|32 347 424 754
final|8/8/8/4k3/7p/7P/6K1/8 b - - 34 147|16 329 408 739|32 347 424 753
final|8/8/5k2/8/7p/7P/6K1/8 w - - 35 148|16 329 408 746|32 338 424 753
final|8/8/5k2/8/7p/7P/5K2/8 b - - 36 148|16 330 408 746|32 338 424 754
final|8/6k1/8/8/7p/7P/6K1/8 b - - 38 149|16 329 408 753|32 329 424 753
final|8/8/5k2/8/7p/7P/8/6K1 b - - 40 150|16 321 408 746|32 338 424 761
final|8/8/8/4k3/7p/7P/8/6K1 w - - 41 151|16 321 408 739|32 347 424 761
final|8/5k2/8/1B1p4/1P3p2/3p4/6R1/3K4 w - - 0 41|25 161 206 323 403 413 419 757|28 34 44 330 422 542 625 764
final|8/5k2/8/3p4/1P3p2/3B4/6R1/3K4 b - - 0 41|25 147 206 323 413 419 757|28 34 330 422 556 625 764
final|8/8/4k3/3p4/1P3p2/3B4/6R1/3K4 w - - 1 42|25 147 206 323 413 419 748|28 34 339 422 556 625 764
final|8/8/4k1B1/3p4/1P3p2/8/6R1/3K4 b - - 2 42|25 174 206 323 413 419 748|28 34 339 422 529 625 764
final|8/8/4k1B1/3p4/1P6/5p2/6R1/3K4 w - - 0 43|25 174 206 323 405 419 748|28 42 339 422 529 625 764
final|8/8/4k3/3p4/1P6/5p2/6R1/1B1K4 b - - 1 43|25 129 206 323 405 419 748|28 42 339 422 574 625 764
final|8/3k4/8/3p4/1P6/5p2/6R1/1B1K4 w - - 2 44|25 129 206 323 405 419 755|27 45 331 417 569 630 763
final|8/3k4/8/3p4/1P6/5p2/B5R1/3K4 b - - 3 44|25 136 206 323 405 419 755|27 45 331 417 560 630 763
final|8/4k3/8/8/1P6/8/6B1/3K4 b - - 0 47|25 142 323 756|331 422 561 764
final|8/8/4k3/8/1P6/8/6B1/3K4 w - - 1 48|25 142 323 748|339 422 561 764
final|B7/8/4k3/8/1P6/8/8/3K4 b - - 2 48|25 184 323 748|339 422 519 764
final|B7/8/8/5k2/1P6/8/8/3K4 w - - 3 49|25 184 323 741|346 422 519 764
final|8/8/8/5k2/1P2B3/8/8/3K4 b - - 4 49|25 156 323 741|346 422 547 764
final|8/8/8/8/1P2k3/8/8/3K4 w - - 0 50|25 323 732|355 422 764
final|8/8/8/8/1P2k3/8/2K5/8 b - - 1 50|25 330 732|355 422 757
final|8/8/8/8/1P1k4/8/2K5/8 w - - 2 51|25 330 731|355 417 754
final|8/8/8/8/1P1k4/1K6/8/8 b - - 3 51|25 337 731|355 417 745
final|8/8/8/3k4/1P6/1K6/8/8 w - - 4 52|25 337 739|347 417 745
final|8/8/8/3k4/1P6/8/1K6/8 b - - 5 52|25 329 739|347 417 753
final|8/8/2k5/8/1P6/8/1K6/8 w - - 6 53|25 329 746|338 417 753
final|8/8/2k5/8/1P6/8/K7/8 b - - 7 53|25 328 746|338 417 752
final|8/2k5/8/8/1P6/8/K7/8 w - - 8 54|25 328 754|330 417 752
final|8/2k5/8/8/1P6/8/8/1K6 b - - 9 54|25 321 754|330 417 761
final|8/8/2k5/8/1P6/8/8/1K6 w - - 10 55|25 321 746|338 417 761
final|8/8/3k4/8/1P6/8/K7/8 w - - 12 56|25 328 747|339 417 752
final|8/8/3k4/8/1P6/K7/8/8 b - - 13 56|25 336 747|339 417 744
final|8/8/8/4k3/1P6/K7/8/8 w - - 14 57|25 336 740|347 422 751
final|8/8/8/1P2k3/8/K7/8/8 b - - 0 57|33 336 740|347 414 751
final|8/8/8/1P3k2/8/K7/8/8 w - - 1 58|33 336 741|346 414 751
final|8/8/8/1P3k2/K7/8/8/8 b - - 2 58|33 344 741|346 414 743
final|8/8/5k2/1P6/K7/8/8/8 w - - 3 59|33 344 749|338 414 743
final|8/8/5k2/1P6/1K6/8/8/8 b - - 4 59|33 345 749|338 414 742
final|8/8/4k3/1P6/1K6/8/8/8 w - - 5 60|33 345 748|339 414 742
final|8/8/4k3/1P6/8/2K5/8/8 b - - 6 60|33 338 748|339 414 749
final|8/4k3/8/1P6/8/2K5/8/8 w - - 7 61|33 338 756|331 414 749
final|8/4k3/8/1P6/8/8/1K6/8 b - - 8 61|33 329 756|331 414 758
final|8/8/3k4/1P6/8/8/1K6/8 w - - 9 62|33 329 747|339 409 753
final|8/8/3k4/1P6/8/K7/8/8 b - - 10 62|33 336 747|339 409 744
final|8/3k4/8/1P6/8/K7/8/8 w - - 11 63|33 336 755|331 409 744
final|8/3k4/8/1P6/K7/8/8/8 b - - 12 63|33 344 755|331 409 736
final|8/4k3/8/1P6/K7/8/8/8 w - - 13 64|33 344 756|331 414 743
final|8/4k3/1P6/8/K7/8/8/8 b - - 0 64|41 344 756|331 406 743
final|8/8/1P2k3/8/K7/8/8/8 w - - 1 65|41 344 748|339 406 743
final|1Q6/8/8/1K6/8/3k4/8/8 b - - 0 69|313 353 723|363 641 729
final|1Q6/8/8/1K6/8/4k3/8/8 w - - 1 70|313 353 724|363 646 734
final|1Q6/8/8/2K5/8/4k3/8/8 b - - 2 70|313 354 724|363 646 733
final|1Q6/8/8/2K5/8/8/4k3/8 w - - 3 71|313 354 716|371 646 733
final|8/8/8/2K5/5Q2/8/4k3/8 b - - 4 71|285 354 716|371 674 733
final|8/8/8/2K5/5Q2/3k4/8/8 w - - 5 72|285 354 723|363 677 730
final|8/8/8/3K4/5Q2/3k4/8/8 b - - 6 72|285 355 723|363 677 731
final|8/8/8/3K4/5Q2/8/2k5/8 w - - 7 73|285 355 714|370 677 731
final|8/8/2K5/8/5Q2/8/2k5/8 b - - 8 73|285 362 714|370 677 722
final|8/8/2K5/8/5Q2/2k5/8/8 w - - 9 74|285 362 722|362 677 722
final|8/8/2K5/5Q2/8/2k5/8/8 b - - 10 74|293 362 722|362 669 722
final|8/8/2K5/5Q2/8/8/3k4/8 w - - 11 75|293 362 715|371 669 722
final|8/1K6/8/5Q2/8/8/3k4/8 b - - 12 75|293 369 715|371 669 713
final|8/1K6/8/5Q2/8/2k5/8/8 w - - 13 76|293 369 722|362 669 713
final|8/1K6/6Q1/8/8/2k5/8/8 b - - 14 76|302 369 722|362 662 713
final|8/1K6/6Q1/8/1k6/8/8/8 w - - 15 77|302 369 729|353 662 713
final|8/8/2K3Q1/8/1k6/8/8/8 b - - 16 77|302 362 729|353 662 722
final|8/8/2K3Q1/8/8/2k5/8/8 w - - 17 78|302 362 722|362 662 722
final|8/8/2K5/5Q2/2k5/8/8/8 w - - 19 79|293 362 730|354 669 722
final|8/8/2K5/8/2k2Q2/8/8/8 b - - 20 79|285 362 730|354 677 722
final|8/8/2K5/8/5Q2/3k4/8/8 w - - 21 80|285 362 723|363 677 722
final|8/8/2K5/8/2Q5/3k4/8/8 b - - 22 80|282 362 723|363 674 722
final|8/8/2K5/8/2k5/8/8/8 w - - 0 81|362 730|354 722
final|8/2k5/8/1RpP1pB1/8/5P2/8/4K3 b - - 0 42|18 36 161 230 323 418 421 757|26 29 330 411 429 542 601 764
final|8/3k4/8/1RpP1pB1/8/5P2/8/4K3 w - - 1 43|18 36 161 230 323 418 421 756|26 29 331 411 429 542 601 764
final|8/3k4/8/1RpP1pB1/5P2/8/8/4K3 b - - 0 43|26 36 161 230 323 418 421 756|26 29 331 411 421 542 601 764
final|8/3k4/8/1R1P1pB1/2p2P2/8/8/4K3 w - - 0 44|26 36 161 230 323 413 418 756|29 34 331 411 421 542 601 764
final|8/1R1k4/8/3P1pB1/2p2P2/8/8/4K3 b - - 1 44|26 36 161 246 323 413 418 756|29 34 331 411 421 542 585 764
final|8/1R6/3k4/3P1pB1/2p2P2/8/8/4K3 w - - 2 45|26 36 161 246 323 413 418 748|29 34 339 411 421 542 585 764
final|8/1R6/3k1B2/3P1p2/2p2P2/8/8/4K3 b - - 3 45|26 36 170 246 323 413 418 748|29 34 339 411 421 533 585 764
final|8/1R6/5B2/3k1p2/2p2P2/8/8/4K3 w - - 0 46|26 170 246 323 413 418 740|29 34 347 421 533 585 764
final|8/1R6/5B2/3k1p2/2p2P2/8/5K2/8 b - - 1 46|26 170 246 330 413 418 740|29 34 347 421 533 585 757
final|8/1R6/4kB2/5p2/2p2P2/8/5K2/8 w - - 2 47|26 170 246 330 413 418 747|26 37 339 418 530 590 754
final|8/1R6/4kB2/5p2/2p2P2/8/8/6K1 b - - 3 47|26 170 246 321 413 418 747|26 37 339 418 530 590 761
final|8/1R6/5k2/5p2/2p2P2/8/8/6K1 w - - 0 48|26 246 321 413 418 746|26 37 338 418 590 761
final|8/2R5/5k2/5p2/2p2P2/8/8/6K1 b - - 1 48|26 245 321 413 418 746|26 37 338 418 589 761
final|8/2R5/4k3/5p2/2p2P2/8/8/6K1 w - - 2 49|26 245 321 413 418 747|26 37 339 418 589 761
final|8/8/4k3/5p2/2R2P2/8/8/6K1 b - - 0 49|26 221 321 418 747|26 339 418 613 761
final|8/8/5k2/5p2/2R2P2/8/8/6K1 w - - 1 50|26 221 321 418 746|26 338 418 613 761
final|2R5/8/5k2/5p2/5P2/8/8/6K1 b - - 2 50|26 253 321 418 746|26 338 418 581 761
final|2R5/4k3/8/5p2/5P2/8/8/6K1 w - - 3 51|26 253 321 418 755|26 331 418 581 761
final|2R5/4k3/8/5p2/5P2/8/8/5K2 b - - 4 51|26 253 322 418 755|26 331 418 581 762
final|2R5/5k2/8/5p2/5P2/8/8/5K2 w - - 5 52|26 253 322 418 754|26 330 418 581 762
final|5R2/5k2/8/5p2/5P2/8/8/5K2 b - - 6 52|26 250 322 418 754|26 330 418 578 762
final|5k2/8/8/5p2/5P2/8/8/5K2 w - - 0 53|26 322 418 762|26 322 418 762
final|5k2/8/8/5p2/5P2/8/8/4K3 b - - 1 53|26 323 418 762|26 322 418 763
final|8/6k1/8/5p2/5P2/8/8/4K3 w - - 2 54|26 323 418 753|26 329 418 763
final|8/6k1/8/5p2/5P2/8/4K3/8 b - - 3 54|26 331 418 753|26 329 418 755
final|5k2/8/8/5p2/5P2/8/4K3/8 w - - 4 55|26 331 418 762|26 322 418 755
final|5k2/8/8/5p2/5P2/5K2/8/8 b - - 5 55|26 338 418 762|26 322 418 746
final|8/6k1/8/5p2/5P2/5K2/8/8 w - - 6 56|26 338 418 753|26 329 418 746
final|8/6k1/8/5p2/5P2/6K1/8/8 b - - 7 56|26 337 418 753|26 329 418 745
final|8/5k2/8/5p2/5P2/6K1/8/8 w - - 8 57|26 337 418 754|26 330 418 745
final|8/5k2/8/5p2/5P2/8/6K1/8 b - - 9 57|26 329 418 754|26 330 418 753
final|5k2/8/8/5p2/5P2/8/6K1/8 w - - 10 58|26 329 418 762|26 322 418 753
final|5k2/8/8/5p2/5P2/8/8/6K1 b - - 11 58|26 321 418 762|26 322 418 761
final|4k3/8/8/5p2/5P2/8/8/6K1 w - - 12 59|26 321 418 763|26 323 418 761
final|4k3/8/8/5p2/5P2/8/8/5K2 b - - 13 59|26 322 418 763|26 323 418 762
final|8/5k2/8/5p2/5P2/8/8/5K2 w - - 14 60|26 322 418 754|26 330 418 762
final|8/5k2/8/5p2/5P2/8/4K3/8 b - - 15 60|26 331 418 754|26 330 418 755
final|8/8/5k2/5p2/5P2/8/4K3/8 w - - 16 61|26 331 418 746|26 338 418 755
final|8/8/5k2/5p2/5P2/8/3K4/8 b - - 17 61|29 331 421 749|26 338 418 756
final|8/8/4k3/5p2/5P2/8/3K4/8 w - - 18 62|29 331 421 748|26 339 418 756
final|8/8/4k3/5p2/5P2/8/4K3/8 b - - 19 62|26 331 418 747|26 339 418 755
final|8/8/5k2/5p2/5P2/4K3/8/8 b - - 21 63|26 339 418 746|26 338 418 747
final|8/4k3/8/5p2/5P2/4K3/8/8 w - - 22 64|26 339 418 755|26 331 418 747
final|8/4k3/8/5p2/5P2/3K4/8/8 b - - 23 64|29 339 421 756|26 331 418 748
final|3k4/8/8/5p2/5P2/3K4/8/8 w - - 24 65|29 339 421 763|29 323 421 747
final|3k4/8/8/5p2/5P2/8/3K4/8 b - - 25 65|29 331 421 763|29 323 421 755
final|8/3k4/8/5p2/5P2/8/3K4/8 w - - 26 66|29 331 421 755|29 331 421 755
final|8/3k4/8/5p2/5P2/4K3/8/8 b - - 27 66|26 339 418 756|29 331 421 748
final|3k4/8/8/5p2/5P2/4K3/8/8 w - - 28 67|26 339 418 764|29 323 421 748
final|8/4k3/8/5p2/5P2/8/3K4/8 w - - 30 68|29 331 421 756|26 331 418 756
final|8/4k3/8/5p2/5P2/8/4K3/8 b - - 31 68|26 331 418 755|26 331 418 755
final|8/5k2/8/5p2/5P2/8/8/4K3 w - - 34 70|26 323 418 754|26 330 418 763
final|8/5k2/8/5p2/5P2/8/5K2/8 b - - 35 70|26 330 418 754|26 330 418 754
final|8/8/5k2/5p2/5P2/8/5K2/8 w - - 36 71|26 330 418 746|26 338 418 754
final|8/8/5k2/5p2/5P2/8/6K1/8 b - - 37 71|26 329 418 746|26 338 418 753
final|8/4k3/8/5p2/5P2/8/6K1/8 w - - 38 72|26 329 418 755|26 331 418 753
final|8/4k3/8/5p2/5P2/6K1/8/8 b - - 39 72|26 337 418 755|26 331 418 745
final|8/3k4/8/5p2/5P2/6K1/8/8 w - - 40 73|26 337 418 756|29 331 421 750
final|8/3k4/8/5p2/5P2/8/5K2/8 b - - 41 73|26 330 418 756|29 331 421 757
final|8/8/3k4/5p2/5P2/8/5K2/8 w - - 42 74|26 330 418 748|29 339 421 757
final|8/8/3k4/5p2/5P2/8/6K1/8 b - - 43 74|26 329 418 748|29 339 421 758
final|8/8/8/2k2p2/5P2/8/6K1/8 w - - 44 75|26 329 418 741|29 346 421 758
final|8/8/8/2k2p2/5P2/7K/8/8 b - - 45 75|26 336 418 741|29 346 421 751
final|8/8/8/5p2/1k3P2/7K/8/8 w - - 46 76|26 336 418 734|29 353 421 751
final|8/8/8/5p2/1k3P1K/8/8/8 b - - 47 76|26 344 418 734|29 353 421 743
final|8/8/8/k4p2/5P1K/8/8/8 w - - 48 77|26 344 418 743|29 344 421 743
final|8/8/8/k4p2/5P2/6K1/8/8 b - - 49 77|26 337 418 743|29 344 421 750
final|8/8/1k6/5p2/5P2/6K1/8/8 w - - 50 78|26 337 418 750|29 337 421 750
final|8/8/1k6/5p2/5P2/7K/8/8 b - - 51 78|26 336 418 750|29 337 421 751
final|8/8/8/k4p2/5P2/7K/8/8 w - - 52 79|26 336 418 743|29 344 421 751
final|8/8/8/1k3p2/5P2/6K1/8/8 w - - 54 80|26 337 418 742|29 345 421 750
final|8/8/8/1k3p2/5P2/5K2/8/8 b - - 55 80|26 338 418 742|29 345 421 749
final|8/8/1k6/5p2/5P2/5K2/8/8 w - - 56 81|26 338 418 750|29 337 421 749
final|8/8/1k6/5p2/5P2/8/4K3/8 b - - 57 81|26 331 418 750|29 337 421 756
final|8/8/8/k4p2/5P2/8/4K3/8 w - - 58 82|26 331 418 743|29 344 421 756
final|8/8/8/k4p2/5P2/8/3K4/8 b - - 59 82|29 331 421 736|29 344 421 755
final|8/8/8/5p2/1k3P2/8/3K4/8 w - - 60 83|29 331 421 729|29 353 421 755
final|8/8/8/5p2/1k3P2/8/4K3/8 b - - 61 83|26 331 418 734|29 353 421 756
final|8/8/8/5p2/2k2P2/8/4K3/8 w - - 62 84|26 331 418 733|29 354 421 756
final|8/8/8/5p2/2k2P2/8/5K2/8 b - - 63 84|26 330 418 733|29 354 421 757
final|8/8/8/5p2/1k3P2/8/5K2/8 w - - 64 85|26 330 418 734|29 353 421 757
final|8/8/8/5p2/1k3P2/8/8/6K1 b - - 65 85|26 321 418 734|29 353 421 766
final|8/8/8/5p2/k4P2/8/8/6K1 w - - 66 86|26 321 418 735|29 352 421 766
final|8/8/8/5p2/k4P2/8/5K2/8 b - - 67 86|26 330 418 735|29 352 421 757
final|8/8/8/5p2/1k3P2/8/8/4K3 b - - 69 87|26 323 418 734|29 353 421 764
final|8/8/8/1k3p2/5P2/8/8/4K3 w - - 70 88|26 323 418 742|29 345 421 764
final|8/8/8/1k3p2/5P2/8/8/5K2 b - - 71 88|26 322 418 742|29 345 421 765
final|8/8/8/5p2/1k3P2/8/8/5K2 w - - 72 89|26 322 418 734|29 353 421 765
final|8/8/8/1k3p2/5P2/8/4K3/8 w - - 74 90|26 331 418 742|29 345 421 756
final|8/8/8/5p2/1k3P2/5K2/8/8 w - - 76 91|26 338 418 734|29 353 421 749
final|8/8/8/5p2/1k3P2/8/6K1/8 b - - 77 91|26 329 418 734|29 353 421 758
final|8/8/8/k4p2/5P2/8/6K1/8 w - - 78 92|26 329 418 743|29 344 421 758
final|8/8/8/k4p2/5P2/7K/8/8 b - - 79 92|26 336 418 743|29 344 421 751
final|8/8/k7/5p2/5P2/7K/8/8 w - - 80 93|26 336 418 751|29 336 421 751
final|8/8/k7/5p2/5P2/8/6K1/8 b - - 81 93|26 329 418 751|29 336 421 758
final|8/8/8/1k3p2/5P2/8/6K1/8 w - - 82 94|26 329 418 742|29 345 421 758
final|8/8/8/1k3p2/5P2/7K/8/8 b - - 83 94|26 336 418 742|29 345 421 751
final|8/8/8/5p2/k4P2/7K/8/8 w - - 84 95|26 336 418 735|29 352 421 751
final|8/8/8/5p2/k4P2/8/7K/8 b - - 85 95|26 328 418 735|29 352 421 759
final|8/8/8/1k3p2/5P2/8/7K/8 w - - 86 96|26 328 418 742|29 345 421 759
final|8/8/8/1k3p2/5P2/8/8/6K1 b - - 87 96|26 321 418 742|29 345 421 766
final|8/8/2k5/5p2/5P2/8/8/6K1 w - - 88 97|26 321 418 749|29 338 421 766
final|8/8/2k5/5p2/5P2/8/6K1/8 b - - 89 97|26 329 418 749|29 338 421 758
final|8/8/1k6/5p2/5P2/8/6K1/8 w - - 90 98|26 329 418 750|29 337 421 758
final|8/8/2k5/5p2/5P2/7K/8/8 w - - 92 99|26 336 418 749|29 338 421 751
final|8/8/2k5/5p2/5P2/6K1/8/8 b - - 93 99|26 337 418 749|29 338 421 750
final|8/8/8/2k2p2/5P2/6K1/8/8 w - - 94 100|26 337 418 741|29 346 421 750
final|8/8/8/2k2p2/5P2/8/5K2/8 b - - 95 100|26 330 418 741|29 346 421 757
final|8/8/3k4/5p2/5P2/8/8/4K3 b - - 97 101|26 323 418 748|29 339 421 764
final|8/3k4/8/5p2/5P2/8/8/4K3 w - - 98 102|26 323 418 756|29 331 421 764
final|8/3k4/8/5p2/5P2/8/8/5K2 b - - 99 102|26 322 418 756|29 331 421 765
final|4k3/8/8/5p2/5P2/8/8/5K2 w - - 100 103|26 322 418 763|26 323 418 762
final|4k3/8/8/5p2/5P2/8/4K3/8 b - - 101 103|26 331 418 763|26 323 418 755
final|8/4k3/8/5p2/5P2/8/4K3/8 w - - 102 104|26 331 418 755|26 331 418 755
final|8/4k3/8/5p2/5P2/8/3K4/8 b - - 103 104|29 331 421 756|26 331 418 756
final|8/8/5k2/5p2/5P2/8/3K4/8 w - - 104 105|29 331 421 749|26 338 418 756
final|8/8/5k2/5p2/5P2/8/2K5/8 b - - 105 105|29 330 421 749|26 338 418 757
final|8/6k1/8/5p2/5P2/8/2K5/8 w - - 106 106|29 330 421 758|26 329 418 757
final|8/6k1/8/5p2/5P2/8/8/2K5 b - - 107 106|29 322 421 758|26 329 418 765
final|8/8/5k2/5p2/5P2/8/8/2K5 w - - 108 107|29 322 421 749|26 338 418 765
final|8/5k2/8/5p2/5P2/8/2K5/8 w - - 110 108|29 330 421 757|26 330 418 757
enroque|rnbqkbnr/pppppppp/8/8/8/7P/PPPPPPP1/RNBQKBNR b KQkq - 0 1|9 10 11 12 13 14 15 16 65 70 130 133 192 199 260 323 432 433 434 435 436 437 438 439 505 510 570 573 632 639 700 763 768 769 770 771|8 9 10 11 12 13 14 15 65 70 130 133 192 199 260 323 424 433 434 435 436 437 438 439 505 510 570 573 632 639 700 763 768 769 770 771
enroque|rnbqkb1r/pppppppp/5n2/8/8/7P/PPPPPPP1/RNBQKBNR w KQkq - 1 2|9 10 11 12 13 14 15 16 65 70 130 133 192 199 260 323 432 433 434 435 436 437 438 439 490 510 570 573 632 639 700 763 768 769 770 771|8 9 10 11 12 13 14 15 70 82 130 133 192 199 260 323 424 433 434 435 436 437 438 439 505 510 570 573 632 639 700 763 768 769 770 771
enroque|rnbqkb1r/pppppppp/5n2/8/8/5P1P/PPPPP1P1/RNBQKBNR b KQkq - 0 2|9 11 12 13 14 15 16 18 65 70 130 133 192 199 260 323 432 433 434 435 436 437 438 439 490 510 570 573 632 639 700 763 768 769 770 771|8 9 10 11 12 13 14 15 70 82 130 133 192 199 260 323 424 426 433 435 436 437 438 439 505 510 570 573 632 639 700 763 768 769 770 771
enroque|rnbqkb1r/ppp1pppp/3p1n2/8/8/5P1P/PPPPP1P1/RNBQKBNR w KQkq - 0 3|9 11 12 13 14 15 16 18 65 70 130 133 192 199 260 323 428 432 433 434 435 437 438 439 490 510 570 573 632 639 700 763 768 769 770 771|8 9 10 11 13 14 15 20 70 82 130 133 192 199 260 323 424 426 433 435 436 437 438 439 505 510 570 573 632 639 700 763 768 769 770 771
enroque|rnbqkb1r/ppp1pppp/3p1n2/8/8/5P1P/PPPPP1PR/RNBQKBN1 b Qkq - 1 3|9 11 12 13 14 15 16 18 65 70 130 133 199 200 260 323 428 432 433 434 435 437 438 439 490 510 570 573 632 639 700 763 769 770 771|8 9 10 11 13 14 15 20 70 82 130 133 192 199 260 323 424 426 433 435 436 437 438 439 505 510 570 573 624 639 700 763 768 769 771
enroque|rn1qkb1r/ppp1pppp/3p1n2/8/8/5P1b/PPPPP1PR/RNBQKBN1 w Qkq - 0 4|9 11 12 13 14 15 18 65 70 130 133 199 200 260 323 428 432 433 434 435 437 438 439 490 510 528 570 632 639 700 763 769 770 771|8 9 10 11 13 14 15 20 70 82 130 168 192 199 260 323 426 433 435 436 437 438 439 505 510 570 573 624 639 700 763 768 769 771
enroque|rn1qkb1r/ppp1pppp/3p1n2/8/8/5P1N/PPPPP1PR/RNBQKB2 b Qkq - 0 4|9 11 12 13 14 15 18 70 80 130 133 199 200 260 323 428 432 433 434 435 437 438 439 490 510 570 632 639 700 763 769 770 771|8 9 10 11 13 14 15 20 70 82 130 192 199 260 323 426 433 435 436 437 438 439 488 510 570 573 624 639 700 763 768 769 771
enroque|r2qkb1r/pppnpp1p/3p1n2/6p1/1P6/5P1N/P1PPP1PR/RNBQKB2 w Qkq - 1 6|9 11 12 13 15 18 30 70 80 130 133 199 200 260 323 417 428 432 434 435 437 438 439 490 500 570 632 639 700 763 769 770 771|8 10 11 13 14 15 20 25 76 82 130 192 199 260 323 422 426 433 435 436 437 439 488 510 570 573 624 639 700 763 768 769 771
enroque|r2qkb1r/pppnpp1p/3p1n2/6N1/1P6/5P2/P1PPP1PR/RNBQKB2 b Qkq - 0 6|9 11 12 13 15 18 30 70 97 130 133 199 200 260 323 428 432 434 435 437 438 439 490 500 570 632 639 700 763 769 770 771|8 10 11 13 14 15 20 76 82 130 192 199 260 323 422 426 433 435 436 437 439 473 510 570 573 624 639 700 763 768 769 771
enroque|r2qkb1r/pppnpp1p/3p4/3n2N1/1P6/5P2/P1PPP1PR/RNBQKB2 w Qkq - 1 7|9 11 12 13 15 18 30 70 97 130 133 199 200 260 323 428 432 434 435 437 438 439 484 500 570 632 639 700 763 769 770 771|8 10 11 13 14 15 20 76 92 130 192 199 260 323 422 426 433 435 436 437 439 473 510 570 573 624 639 700 763 768 769 771
enroque|r2qkb1r/pppnpp1R/3p4/3n2N1/1P6/5P2/P1PPP1P1/RNBQKB2 b Qkq - 0 7|9 11 12 13 15 18 30 70 97 130 133 199 240 260 323 428 434 435 437 438 439 484 500 570 632 639 700 763 769 770 771|10 11 13 14 15 20 76 92 130 192 199 260 323 422 426 433 435 436 437 439 473 510 570 573 584 639 700 763 768 769 771
enroque|r2qkb2/pppnpp1r/3p4/3n2N1/1P6/5P2/P1PPP1P1/RNBQKB2 w Qq - 0 8|9 11 12 13 15 18 30 70 97 130 133 199 260 323 428 434 435 437 438 439 484 500 570 624 639 700 763 769 771|10 11 13 14 15 20 76 92 130 199 200 260 323 422 426 433 435 436 437 439 473 510 570 573 639 700 763 769 771
enroque|r2qkb2/pppnpp1N/3p4/3n4/1P6/5P2/P1PPP1P1/RNBQKB2 b Qq - 0 8|9 11 12 13 15 18 30 70 112 130 133 199 260 323 428 434 435 437 438 439 484 500 570 639 700 763 769 771|10 11 13 14 15 20 76 92 130 199 260 323 422 426 433 435 436 437 439 456 510 570 573 639 700 763 769 771
enroque|r1q1kb2/pppnpp1N/3p4/3n4/1P6/5P2/P1PPP1P1/RNBQKB2 w Qq - 1 9|9 11 12 13 15 18 30 70 112 130 133 199 260 323 428 434 435 437 438 439 484 500 570 639 701 763 769 771|10 11 13 14 15 20 76 92 130 199 261 323 422 426 433 435 436 437 439 456 510 570 573 639 700 763 769 771
enroque|r1q1kb2/pppnpp1N/3p4/3n4/1P3P2/8/P1PPP1P1/RNBQKB2 b Qq - 0 9|9 11 12 13 15 26 30 70 112 130 133 199 260 323 428 434 435 437 438 439 484 500 570 639 701 763 769 771|10 11 13 14 15 20 76 92 130 199 261 323 418 422 433 435 436 437 439 456 510 570 573 639 700 763 769 771
enroque|r1q1kb2/pppnpp1N/3p4/8/1P3n2/8/P1PPP1P1/RNBQKB2 w Qq - 0 10|9 11 12 13 15 30 70 112 130 133 199 260 323 428 434 435 437 438 439 474 500 570 639 701 763 769 771|10 11 13 14 15 20 76 98 130 199 261 323 422 433 435 436 437 439 456 510 570 573 639 700 763 769 771
enroque|r1q1kb2/pppnpp1N/3p4/8/1P3n2/B7/P1PPP1P1/RN1QKB2 b Qq - 1 10|9 11 12 13 15 30 70 112 130 151 199 260 323 428 434 435 437 438 439 474 500 570 639 701 763 769 771|10 11 13 14 15 20 76 98 130 199 261 323 422 433 435 436 437 439 456 510 559 570 639 700 763 769 771
enroque|r1q1kb2/pppnpp1N/3p4/8/1P6/B7/P1PPP1n1/RN1QKB2 w Qq - 0 11|11 12 13 15 30 70 112 130 151 199 260 323 428 434 435 437 438 439 457 500 570 639 701 763 769 771|10 11 13 14 15 20 76 113 130 199 261 323 422 435 436 437 439 456 510 559 570 639 700 763 769 771
enroque|r1q1kb2/pppnpp1N/3p4/8/1P6/B7/P1PPPKn1/RN1Q1B2 b q - 1 11|11 12 13 15 30 70 112 130 151 199 260 330 428 434 435 437 438 439 457 500 570 639 701 763 771|10 11 13 14 15 20 76 113 130 199 261 323 422 435 436 437 439 456 510 559 570 639 700 754 769
enroque|r1q1kb2/pppnpp1N/3p4/8/1P5n/B7/P1PPPK2/RN1Q1B2 w q - 2 12|11 12 13 15 30 70 112 130 151 199 260 330 428 434 435 437 438 439 472 500 570 639 701 763 771|10 11 13 14 15 20 76 96 130 199 261 323 422 435 436 437 439 456 510 559 570 639 700 754 769
enroque|r1q1kN2/pppnpp2/3p4/8/1P5n/B7/P1PPPK2/RN1Q1B2 b q - 0 12|11 12 13 15 30 70 122 130 151 199 260 330 428 434 435 437 438 439 472 500 639 701 763 771|10 11 13 14 15 20 76 96 199 261 323 422 435 436 437 439 450 510 559 570 639 700 754 769
enroque|r1q1kn2/ppp1pp2/3p4/8/1P5n/B7/P1PPPK2/RN1Q1B2 w q - 0 13|11 12 13 15 30 70 130 151 199 260 330 428 434 435 437 438 439 472 506 639 701 763 771|10 11 13 14 15 20 66 96 199 261 323 422 435 436 437 439 510 559 570 639 700 754 769
enroque|r1q1kn2/ppp1pp2/3p4/8/1P5n/B7/P1PPPK2/RN2QB2 b q - 1 13|11 12 13 15 30 70 130 151 199 259 330 428 434 435 437 438 439 472 506 639 701 763 771|10 11 13 14 15 20 66 96 199 261 323 422 435 436 437 439 510 559 570 639 699 754 769
enroque|r1q1kn2/ppp1pp2/3p4/8/1P6/B4n2/P1PPPK2/RN2QB2 w q - 2 14|11 12 13 15 30 70 130 151 199 259 330 428 434 435 437 438 439 466 506 639 701 763 771|10 11 13 14 15 20 66 106 199 261 323 422 435 436 437 439 510 559 570 639 699 754 769
enroque|r1q1kn2/ppp1pp2/3p4/8/1P6/B4n2/P1PPPKB1/RN2Q3 b q - 3 14|11 12 13 15 30 70 137 151 199 259 330 428 434 435 437 438 439 466 506 639 701 763 771|10 11 13 14 15 20 66 106 199 261 323 422 435 436 437 439 510 559 561 639 699 754 769
enroque|r1q1kn2/ppp1pp2/3p4/8/1P6/B7/P1PPPKB1/RN2n3 w q - 0 15|11 12 13 15 30 70 137 151 199 330 428 434 435 437 438 439 451 506 639 701 763 771|10 11 13 14 15 20 66 123 199 261 323 422 435 436 437 439 510 559 561 639 754 769
enroque|r1q1kn2/ppp1pp2/3p4/8/1P6/B7/P1PPPK2/RN2nB2 b q - 1 15|11 12 13 15 30 70 130 151 199 330 428 434 435 437 438 439 451 506 639 701 763 771|10 11 13 14 15 20 66 123 199 261 323 422 435 436 437 439 510 559 570 639 754 769
enroque|r1q1kn2/ppp1pp2/3p4/8/1P6/B7/P1nPPK2/RN3B2 w q - 0 16|11 12 15 30 70 130 151 199 330 428 434 435 437 438 439 461 506 639 701 763 771|10 11 13 14 15 20 66 117 199 261 323 422 435 436 439 510 559 570 639 754 769
enroque|r1q1kn2/ppp1pp2/3p4/1P6/8/B7/P1nPPK2/RN3B2 b q - 0 16|11 12 15 38 70 130 151 199 330 428 434 435 437 438 439 461 506 639 701 763 771|10 11 13 14 15 20 66 117 199 261 323 414 435 436 439 510 559 570 639 754 769
enroque|r1q1kn2/ppp1pp2/3p4/1P6/8/B7/P2PPK2/nN3B2 w q - 0 17|11 12 15 38 70 130 151 330 428 434 435 437 438 439 455 506 639 701 763 771|10 11 13 14 15 20 66 127 199 261 323 414 435 436 439 510 559 570 754 769
enroque|r1q1kn2/ppp1pp2/3B4/1P6/8/8/P2PPK2/nN3B2 b q - 0 17|11 12 15 38 70 130 172 330 434 435 437 438 439 455 506 639 701 763 771|10 11 13 14 15 66 127 199 261 323 414 435 436 439 510 532 570 754 769
enroque|r1q1kn2/pp2pp2/3p4/1P6/8/8/P2PPK2/nN3B2 w q - 0 18|11 12 15 38 70 130 330 428 434 435 438 439 455 506 639 701 763 771|10 11 14 15 20 66 127 199 261 323 414 435 436 439 510 570 754 769
enroque|r1q1kn2/pp2pp2/1P1p4/8/8/8/P2PPK2/nN3B2 b q - 0 18|11 12 15 46 70 130 330 428 434 435 438 439 455 506 639 701 763 771|10 11 14 15 20 66 127 199 261 323 406 435 436 439 510 570 754 769
enroque|r1q1kn2/1p2pp2/1p1p4/8/8/8/P2PPK2/nN3B2 w q - 0 19|11 12 15 70 130 330 428 430 434 435 438 455 506 639 701 763 771|10 11 14 20 22 66 127 199 261 323 435 436 439 510 570 754 769
enroque|r1q1kn2/1p2pp2/1p1p4/8/8/5K2/P2PP3/nN3B2 b q - 1 19|11 12 15 70 130 338 428 430 434 435 438 455 506 639 701 763 771|10 11 14 20 22 66 127 199 261 323 435 436 439 510 570 746 769
enroque|r1bqkbnr/pppppppp/2n5/8/5P2/8/PPPPP1PP/RNBQKBNR w KQkq - 1 2|8 9 11 12 13 14 15 26 65 70 130 133 192 199 260 323 432 433 434 435 436 437 438 439 493 505 570 573 632 639 700 763 768 769 770 771|8 9 10 11 12 13 14 15 65 85 130 133 192 199 260 323 418 432 433 435 436 437 438 439 505 510 570 573 632 639 700 763 768 769 770 771
enroque|r1bqkbnr/pppppppp/2n5/8/5P2/6P1/PPPPP2P/RNBQKBNR b KQkq - 0 2|8 11 12 13 14 15 17 26 65 70 130 133 192 199 260 323 432 433 434 435 436 437 438 439 493 505 570 573 632 639 700 763 768 769 770 771|8 9 10 11 12 13 14 15 65 85 130 133 192 199 260 323 418 425 432 435 436 437 438 439 505 510 570 573 632 639 700 763 768 769 770 771
enroque|r1bqkbnr/pppppp1p/2n5/6P1/8/6P1/PPPPP2P/RNBQKBNR b KQkq - 0 3|8 11 12 13 14 15 17 33 65 70 130 133 192 199 260 323 432 434 435 436 437 438 439 493 505 570 573 632 639 700 763 768 769 770 771|8 10 11 12 13 14 15 65 85 130 133 192 199 260 323 409 425 432 435 436 437 438 439 505 510 570 573 632 639 700 763 768 769 770 771
enroque|1rbqkbnr/pppppp1p/2n5/6P1/8/6P1/PPPPP2P/RNBQKBNR w KQk - 1 4|8 11 12 13 14 15 17 33 65 70 130 133 192 199 260 323 432 434 435 436 437 438 439 493 505 570 573 632 638 700 763 768 769 770|8 10 11 12 13 14 15 65 85 130 133 192 198 260 323 409 425 432 435 436 437 438 439 505 510 570 573 632 639 700 763 768 770 771
enroque|1rbqkbnr/pppppp1p/2n5/6P1/8/6PB/PPPPP2P/RNBQK1NR b KQk - 2 4|8 11 12 13 14 15 17 33 65 70 133 144 192 199 260 323 432 434 435 436 437 438 439 493 505 570 573 632 638 700 763 768 769 770|8 10 11 12 13 14 15 65 85 130 133 192 198 260 323 409 425 432 435 436 437 438 439 505 510 552 573 632 639 700 763 768 770 771
enroque|1rbqkb1r/pppppp1p/2n4n/6P1/8/6PB/PPPPP2P/RNBQK1NR w KQk - 3 5|8 11 12 13 14 15 17 33 65 70 133 144 192 199 260 323 432 434 435 436 437 438 439 488 493 570 573 632 638 700 763 768 769 770|8 10 11 12 13 14 15 80 85 130 133 192 198 260 323 409 425 432 435 436 437 438 439 505 510 552 573 632 639 700 763 768 770 771
enroque|1rbqkb1r/pppppp1p/2n4P/8/8/6PB/PPPPP2P/RNBQK1NR b KQk - 0 5|8 11 12 13 14 15 17 40 65 70 133 144 192 199 260 323 432 434 435 436 437 438 439 493 570 573 632 638 700 763 768 769 770|8 10 11 12 13 14 15 85 130 133 192 198 260 323 400 425 432 435 436 437 438 439 505 510 552 573 632 639 700 763 768 770 771
enroque|1rbqk2r/pppppp1p/2n4b/8/8/6PB/PPPPP2P/RNBQK1NR w KQk - 0 6|8 11 12 13 14 15 17 65 70 133 144 192 199 260 323 432 434 435 436 437 438 439 493 552 573 632 638 700 763 768 769 770|8 10 11 12 13 14 15 85 133 144 192 198 260 323 425 432 435 436 437 438 439 505 510 552 573 632 639 700 763 768 770 771
enroque|1rbqk2r/pppppp1p/2n1B2b/8/8/6P1/PPPPP2P/RNBQK1NR b KQk - 1 6|8 11 12 13 14 15 17 65 70 133 171 192 199 260 323 432 434 435 436 437 438 439 493 552 573 632 638 700 763 768 769 770|8 10 11 12 13 14 15 85 133 144 192 198 260 323 425 432 435 436 437 438 439 505 510 531 573 632 639 700 763 768 770 771
enroque|1rbqk2r/pppppp1p/2n1B3/8/8/6P1/PPPbP2P/RNBQK1NR w KQk - 0 7|8 11 13 14 15 17 65 70 133 171 192 199 260 323 432 434 435 436 437 438 439 493 524 573 632 638 700 763 768 769 770|8 10 11 12 13 14 15 85 133 180 192 198 260 323 425 432 435 437 438 439 505 510 531 573 632 639 700 763 768 770 771
enroque|1rbqk2r/pppppp1p/2n1B3/8/8/6P1/PPPbP2P/RNBQ1KNR b k - 1 7|8 11 13 14 15 17 65 70 133 171 192 199 260 322 432 434 435 436 437 438 439 493 524 573 632 638 700 763 770|8 10 11 12 13 14 15 85 133 180 192 198 260 323 425 432 435 437 438 439 505 510 531 573 632 639 700 762 768
enroque|1rbqk2r/pppppp1p/2n1B3/8/8/6P1/PPP1P2P/RNbQ1KNR w k - 0 8|8 11 13 14 15 17 65 70 171 192 199 260 322 432 434 435 436 437 438 439 493 517 573 632 638 700 763 770|8 10 11 12 13 14 15 85 133 189 192 198 260 323 425 432 435 437 438 439 505 510 531 632 639 700 762 768
enroque|1rbqk2r/pppppp1p/4B3/n7/1P6/6P1/P1P1P2P/RNbQ1KNR w k - 1 9|8 11 13 15 17 30 65 70 171 192 199 260 322 432 434 435 436 437 438 439 487 517 573 632 638 700 763 770|8 10 11 12 13 14 15 95 133 189 192 198 260 323 422 425 432 435 437 439 505 510 531 632 639 700 762 768
enroque|1rbqk2r/pppppp1p/4B3/n7/1P6/6P1/P1P1PK1P/RNbQ2NR b k - 2 9|8 11 13 15 17 30 65 70 171 192 199 260 330 432 434 435 436 437 438 439 487 517 573 632 638 700 763 770|8 10 11 12 13 14 15 95 133 189 192 198 260 323 422 425 432 435 437 439 505 510 531 632 639 700 754 768
enroque|1rbqk2r/ppppp2p/4p3/n7/1P6/6P1/P1P1PK1P/RNbQ2NR w k - 0 10|8 11 13 15 17 30 65 70 192 199 260 330 427 432 435 436 437 438 439 487 517 573 632 638 700 763 770|8 11 12 13 14 15 19 95 133 189 192 198 260 323 422 425 432 435 437 439 505 510 632 639 700 754 768
enroque|1rbqk2r/ppppp2p/4p3/n7/1P6/6P1/P1P1PK1P/RNQ3NR b k - 0 10|8 11 13 15 17 30 65 70 192 199 261 330 427 432 435 436 437 438 439 487 573 632 638 700 763 770|8 11 12 13 14 15 19 95 133 192 198 260 323 422 425 432 435 437 439 505 510 632 639 701 754 768
enroque|1rbqk2r/ppppp2p/4p3/8/1Pn5/6P1/P1P1PK1P/RNQ3NR w k - 1 11|8 11 13 15 17 30 65 70 192 199 261 330 427 432 435 436 437 438 439 477 573 632 638 700 763 770|8 11 12 13 14 15 19 101 133 192 198 260 323 422 425 432 435 437 439 505 510 632 639 701 754 768
enroque|1rbqk2r/ppppp2p/4p3/8/1Pn5/2P3P1/P3PK1P/RNQ3NR b k - 0 11|8 11 15 17 21 30 65 70 192 199 261 330 427 432 435 436 437 438 439 477 573 632 638 700 763 770|8 11 12 13 14 15 19 101 133 192 198 260 323 422 425 429 432 435 439 505 510 632 639 701 754 768
enroque|1rbqk2r/p1ppp2p/4p2Q/1p6/1Pn5/2P3P1/P3PK1P/RN4NR b k - 1 12|8 11 15 17 21 30 65 70 192 199 296 330 422 427 432 435 436 437 439 477 573 632 638 700 763 770|8 11 12 13 15 19 30 101 133 192 198 260 323 422 425 429 432 435 439 505 510 632 639 656 754 768
enroque|1r1qk2r/p1ppp2p/b3p2Q/1p6/1Pn5/2P3P1/P3PK1P/RN4NR w k - 2 13|8 11 15 17 21 30 65 70 192 199 296 330 422 427 432 435 436 437 439 477 559 632 638 700 763 770|8 11 12 13 15 19 30 101 151 192 198 260 323 422 425 429 432 435 439 505 510 632 639 656 754 768
enroque|1r1qk2r/p1ppp2p/b3Q3/1p6/1Pn5/2P3P1/P3PK1P/RN4NR b k - 0 13|8 11 15 17 21 30 65 70 192 199 299 330 422 432 435 436 437 439 477 559 632 638 700 763 770|8 11 12 13 15 30 101 151 192 198 260 323 422 425 429 432 435 439 505 510 632 639 659 754 768
enroque|1r1qk2r/p1p1p2p/b3p3/1p6/1Pn5/2P3P1/P3PK1P/RN4NR w k - 0 14|8 11 15 17 21 30 65 70 192 199 330 422 427 432 435 437 439 477 559 632 638 700 763 770|8 11 13 15 19 30 101 151 192 198 260 323 422 425 429 432 435 439 505 510 632 639 754 768
enroque|1r1qk2r/p1p1p2p/b3p3/1p6/1Pn5/2P3PN/P3PK1P/RN5R b k - 1 14|8 11 15 17 21 30 70 80 192 199 330 422 427 432 435 437 439 477 559 632 638 700 763 770|8 11 13 15 19 30 101 151 192 198 260 323 422 425 429 432 435 439 488 510 632 639 754 768
enroque|1r1qk2r/p1p1p2p/b3p3/1p6/1P6/n1P3PN/P3PK1P/RN5R w k - 2 15|8 11 15 17 21 30 70 80 192 199 330 422 427 432 435 437 439 471 559 632 638 700 763 770|8 11 13 15 19 30 111 151 192 198 260 323 422 425 429 432 435 439 488 510 632 639 754 768
enroque|1r1qk2r/p1p1p2p/b3p3/1p6/1P6/n1P1P1PN/P4K1P/RN5R b k - 0 15|8 15 17 19 21 30 70 80 192 199 330 422 427 432 435 437 439 471 559 632 638 700 763 770|8 11 13 15 19 30 111 151 192 198 260 323 422 425 427 429 432 439 488 510 632 639 754 768
enroque|1r1qk2r/p1p1p2p/b3p3/1p6/1P6/2P1P1PN/P4K1P/Rn5R w k - 0 16|8 15 17 19 21 30 80 192 199 330 422 427 432 435 437 439 454 559 632 638 700 763 770|8 11 13 15 19 30 126 151 192 198 260 323 422 425 427 429 432 439 488 632 639 754 768
enroque|1r1qk2r/p1p1p2p/b3p3/1p6/1P6/2P1P1PN/P4K1P/1R5R b k - 0 16|8 15 17 19 21 30 80 192 198 330 422 427 432 435 437 439 559 632 638 700 763 770|8 11 13 15 19 30 151 192 198 260 323 422 425 427 429 432 439 488 632 638 754 768
enroque|1r1qk2r/pbp1p2p/4p3/1p6/1P6/2P1P1PN/P4K1P/1R5R w k - 1 17|8 15 17 19 21 30 80 192 198 330 422 427 432 435 437 439 566 632 638 700 763 770|8 11 13 15 19 30 142 192 198 260 323 422 425 427 429 432 439 488 632 638 754 768
enroque|1r1qk2r/pbp1p2p/4p3/1p6/1P3N2/2P1P1P1/P4K1P/1R5R b k - 2 17|8 15 17 19 21 30 90 192 198 330 422 427 432 435 437 439 566 632 638 700 763 770|8 11 13 15 19 30 142 192 198 260 323 422 425 427 429 432 439 482 632 638 754 768
enroque|1r1qk2r/p1p1p2p/4p3/1p6/1P3N2/2P1P1P1/P4K1P/1R5b w k - 0 18|8 15 17 19 21 30 90 198 330 422 427 432 435 437 439 512 632 638 700 763 770|8 11 13 15 19 30 184 192 198 260 323 422 425 427 429 432 439 482 638 754 768
enroque|1rq1k2r/p1p1p2p/4p3/1p6/1P3N1P/2P1P1P1/P4K2/1R5b w k - 1 19|15 17 19 21 24 30 90 198 330 422 427 432 435 437 439 512 632 638 701 763 770|8 11 13 15 19 30 184 192 198 261 323 416 422 425 427 429 439 482 638 754 768
enroque|1rq1k2r/p1p1p2p/4p3/1p6/1P3N1P/2P1P1P1/P4K2/7R b k - 0 19|15 17 19 21 24 30 90 192 330 422 427 432 435 437 439 632 638 701 763 770|8 11 13 15 19 30 192 198 261 323 416 422 425 427 429 439 482 632 754 768
enroque|rnbqkbnr/p1pppppp/1p6/8/7P/8/PPPPPPP1/RNBQKBNR w KQkq - 0 2|9 10 11 12 13 14 15 24 65 70 130 133 192 199 260 323 430 432 433 434 435 436 437 439 505 510 570 573 632 639 700 763 768 769 770 771|8 9 10 11 12 13 15 22 65 70 130 133 192 199 260 323 416 433 434 435 436 437 438 439 505 510 570 573 632 639 700 763 768 769 770 771
enroque|rnbqkbnr/p1pppppp/1p6/8/7P/N7/PPPPPPP1/R1BQKBNR b KQkq - 1 2|9 10 11 12 13 14 15 24 65 87 130 133 192 199 260 323 430 432 433 434 435 436 437 439 505 510 570 573 632 639 700 763 768 769 770 771|8 9 10 11 12 13 15 22 65 70 130 133 192 199 260 323 416 433 434 435 436 437 438 439 495 505 570 573 632 639 700 763 768 769 770 771
enroque|rnbqkbnr/p1pp1ppp/8/1p2p3/5P1P/N7/PPPPP1P1/R1BQKBNR w KQkq - 0 4|9 11 12 13 14 15 24 26 65 87 130 133 192 199 260 323 419 422 432 433 434 436 437 439 505 510 570 573 632 639 700 763 768 769 770 771|8 9 10 12 13 15 27 30 65 70 130 133 192 199 260 323 416 418 433 435 436 437 438 439 495 505 570 573 632 639 700 763 768 769 770 771
enroque|rnbqkbnr/p1pp1ppp/8/1p2P3/7P/N7/PPPPP1P1/R1BQKBNR b KQkq - 0 4|9 11 12 13 14 15 24 35 65 87 130 133 192 199 260 323 422 432 433 434 436 437 439 505 510 570 573 632 639 700 763 768 769 770 771|8 9 10 12 13 15 30 65 70 130 133 192 199 260 323 411 416 433 435 436 437 438 439 495 505 570 573 632 639 700 763 768 769 770 771
enroque|rnbqk1nr/p1pp1ppp/3b4/1p2P3/7P/N7/PPPPP1P1/R1BQKBNR w KQkq - 1 5|9 11 12 13 14 15 24 35 65 87 130 133 192 199 260 323 422 432 433 434 436 437 439 505 510 556 573 632 639 700 763 768 769 770 771|8 9 10 12 13 15 30 65 70 133 148 192 199 260 323 411 416 433 435 436 437 438 439 495 505 570 573 632 639 700 763 768 769 770 771
enroque|rnbqk1nr/p1pp1ppp/3b4/1N2P3/7P/8/PPPPP1P1/R1BQKBNR b KQkq - 0 5|9 11 12 13 14 15 24 35 65 102 130 133 192 199 260 323 432 433 434 436 437 439 505 510 556 573 632 639 700 763 768 769 770 771|8 9 10 12 13 15 65 70 133 148 192 199 260 323 411 416 433 435 436 437 438 439 478 505 570 573 632 639 700 763 768 769 770 771
enroque|rnb1k1nr/p1pp1ppp/3b1q2/1N2P3/7P/8/PPPPP1P1/R1BQKBNR w KQkq - 1 6|9 11 12 13 14 15 24 35 65 102 130 133 192 199 260 323 432 433 434 436 437 439 505 510 556 573 632 639 682 763 768 769 770 771|8 9 10 12 13 15 65 70 133 148 192 199 274 323 411 416 433 435 436 437 438 439 478 505 570 573 632 639 700 763 768 769 770 771
enroque|rnb1k1nr/N1pp1ppp/3b1q2/4P3/7P/8/PPPPP1P1/R1BQKBNR b KQkq - 0 6|9 11 12 13 14 15 24 35 65 119 130 133 192 199 260 323 432 433 434 436 437 505 510 556 573 632 639 682 763 768 769 770 771|8 9 10 12 13 65 70 133 148 192 199 274 323 411 416 433 435 436 437 438 439 463 505 570 573 632 639 700 763 768 769 770 771
enroque|rnb1k1nr/N1pp1ppp/3b4/4q3/7P/8/PPPPP1P1/R1BQKBNR w KQkq - 0 7|9 11 12 13 14 15 24 65 119 130 133 192 199 260 323 432 433 434 436 437 505 510 556 573 632 639 675 763 768 769 770 771|8 9 10 12 13 65 70 133 148 192 199 283 323 416 433 435 436 437 438 439 463 505 570 573 632 639 700 763 768 769 770 771
enroque|rnN1k1nr/2pp1ppp/3b4/4q3/7P/8/PPPPP1P1/R1BQKBNR b KQkq - 0 7|9 11 12 13 14 15 24 65 125 130 133 192 199 260 323 432 433 434 436 437 505 510 556 632 639 675 763 768 769 770 771|8 9 10 12 13 65 70 148 192 199 283 323 416 433 435 436 437 438 439 453 505 570 573 632 639 700 763 768 769 770 771
enroque|rnN1k1nr/2pp1ppp/3b4/8/7P/8/PqPPP1P1/R1BQKBNR w KQkq - 0 8|9 11 12 13 15 24 65 125 130 133 192 199 260 323 432 433 434 436 437 505 510 556 632 639 654 763 768 769 770 771|8 9 10 12 13 65 70 148 192 199 310 323 416 433 435 436 437 439 453 505 570 573 632 639 700 763 768 769 770 771
enroque|rnN1k1nr/2pp1ppp/3b4/8/7P/8/PBPPP1P1/R2QKBNR b KQkq - 0 8|9 11 12 13 15 24 65 125 130 142 192 199 260 323 432 433 434 436 437 505 510 556 632 639 763 768 769 770 771|8 9 10 12 13 65 70 148 192 199 323 416 433 435 436 437 439 453 505 566 570 632 639 700 763 768 769 770 771
enroque|1nN1k1nr/2pp1ppp/r2b4/8/7P/8/PBPPP1P1/R2QKBNR w KQk - 1 9|9 11 12 13 15 24 65 125 130 142 192 199 260 323 432 433 434 436 437 505 510 556 623 632 763 768 769 770|8 9 10 12 13 65 70 148 192 215 323 416 433 435 436 437 439 453 505 566 570 632 639 700 763 768 770 771
enroque|1n2k1nr/2pp1ppp/rN1b4/8/7P/8/PBPPP1P1/R2QKBNR b KQk - 2 9|9 11 12 13 15 24 65 110 130 142 192 199 260 323 432 433 434 436 437 505 510 556 623 632 763 768 769 770|8 9 10 12 13 65 70 148 192 215 323 416 433 435 436 437 439 470 505 566 570 632 639 700 763 768 770 771
enroque|1n2k2r/2ppnppp/rN1b4/8/7P/8/PBPPP1P1/R2QKBNR w KQk - 3 10|9 11 12 13 15 24 65 110 130 142 192 199 260 323 432 433 434 436 437 499 510 556 623 632 763 768 769 770|8 9 10 12 13 70 75 148 192 215 323 416 433 435 436 437 439 470 505 566 570 632 639 700 763 768 770 771
enroque|1n2k2r/2pNnppp/r2b4/8/7P/8/PBPPP1P1/R2QKBNR b KQk - 0 10|9 11 12 13 15 24 65 116 130 142 192 199 260 323 432 433 434 437 499 510 556 623 632 763 768 769 770|8 9 10 13 70 75 148 192 215 323 416 433 435 436 437 439 460 505 566 570 632 639 700 763 768 770 771
enroque|4k2r/2pnnppp/r2b4/8/7P/8/PBPPP1P1/R2QKBNR w KQk - 0 11|9 11 12 13 15 24 65 130 142 192 199 260 323 432 433 434 437 499 500 556 623 632 763 768 769 770|8 9 10 13 75 76 148 192 215 323 416 433 435 436 437 439 505 566 570 632 639 700 763 768 770 771
enroque|4k2r/2pnnpBp/r2b4/8/7P/8/P1PPP1P1/R2QKBNR b KQk - 0 11|9 11 12 13 15 24 65 130 177 192 199 260 323 432 434 437 499 500 556 623 632 763 768 769 770|8 10 13 75 76 148 192 215 323 416 433 435 436 437 439 505 521 570 632 639 700 763 768 770 771
enroque|4k2r/2pnnpBp/r7/8/5b1P/8/P1PPP1P1/R2QKBNR w KQk - 1 12|9 11 12 13 15 24 65 130 177 192 199 260 323 432 434 437 499 500 538 623 632 763 768 769 770|8 10 13 75 76 162 192 215 323 416 433 435 436 437 439 505 521 570 632 639 700 763 768 770 771
enroque|4k2B/2pnnp1p/r7/8/5b1P/8/P1PPP1P1/R2QKBNR b KQ - 0 12|9 11 12 13 15 24 65 130 184 192 199 260 323 432 434 437 499 500 538 623 763 768 769|8 10 13 75 76 162 215 323 416 433 435 436 437 439 505 512 570 632 639 700 763 770 771
enroque|4k2B/2pnnp1p/r7/8/7P/8/P1PbP1P1/R2QKBNR w KQ - 0 13|9 11 13 15 24 65 130 184 192 199 260 323 432 434 437 499 500 524 623 763 768 769|8 10 13 75 76 180 215 323 416 433 435 437 439 505 512 570 632 639 700 763 770 771
enroque|4k2B/2pnnp1p/r7/8/7P/8/P1PQP1P1/R3KBNR b KQ - 0 13|9 11 13 15 24 65 130 184 192 199 268 323 432 434 437 499 500 623 763 768 769|8 10 13 75 76 215 323 416 433 435 437 439 505 512 570 632 639 692 763 770 771
enroque|4k2B/2pn1p1p/r1n5/8/7P/8/P1PQP1P1/R3KBNR w KQ - 1 14|9 11 13 15 24 65 130 184 192 199 268 323 432 434 437 493 500 623 763 768 769|8 10 13 76 85 215 323 416 433 435 437 439 505 512 570 632 639 692 763 770 771
enroque|4k2B/2pQ1p1p/r1n5/8/7P/8/P1P1P1P1/R3KBNR b KQ - 0 14|9 11 13 15 24 65 130 184 192 199 308 323 432 434 437 493 623 763 768 769|8 10 13 85 215 323 416 433 435 437 439 505 512 570 632 639 652 763 770 771
enroque|5k1B/2pQ1p1p/r1n5/8/7P/8/P1P1P1P1/R3KBNR w KQ - 1 15|9 11 13 15 24 65 130 184 192 199 308 323 432 434 437 493 623 762 768 769|8 10 13 85 215 322 416 433 435 437 439 505 512 570 632 639 652 763 770 771
enroque|5k1B/2pQ1p1p/r1n5/8/7P/8/P1P1P1P1/3RKBNR b K - 2 15|9 11 13 15 24 65 130 184 192 196 308 323 432 434 437 493 623 762 768|8 10 13 85 215 322 416 433 435 437 439 505 512 570 632 636 652 763 770
enroque|5k1B/2pQ1p1p/2n5/8/7P/8/r1P1P1P1/3RKBNR w K - 0 16|9 11 13 24 65 130 184 192 196 308 323 432 434 437 493 591 762 768|8 10 13 85 247 322 416 433 435 437 505 512 570 632 636 652 763 770
enroque|5k1B/2pQ1p1p/2n5/8/7P/8/r1P1P1P1/1R2KBNR b K - 1 16|9 11 13 24 65 130 184 192 198 308 323 432 434 437 493 591 762 768|8 10 13 85 247 322 416 433 435 437 505 512 570 632 638 652 763 770
enroque|5k1B/2p2p2/2n5/3Q3p/7P/8/r1P1P1P1/1R2KBNR b K - 1 17|9 11 13 24 65 130 184 192 198 292 323 416 434 437 493 591 762 768|10 13 24 85 247 322 416 433 435 437 505 512 570 632 638 668 763 770
enroque|5k1B/2p2p2/2n5/3Q3p/7P/8/2r1P1P1/1R2KBNR w K - 0 18|9 11 24 65 130 184 192 198 292 323 416 434 437 493 589 762 768|10 13 24 85 245 322 416 433 435 505 512 570 632 638 668 763 770
enroque|5k1B/2p2p2/2n5/7Q/7P/8/2r1P1P1/1R2KBNR b K - 0 18|9 11 24 65 130 184 192 198 288 323 434 437 493 589 762 768|10 13 85 245 322 416 433 435 505 512 570 632 638 664 763 770
enroque|6kB/2p2p2/2n5/7Q/7P/8/2r1P1P1/1R2KBNR w K - 1 19|9 11 24 65 130 184 192 198 288 323 434 437 493 589 761 768|10 13 85 245 321 416 433 435 505 512 570 632 638 664 763 770
enroque|6kB/2p2Q2/2n5/8/7P/8/2r1P1P1/1R2KBNR b K - 0 19|9 11 24 65 130 184 192 198 306 323 437 493 589 761 768|13 85 245 321 416 433 435 505 512 570 632 638 650 763 770
enroque|7B/2p2k2/2n5/8/7P/8/2r1P1P1/1R2KBNR w K - 0 20|9 11 24 65 130 184 192 198 323 437 493 589 754 768|13 85 245 330 416 433 435 505 512 570 632 638 763 770
enroque|7B/2p2k2/8/4n3/6PP/8/2r1P3/1R2KBNR w K - 1 21|11 24 25 65 130 184 192 198 323 437 483 589 754 768|13 91 245 330 416 417 435 505 512 570 632 638 763 770
enroque|7B/2p2k2/8/4n3/6PP/8/2r1P3/R3KBNR b K - 2 21|11 24 25 65 130 184 192 199 323 437 483 589 754 768|13 91 245 330 416 417 435 505 512 570 632 639 763 770
enroque|7B/2p2k2/8/8/6nP/8/2r1P3/R3KBNR w K - 0 22|11 24 65 130 184 192 199 323 437 473 589 754 768|13 97 245 330 416 435 505 512 570 632 639 763 770
enroque|7B/2p2k2/8/8/6nP/8/2r1P3/1R2KBNR b K - 1 22|11 24 65 130 184 192 198 323 437 473 589 754 768|13 97 245 330 416 435 505 512 570 632 638 763 770
enroque|7B/2p2k2/8/8/6nP/8/4r3/1R2KBNR w K - 0 23|24 65 130 184 192 198 323 437 473 587 754 768|13 97 243 330 416 505 512 570 632 638 763 770
enroque|rnbqkb1r/ppppppp1/7n/7p/1P1P4/8/P1P1PPPP/RNBQKBNR w KQkq - 1 3|8 9 10 11 13 15 28 30 65 70 130 133 192 199 260 323 416 433 434 435 436 437 438 439 488 510 570 573 632 639 700 763 768 769 770 771|9 10 11 12 13 14 15 24 70 80 130 133 192 199 260 323 420 422 432 433 434 435 437 439 505 510 570 573 632 639 700 763 768 769 770 771
enroque|rnbqkb1r/ppppppp1/7B/7p/1P1P4/8/P1P1PPPP/RN1QKBNR b KQkq - 0 3|8 9 10 11 13 15 28 30 65 70 130 168 192 199 260 323 416 433 434 435 436 437 438 439 510 570 573 632 639 700 763 768 769 770 771|9 10 11 12 13 14 15 24 70 130 133 192 199 260 323 420 422 432 433 434 435 437 439 505 510 528 570 632 639 700 763 768 769 770 771
enroque|rnbqkbr1/ppppppp1/7B/7p/1P1P4/8/P1P1PPPP/RN1QKBNR w KQq - 1 4|8 9 10 11 13 15 28 30 65 70 130 168 192 199 260 323 416 433 434 435 436 437 438 439 510 570 573 633 639 700 763 768 769 771|9 10 11 12 13 14 15 24 70 130 133 193 199 260 323 420 422 432 433 434 435 437 439 505 510 528 570 632 639 700 763 769 770 771
enroque|rnbqkbr1/ppppppB1/8/7p/1P1P4/8/P1P1PPPP/RN1QKBNR b KQq - 0 4|8 9 10 11 13 15 28 30 65 70 130 177 192 199 260 323 416 434 435 436 437 438 439 510 570 573 633 639 700 763 768 769 771|10 11 12 13 14 15 24 70 130 133 193 199 260 323 420 422 432 433 434 435 437 439 505 510 521 570 632 639 700 763 769 770 771
enroque|rnbqk1r1/ppppppb1/8/7p/1P1P4/8/P1P1PPPP/RN1QKBNR w KQq - 0 5|8 9 10 11 13 15 28 30 65 70 130 192 199 260 323 416 434 435 436 437 438 439 510 561 573 633 639 700 763 768 769 771|10 11 12 13 14 15 24 70 133 137 193 199 260 323 420 422 432 433 434 435 437 439 505 510 570 632 639 700 763 769 770 771
enroque|rnbqk1r1/ppppppb1/8/7p/1P1P4/7P/P1P1PPP1/RN1QKBNR b KQq - 0 5|9 10 11 13 15 16 28 30 65 70 130 192 199 260 323 416 434 435 436 437 438 439 510 561 573 633 639 700 763 768 769 771|10 11 12 13 14 15 24 70 133 137 193 199 260 323 420 422 424 433 434 435 437 439 505 510 570 632 639 700 763 769 770 771
enroque|rnbqk1r1/pppppp2/8/7p/1P1b4/7P/P1P1PPP1/RN1QKBNR w KQq - 0 6|9 10 11 13 15 16 30 65 70 130 192 199 260 323 416 434 435 436 437 438 439 510 540 573 633 639 700 763 768 769 771|10 11 12 13 14 15 24 70 133 164 193 199 260 323 422 424 433 434 435 437 439 505 510 570 632 639 700 763 769 770 771
enroque|rnbqk1r1/pppppp2/8/7p/1P1Q4/7P/P1P1PPP1/RN2KBNR b KQq - 0 6|9 10 11 13 15 16 30 65 70 130 192 199 284 323 416 434 435 436 437 438 439 510 573 633 639 700 763 768 769 771|10 11 12 13 14 15 24 70 133 193 199 260 323 422 424 433 434 435 437 439 505 510 570 632 639 676 763 769 770 771
enroque|rnbqk3/pppppp2/8/6rp/1P1Q4/7P/P1P1PPP1/RN2KBNR w KQq - 1 7|9 10 11 13 15 16 30 65 70 130 192 199 284 323 416 434 435 436 437 438 439 510 573 609 639 700 763 768 769 771|10 11 12 13 14 15 24 70 133 199 217 260 323 422 424 433 434 435 437 439 505 510 570 632 639 676 763 769 770 771
enroque|rnbqk3/pppQpp2/8/6rp/1P6/7P/P1P1PPP1/RN2KBNR b KQq - 0 7|9 10 11 13 15 16 30 65 70 130 192 199 308 323 416 434 435 437 438 439 510 573 609 639 700 763 768 769 771|10 11 13 14 15 24 70 133 199 217 260 323 422 424 433 434 435 437 439 505 510 570 632 639 652 763 769 770 771
enroque|r1bqk3/pppnpp2/8/6rp/1P6/7P/P1P1PPP1/RN2KBNR w KQq - 0 8|9 10 11 13 15 16 30 65 70 130 192 199 323 416 434 435 437 438 439 500 573 609 639 700 763 768 769 771|10 11 13 14 15 24 76 133 199 217 260 323 422 424 433 434 435 437 439 505 510 570 632 639 763 769 770 771
enroque|r1bqk3/pppnpp2/8/7p/1P3P2/7P/P1P1P1r1/RN2KBNR w KQq - 0 9|11 13 15 16 26 30 65 70 130 192 199 323 416 434 435 437 438 439 500 573 585 639 700 763 768 769 771|10 11 13 14 15 24 76 133 199 241 260 323 418 422 424 435 437 439 505 510 570 632 639 763 769 770 771
enroque|r1bqk3/pppnpp2/8/7p/1P3P2/7P/P1P1P1B1/RN2K1NR b KQq - 0 9|11 13 15 16 26 30 65 70 137 192 199 323 416 434 435 437 438 439 500 573 639 700 763 768 769 771|10 11 13 14 15 24 76 133 199 260 323 418 422 424 435 437 439 505 510 561 632 639 763 769 770 771
enroque|1rbqk3/pppnpp2/8/7p/1P3P2/7P/P1P1P1B1/RN2K1NR w KQ - 1 10|11 13 15 16 26 30 65 70 137 192 199 323 416 434 435 437 438 439 500 573 638 700 763 768 769|10 11 13 14 15 24 76 133 198 260 323 418 422 424 435 437 439 505 510 561 632 639 763 770 771
enroque|1rbqk3/pppnpp2/8/7p/1P3P2/4P2P/P1P3B1/RN2K1NR b KQ - 0 10|13 15 16 19 26 30 65 70 137 192 199 323 416 434 435 437 438 439 500 573 638 700 763 768 769|10 11 13 14 15 24 76 133 198 260 323 418 422 424 427 437 439 505 510 561 632 639 763 770 771
enroque|1rbqk3/ppp1pp2/1n6/7p/1P3P2/4P2P/P1P3B1/RN2K1NR w KQ - 1 11|13 15 16 19 26 30 65 70 137 192 199 323 416 434 435 437 438 439 494 573 638 700 763 768 769|10 11 13 14 15 24 86 133 198 260 323 418 422 424 427 437 439 505 510 561 632 639 763 770 771
enroque|1rbqk3/pBp1pp2/1n6/7p/1P3P2/4P2P/P1P5/RN2K1NR b KQ - 0 11|13 15 16 19 26 30 65 70 182 192 199 323 416 434 435 437 439 494 573 638 700 763 768 769|10 11 13 15 24 86 133 198 260 323 418 422 424 427 437 439 505 510 526 632 639 763 770 771
enroque|1rb1k3/pBp1pp2/1n6/3q3p/1P3P2/4P2P/P1P5/RN2K1NR w KQ - 1 12|13 15 16 19 26 30 65 70 182 192 199 323 416 434 435 437 439 494 573 638 676 763 768 769|10 11 13 15 24 86 133 198 284 323 418 422 424 427 437 439 505 510 526 632 639 763 770 771
enroque|1rb1k3/p1p1pp2/Bn6/3q3p/1P3P2/4P2P/P1P5/RN2K1NR b KQ - 2 12|13 15 16 19 26 30 65 70 175 192 199 323 416 434 435 437 439 494 573 638 676 763 768 769|10 11 13 15 24 86 133 198 284 323 418 422 424 427 437 439 505 510 535 632 639 763 770 771
enroque|1rb1k3/p1p1pp2/Bn6/7p/1P3P2/4P2P/P1P5/RN2K1Nq w Q - 0 13|13 15 16 19 26 30 65 70 175 199 323 416 434 435 437 439 494 573 638 640 763 769|10 11 13 15 24 86 133 198 312 323 418 422 424 427 437 439 505 510 535 639 763 771
enroque|1rB1k3/p1p1pp2/1n6/7p/1P3P2/4P2P/P1P5/RN2K1Nq b Q - 0 13|13 15 16 19 26 30 65 70 189 199 323 416 434 435 437 439 494 638 640 763 769|10 11 13 15 24 86 198 312 323 418 422 424 427 437 439 505 510 517 639 763 771
enroque|2r1k3/p1p1pp2/1n6/7p/1P3P2/4P2P/P1P5/RN2K1Nq w Q - 0 14|13 15 16 19 26 30 65 70 199 323 416 434 435 437 439 494 637 640 763 769|10 11 13 15 24 86 197 312 323 418 422 424 427 437 439 505 510 639 763 771
enroque|rnbqkbnr/pppppppp/8/8/8/7N/PPPPPPPP/RNBQKB1R b KQkq - 1 1|8 9 10 11 12 13 14 15 70 80 130 133 192 199 260 323 432 433 434 435 436 437 438 439 505 510 570 573 632 639 700 763 768 769 770 771|8 9 10 11 12 13 14 15 65 70 130 133 192 199 260 323 432 433 434 435 436 437 438 439 488 510 570 573 632 639 700 763 768 769 770 771
enroque|rnbqkbnr/ppppp1pp/5p2/8/8/7N/PPPPPPPP/RNBQKB1R w KQkq - 0 2|8 9 10 11 12 13 14 15 70 80 130 133 192 199 260 323 426 432 433 435 436 437 438 439 505 510 570 573 632 639 700 763 768 769 770 771|8 9 11 12 13 14 15 18 65 70 130 133 192 199 260 323 432 433 434 435 436 437 438 439 488 510 570 573 632 639 700 763 768 769 770 771
enroque|rnbqkbnr/ppppp1pp/5p2/8/8/3P3N/PPP1PPPP/RNBQKB1R b KQkq - 0 2|8 9 10 11 13 14 15 20 70 80 130 133 192 199 260 323 426 432 433 435 436 437 438 439 505 510 570 573 632 639 700 763 768 769 770 771|8 9 11 12 13 14 15 18 65 70 130 133 192 199 260 323 428 432 433 434 435 437 438 439 488 510 570 573 632 639 700 763 768 769 770 771
enroque|rnbqkbnr/pp1pp1pp/5p2/2p5/3P4/7N/PPP1PPPP/RNBQKB1R b KQkq - 0 3|8 9 10 11 13 14 15 28 70 80 130 133 192 199 260 323 421 426 432 433 435 436 438 439 505 510 570 573 632 639 700 763 768 769 770 771|8 9 11 12 14 15 18 29 65 70 130 133 192 199 260 323 420 432 433 434 435 437 438 439 488 510 570 573 632 639 700 763 768 769 770 771
enroque|rnbqkbnr/p2pp1pp/1p3p2/2p5/3P4/7N/PPP1PPPP/RNBQKB1R w KQkq - 0 4|8 9 10 11 13 14 15 28 70 80 130 133 192 199 260 323 421 426 430 432 433 435 436 439 505 510 570 573 632 639 700 763 768 769 770 771|8 9 11 12 15 18 22 29 65 70 130 133 192 199 260 323 420 432 433 434 435 437 438 439 488 510 570 573 632 639 700 763 768 769 770 771
enroque|rnbqkbnr/p2pp1pp/1p3p2/2P5/8/7N/PPP1PPPP/RNBQKB1R b KQkq - 0 4|8 9 10 11 13 14 15 37 70 80 130 133 192 199 260 323 426 430 432 433 435 436 439 505 510 570 573 632 639 700 763 768 769 770 771|8 9 11 12 15 18 22 65 70 130 133 192 199 260 323 413 432 433 434 435 437 438 439 488 510 570 573 632 639 700 763 768 769 770 771
enroque|rnbq1bnr/p2ppkpp/1p3p2/2P5/8/7N/PPP1PPPP/RNBQKB1R w KQ - 1 5|8 9 10 11 13 14 15 37 70 80 130 133 192 199 260 323 426 430 432 433 435 436 439 505 510 570 573 632 639 700 754 768 769|8 9 11 12 15 18 22 65 70 130 133 192 199 260 330 413 432 433 434 435 437 438 439 488 510 570 573 632 639 700 763 770 771
enroque|rnbq1bnr/p2ppkpp/1P3p2/8/8/7N/PPP1PPPP/RNBQKB1R b KQ - 0 5|8 9 10 11 13 14 15 46 70 80 130 133 192 199 260 323 426 432 433 435 436 439 505 510 570 573 632 639 700 754 768 769|8 9 11 12 15 18 65 70 130 133 192 199 260 330 406 432 433 434 435 437 438 439 488 510 570 573 632 639 700 763 770 771
enroque|rnbq1bnr/3ppkpp/1p3p2/8/8/7N/PPP1PPPP/RNBQKB1R w KQ - 0 6|8 9 10 11 13 14 15 70 80 130 133 192 199 260 323 426 430 432 433 435 436 505 510 570 573 632 639 700 754 768 769|8 9 11 12 18 22 65 70 130 133 192 199 260 330 432 433 434 435 437 438 439 488 510 570 573 632 639 700 763 770 771
enroque|rnbq1bnr/3Qpkpp/1p3p2/8/8/7N/PPP1PPPP/RNB1KB1R b KQ - 0 6|8 9 10 11 13 14 15 70 80 130 133 192 199 308 323 426 430 432 433 435 505 510 570 573 632 639 700 754 768 769|8 9 11 18 22 65 70 130 133 192 199 260 330 432 433 434 435 437 438 439 488 510 570 573 632 639 652 763 770 771
enroque|rnb2bnr/3qpkpp/1p3p2/8/8/7N/PPP1PPPP/RNB1KB1R w KQ - 0 7|8 9 10 11 13 14 15 70 80 130 133 192 199 323 426 430 432 433 435 505 510 570 573 632 639 692 754 768 769|8 9 11 18 22 65 70 130 133 192 199 268 330 432 433 434 435 437 438 439 488 510 570 573 632 639 763 770 771
enroque|rnb2bnr/3qpkpp/1p3p2/6N1/8/8/PPP1PPPP/RNB1KB1R b KQ - 1 7|8 9 10 11 13 14 15 70 97 130 133 192 199 323 426 430 432 433 435 505 510 570 573 632 639 692 754 768 769|8 9 11 18 22 65 70 130 133 192 199 268 330 432 433 434 435 437 438 439 473 510 570 573 632 639 763 770 771
enroque|rnb2bnr/3qpkpp/1p6/6p1/8/8/PPP1PPPP/RNB1KB1R w KQ - 0 8|8 9 10 11 13 14 15 70 130 133 192 199 323 417 430 432 433 435 505 510 570 573 632 639 692 754 768 769|8 9 11 22 25 65 70 130 133 192 199 268 330 432 433 434 435 437 438 439 510 570 573 632 639 763 770 771
enroque|rnb2bnr/3qpkpp/1p6/6p1/8/2P5/PP2PPPP/RNB1KB1R b KQ - 0 8|8 9 10 11 14 15 21 70 130 133 192 199 323 417 430 432 433 435 505 510 570 573 632 639 692 754 768 769|8 9 11 22 25 65 70 130 133 192 199 268 330 429 432 433 434 435 438 439 510 570 573 632 639 763 770 771
enroque|rnb2bnr/4pkpp/1p6/6p1/8/2P4q/PP2PPPP/RNB1KB1R w KQ - 1 9|8 9 10 11 14 15 21 70 130 133 192 199 323 417 430 432 433 435 505 510 570 573 632 639 656 754 768 769|8 9 11 22 25 65 70 130 133 192 199 296 330 429 432 433 434 435 438 439 510 570 573 632 639 763 770 771
enroque|rnb2bnr/4pkpp/1p6/6p1/8/2P4P/PP2PP1P/RNB1KB1R b KQ - 0 9|8 10 11 14 15 16 21 70 130 133 192 199 323 417 430 432 433 435 505 510 570 573 632 639 754 768 769|8 9 11 22 25 65 70 130 133 192 199 330 424 429 432 434 435 438 439 510 570 573 632 639 763 770 771
enroque|rnb2bnr/4p1pp/1p4k1/6p1/8/2P4P/PP2PP1P/RNB1KB1R w KQ - 1 10|8 10 11 14 15 16 21 70 130 133 192 199 323 417 430 432 433 435 505 510 570 573 632 639 745 768 769|8 9 11 22 25 65 70 130 133 192 199 337 424 429 432 434 435 438 439 510 570 573 632 639 763 770 771
enroque|1nb2bnr/r3p1pp/1p4k1/6p1/4P3/2P4P/PP3P1P/RNB1KB1R w KQ - 1 11|8 10 14 15 16 21 27 70 130 133 192 199 323 417 430 432 433 435 505 510 570 573 631 632 745 768 769|8 9 11 22 25 65 70 130 133 192 207 337 419 424 429 432 434 438 439 510 570 573 632 639 763 770 771
enroque|1nb2bnr/r3p1pp/1p4k1/6p1/4P3/2P4P/PP1B1P1P/RN2KB1R b KQ - 2 11|8 10 14 15 16 21 27 70 130 140 192 199 323 417 430 432 433 435 505 510 570 573 631 632 745 768 769|8 9 11 22 25 65 70 130 133 192 207 337 419 424 429 432 434 438 439 510 564 570 632 639 763 770 771
enroque|1n3bnr/r3p1pp/1p2b1k1/6p1/4P3/2P4P/PP1B1P1P/RN2KB1R w KQ - 3 12|8 10 14 15 16 21 27 70 130 140 192 199 323 417 430 432 433 435 505 510 555 570 631 632 745 768 769|8 9 11 22 25 65 70 130 147 192 207 337 419 424 429 432 434 438 439 510 564 570 632 639 763 770 771
enroque|1n3bnr/r3p1pp/1p2b1k1/6B1/4P3/2P4P/PP3P1P/RN2KB1R b KQ - 0 12|8 10 14 15 16 21 27 70 130 161 192 199 323 430 432 433 435 505 510 555 570 631 632 745 768 769|8 9 11 22 65 70 130 147 192 207 337 419 424 429 432 434 438 439 510 537 570 632 639 763 770 771
enroque|1n3bnr/r3p1pp/1p2b3/6k1/4P3/2P4P/PP3P1P/RN2KB1R w KQ - 0 13|8 10 14 15 16 21 27 70 130 192 199 323 430 432 433 435 505 510 555 570 631 632 737 768 769|8 9 11 22 65 70 130 147 192 207 345 419 424 429 432 434 438 439 510 570 632 639 763 770 771
enroque|rnbqkbnr/pppppppp/8/8/8/P7/1PPPPPPP/RNBQKBNR b KQkq - 0 1|8 9 10 11 12 13 14 23 65 70 130 133 192 199 260 323 432 433 434 435 436 437 438 439 505 510 570 573 632 639 700 763 768 769 770 771|8 9 10 11 12 13 14 15 65 70 130 133 192 199 260 323 431 432 433 434 435 436 437 438 505 510 570 573 632 639 700 763 768 769 770 771
enroque|rnbqkbnr/pppppp1p/6p1/8/8/P7/1PPPPPPP/RNBQKBNR w KQkq - 0 2|8 9 10 11 12 13 14 23 65 70 130 133 192 199 260 323 425 432 434 435 436 437 438 439 505 510 570 573 632 639 700 763 768 769 770 771|8 10 11 12 13 14 15 17 65 70 130 133 192 199 260 323 431 432 433 434 435 436 437 438 505 510 570 573 632 639 700 763 768 769 770 771
enroque|rnbqkbnr/1ppppp1p/6p1/P7/8/P7/2PPPPPP/RNBQKBNR b KQkq - 0 3|8 9 10 11 12 13 23 39 65 70 130 133 192 199 260 323 425 432 434 435 436 437 438 505 510 570 573 632 639 700 763 768 769 770 771|8 10 11 12 13 14 17 65 70 130 133 192 199 260 323 415 431 432 433 434 435 436 437 505 510 570 573 632 639 700 763 768 769 770 771
enroque|1nbqkbnr/1ppppp1p/6p1/r7/8/P7/2PPPPPP/RNBQKBNR w KQk - 0 4|8 9 10 11 12 13 23 65 70 130 133 192 199 260 323 425 432 434 435 436 437 438 505 510 570 573 615 632 700 763 768 769 770|8 10 11 12 13 14 17 65 70 130 133 192 223 260 323 431 432 433 434 435 436 437 505 510 570 573 632 639 700 763 768 770 771
enroque|1nbqkbnr/1ppppp1p/6p1/r7/8/P6N/2PPPPPP/RNBQKB1R b KQk - 1 4|8 9 10 11 12 13 23 70 80 130 133 192 199 260 323 425 432 434 435 436 437 438 505 510 570 573 615 632 700 763 768 769 770|8 10 11 12 13 14 17 65 70 130 133 192 223 260 323 431 432 433 434 435 436 437 488 510 570 573 632 639 700 763 768 770 771
enroque|1nbqkbnr/1ppppp1p/6p1/8/8/r6N/2PPPPPP/RNBQKB1R w KQk - 0 5|8 9 10 11 12 13 70 80 130 133 192 199 260 323 425 432 434 435 436 437 438 505 510 570 573 599 632 700 763 768 769 770|8 10 11 12 13 14 17 65 70 130 133 192 239 260 323 432 433 434 435 436 437 488 510 570 573 632 639 700 763 768 770 771
enroque|1nbqkbnr/1ppppp1p/6p1/8/8/r1N4N/2PPPPPP/R1BQKB1R b KQk - 1 5|8 9 10 11 12 13 80 85 130 133 192 199 260 323 425 432 434 435 436 437 438 505 510 570 573 599 632 700 763 768 769 770|8 10 11 12 13 14 17 65 70 130 133 192 239 260 323 432 433 434 435 436 437 488 493 570 573 632 639 700 763 768 770 771
enroque|1nbqkbnr/1ppppp1p/6p1/8/8/2r4N/2PPPPPP/R1BQKB1R w KQk - 0 6|8 9 10 11 12 13 80 130 133 192 199 260 323 425 432 434 435 436 437 438 505 510 570 573 597 632 700 763 768 769 770|8 10 11 12 13 14 17 65 70 130 133 192 237 260 323 432 433 434 435 436 437 488 570 573 632 639 700 763 768 770 771
enroque|1nbqkbnr/1ppppp1p/6p1/8/8/B1r4N/2PPPPPP/R2QKB1R b KQk - 1 6|8 9 10 11 12 13 80 130 151 192 199 260 323 425 432 434 435 436 437 438 505 510 570 573 597 632 700 763 768 769 770|8 10 11 12 13 14 17 65 70 130 133 192 237 260 323 432 433 434 435 436 437 488 559 570 632 639 700 763 768 770 771
enroque|1nbqkbnr/1ppppp1p/6p1/8/8/B6r/2PPPPPP/R2QKB1R w KQk - 0 7|8 9 10 11 12 13 130 151 192 199 260 323 425 432 434 435 436 437 438 505 510 570 573 592 632 700 763 768 769 770|8 10 11 12 13 14 17 65 70 130 133 192 232 260 323 432 433 434 435 436 437 559 570 632 639 700 763 768 770 771
enroque|1nbqkbnr/1ppppp1p/6p1/8/8/B6r/2PPPPPP/R1Q1KB1R b KQk - 1 7|8 9 10 11 12 13 130 151 192 199 261 323 425 432 434 435 436 437 438 505 510 570 573 592 632 700 763 768 769 770|8 10 11 12 13 14 17 65 70 130 133 192 232 260 323 432 433 434 435 436 437 559 570 632 639 701 763 768 770 771
enroque|1nbqkbnr/1ppppp1p/6p1/8/8/B7/2PPPPPr/R1Q1KB1R w KQk - 0 8|9 10 11 12 13 130 151 192 199 261 323 425 432 434 435 436 437 438 505 510 570 573 584 632 700 763 768 769 770|8 10 11 12 13 14 17 65 70 130 133 192 240 260 323 433 434 435 436 437 559 570 632 639 701 763 768 770 771
enroque|1nbqkbnr/1ppppp1p/6p1/8/8/B7/2PPPPPR/R1Q1KB2 b Qk - 0 8|9 10 11 12 13 130 151 199 200 261 323 425 432 434 435 436 437 438 505 510 570 573 632 700 763 769 770|8 10 11 12 13 14 17 65 70 130 133 192 260 323 433 434 435 436 437 559 570 624 639 701 763 768 771
enroque|1nbqkbnr/1ppppp1p/8/6p1/8/B7/2PPPPPR/R1Q1KB2 w Qk - 0 9|9 10 11 12 13 130 151 199 200 261 323 417 432 434 435 436 437 438 505 510 570 573 632 700 763 769 770|8 10 11 12 13 14 25 65 70 130 133 192 260 323 433 434 435 436 437 559 570 624 639 701 763 768 771
enroque|1nbqkbnr/1ppppp1p/8/6p1/8/B1P5/3PPPPR/R1Q1KB2 b Qk - 0 9|9 10 11 12 21 130 151 199 200 261 323 417 432 434 435 436 437 438 505 510 570 573 632 700 763 769 770|8 10 11 12 13 14 25 65 70 130 133 192 260 323 429 433 434 435 436 559 570 624 639 701 763 768 771
enroque|1nbqkbnr/1ppp1p1p/4p3/6p1/8/B1P5/3PPPPR/R1Q1KB2 w Qk - 0 10|9 10 11 12 21 130 151 199 200 261 323 417 427 432 434 436 437 438 505 510 570 573 632 700 763 769 770|8 10 12 13 14 19 25 65 70 130 133 192 260 323 429 433 434 435 436 559 570 624 639 701 763 768 771
enroque|1nbqkBnr/1ppp1p1p/4p3/6p1/8/2P5/3PPPPR/R1Q1KB2 b Qk - 0 10|9 10 11 12 21 130 186 199 200 261 323 417 427 432 434 436 437 438 505 510 573 632 700 763 769 770|8 10 12 13 14 19 25 65 70 133 192 260 323 429 433 434 435 436 514 570 624 639 701 763 768 771
enroque|1nbq1knr/1ppp1p1p/4p3/6p1/8/2P5/3PPPPR/R1Q1KB2 w Q - 0 11|9 10 11 12 21 130 199 200 261 323 417 427 432 434 436 437 438 505 510 573 632 700 762 769|8 10 12 13 14 19 25 65 70 133 192 260 322 429 433 434 435 436 570 624 639 701 763 771
enroque|r1bqkbnr/pppppppp/n7/8/7P/8/PPPPPPP1/RNBQKBNR w KQkq - 1 2|9 10 11 12 13 14 15 24 65 70 130 133 192 199 260 323 432 433 434 435 436 437 438 439 495 505 570 573 632 639 700 763 768 769 770 771|8 9 10 11 12 13 14 15 65 87 130 133 192 199 260 323 416 433 434 435 436 437 438 439 505 510 570 573 632 639 700 763 768 769 770 771
enroque|r1bqkbnr/pppppppp/n7/8/7P/7R/PPPPPPP1/RNBQKBN1 b Qkq - 2 2|9 10 11 12 13 14 15 24 65 70 130 133 199 208 260 323 432 433 434 435 436 437 438 439 495 505 570 573 632 639 700 763 769 770 771|8 9 10 11 12 13 14 15 65 87 130 133 192 199 260 323 416 433 434 435 436 437 438 439 505 510 570 573 616 639 700 763 768 769 771
enroque|1rbqkbnr/pppppppp/n7/8/7P/7R/PPPPPPP1/RNBQKBN1 w Qk - 3 3|9 10 11 12 13 14 15 24 65 70 130 133 199 208 260 323 432 433 434 435 436 437 438 439 495 505 570 573 632 638 700 763 769 770|8 9 10 11 12 13 14 15 65 87 130 133 192 198 260 323 416 433 434 435 436 437 438 439 505 510 570 573 616 639 700 763 768 771
enroque|1rbqkbnr/pppppppp/n7/8/7P/5N1R/PPPPPPP1/RNBQKB2 b Qk - 4 3|9 10 11 12 13 14 15 24 70 82 130 133 199 208 260 323 432 433 434 435 436 437 438 439 495 505 570 573 632 638 700 763 769 770|8 9 10 11 12 13 14 15 65 87 130 133 192 198 260 323 416 433 434 435 436 437 438 439 490 510 570 573 616 639 700 763 768 771
enroque|1rbqkbnr/pppp1ppp/n3p3/8/7P/5N1R/PPPPPPP1/RNBQKB2 w Qk - 0 4|9 10 11 12 13 14 15 24 70 82 130 133 199 208 260 323 427 432 433 434 436 437 438 439 495 505 570 573 632 638 700 763 769 770|8 9 10 12 13 14 15 19 65 87 130 133 192 198 260 323 416 433 434 435 436 437 438 439 490 510 570 573 616 639 700 763 768 771
enroque|1rbqkbnr/pppp1ppp/n3p3/8/7P/1P3N1R/P1PPPPP1/RNBQKB2 b Qk - 0 4|9 10 11 12 13 15 22 24 70 82 130 133 199 208 260 323 427 432 433 434 436 437 438 439 495 505 570 573 632 638 700 763 769 770|8 9 10 12 13 14 15 19 65 87 130 133 192 198 260 323 416 430 433 434 435 436 437 439 490 510 570 573 616 639 700 763 768 771
enroque|1rbqkbnr/pppp1pp1/n3p2p/8/7P/1P3N1R/P1PPPPP1/RNBQKB2 w Qk - 0 5|9 10 11 12 13 15 22 24 70 82 130 133 199 208 260 323 424 427 433 434 436 437 438 439 495 505 570 573 632 638 700 763 769 770|9 10 12 13 14 15 16 19 65 87 130 133 192 198 260 323 416 430 433 434 435 436 437 439 490 510 570 573 616 639 700 763 768 771
enroque|1rbq1bnr/ppppkpp1/n3p2p/8/4P2P/1P3N1R/P1PP1PP1/RNBQKB2 w Q - 1 6|9 10 12 13 15 22 24 27 70 82 130 133 199 208 260 323 424 427 433 434 436 437 438 439 495 505 570 573 632 638 700 755 769|9 10 12 13 14 15 16 19 65 87 130 133 192 198 260 331 416 419 430 433 434 436 437 439 490 510 570 573 616 639 700 763 771
enroque|1rbq1bnr/ppppkpp1/B3p2p/8/4P2P/1P3N1R/P1PP1PP1/RNBQK3 b Q - 0 6|9 10 12 13 15 22 24 27 70 82 133 175 199 208 260 323 424 427 433 434 436 437 438 439 505 570 573 632 638 700 755 769|9 10 12 13 14 15 16 19 65 130 133 192 198 260 331 416 419 430 433 434 436 437 439 490 510 535 573 616 639 700 763 771
enroque|1rbq1bnr/p1ppkpp1/p3p2p/8/4P2P/1P3N1R/P1PP1PP1/RNBQK3 w Q - 0 7|9 10 12 13 15 22 24 27 70 82 133 199 208 260 323 424 427 431 433 434 436 437 439 505 570 573 632 638 700 755 769|9 10 12 13 15 16 19 23 65 130 133 192 198 260 331 416 419 430 433 434 436 437 439 490 510 573 616 639 700 763 771
enroque|1rbq1bnr/p1ppkpp1/p3p2p/8/4P2P/1P3N1R/P1PPQPP1/RNB1K3 b Q - 1 7|9 10 12 13 15 22 24 27 70 82 133 199 208 267 323 424 427 431 433 434 436 437 439 505 570 573 632 638 700 755 769|9 10 12 13 15 16 19 23 65 130 133 192 198 260 331 416 419 430 433 434 436 437 439 490 510 573 616 639 691 763 771
enroque|2bq1bnr/p1ppkpp1/p3p2p/8/4P2P/1r3N1R/P1PPQPP1/RNB1K3 w Q - 0 8|9 10 12 13 15 24 27 70 82 133 199 208 267 323 424 427 431 433 434 436 437 439 505 570 573 598 632 700 755 769|9 10 12 13 15 16 19 23 65 130 133 192 238 260 331 416 419 433 434 436 437 439 490 510 573 616 639 691 763 771
enroque|2bq1bnr/p1ppkpp1/p3p2p/8/4P2P/1r3N1R/PBPPQPP1/RN2K3 b Q - 1 8|9 10 12 13 15 24 27 70 82 142 199 208 267 323 424 427 431 433 434 436 437 439 505 570 573 598 632 700 755 769|9 10 12 13 15 16 19 23 65 130 133 192 238 260 331 416 419 433 434 436 437 439 490 510 566 616 639 691 763 771
enroque|2bq1bnr/p1ppkpp1/p3p2p/8/4P2P/3r1N1R/PBPPQPP1/RN2K3 w Q - 2 9|9 10 12 13 15 24 27 70 82 142 199 208 267 323 424 427 431 433 434 436 437 439 505 570 573 596 632 700 755 769|9 10 12 13 15 16 19 23 65 130 133 192 236 260 331 416 419 433 434 436 437 439 490 510 566 616 639 691 763 771
enroque|2bq1bnr/p1ppkpB1/p3p2p/8/4P2P/3r1N1R/P1PPQPP1/RN2K3 b Q - 0 9|9 10 12 13 15 24 27 70 82 177 199 208 267 323 424 427 431 434 436 437 439 505 570 573 596 632 700 755 769|10 12 13 15 16 19 23 65 130 133 192 236 260 331 416 419 433 434 436 437 439 490 510 521 616 639 691 763 771
enroque|2bq1bnr/p1ppkpB1/p3p2p/8/4P2P/5N1R/P1PrQPP1/RN2K3 w Q - 0 10|9 10 13 15 24 27 70 82 177 199 208 267 323 424 427 431 434 436 437 439 505 570 573 588 632 700 755 769|10 12 13 15 16 19 23 65 130 133 192 244 260 331 416 419 433 434 437 439 490 510 521 616 639 691 763 771
enroque|2bq1bnr/p1ppkp2/p3p2B/8/4P2P/5N1R/P1PrQPP1/RN2K3 b Q - 0 10|9 10 13 15 24 27 70 82 168 199 208 267 323 427 431 434 436 437 439 505 570 573 588 632 700 755 769|10 12 13 15 19 23 65 130 133 192 244 260 331 416 419 433 434 437 439 490 510 528 616 639 691 763 771
enroque|2bq1bnr/p1p1kp2/p2pp2B/8/4P2P/5N1R/P1PrQPP1/RN2K3 w Q - 0 11|9 10 13 15 24 27 70 82 168 199 208 267 323 427 428 431 434 437 439 505 570 573 588 632 700 755 769|10 13 15 19 20 23 65 130 133 192 244 260 331 416 419 433 434 437 439 490 510 528 616 639 691 763 771
enroque|2bq1bnr/p1p1kp2/p2pp3/6B1/4P2P/5N1R/P1PrQPP1/RN2K3 b Q - 1 11|9 10 13 15 24 27 70 82 161 199 208 267 323 427 428 431 434 437 439 505 570 573 588 632 700 755 769|10 13 15 19 20 23 65 130 133 192 244 260 331 416 419 433 434 437 439 490 510 537 616 639 691 763 771
enroque|2bq1b1r/p1p1kp2/p2ppn2/6B1/4P2P/5N1R/P1PrQPP1/RN2K3 w Q - 2 12|9 10 13 15 24 27 70 82 161 199 208 267 323 427 428 431 434 437 439 490 570 573 588 632 700 755 769|10 13 15 19 20 23 82 130 133 192 244 260 331 416 419 433 434 437 439 490 510 537 616 639 691 763 771
enroque|2bq1b1r/p1p1kp2/p2ppn2/6B1/4P2P/5N2/P1PrQPP1/RN2K2R b Q - 3 12|9 10 13 15 24 27 70 82 161 192 199 267 323 427 428 431 434 437 439 490 570 573 588 632 700 755 769|10 13 15 19 20 23 82 130 133 192 244 260 331 416 419 433 434 437 439 490 510 537 632 639 691 763 771
enroque|2bq1b1r/p1pk1p2/p2ppn2/6B1/4P2P/5N2/P1PrQPP1/RN2K2R w Q - 4 13|9 10 13 15 24 27 70 82 161 192 199 267 323 427 428 431 434 437 439 490 570 573 588 632 700 756 769|8 10 13 16 19 20 85 130 133 199 243 259 331 420 423 432 434 437 438 493 505 542 632 639 692 764 770
enroque|2bq1b1r/p1pk1p2/p3pn2/3p2B1/4P1PP/5N2/P1PrQP2/RN2K2R w Q - 0 14|10 13 15 24 25 27 70 82 161 192 199 267 323 420 427 431 434 437 439 490 570 573 588 632 700 756 769|8 10 13 16 20 27 85 130 133 199 243 259 331 420 422 423 432 434 437 493 505 542 632 639 692 764 770
enroque|rnbqkbnr/pppppp1p/8/6P1/8/8/PPPPP1PP/RNBQKBNR b KQkq - 0 2|8 9 11 12 13 14 15 33 65 70 130 133 192 199 260 323 432 434 435 436 437 438 439 505 510 570 573 632 639 700 763 768 769 770 771|8 10 11 12 13 14 15 65 70 130 133 192 199 260 323 409 432 433 435 436 437 438 439 505 510 570 573 632 639 700 763 768 769 770 771
enroque|r1bqkbnr/pppppp1p/n7/6P1/8/8/PPPPP1PP/RNBQKBNR w KQkq - 1 3|8 9 11 12 13 14 15 33 65 70 130 133 192 199 260 323 432 434 435 436 437 438 439 495 505 570 573 632 639 700 763 768 769 770 771|8 10 11 12 13 14 15 65 87 130 133 192 199 260 323 409 432 433 435 436 437 438 439 505 510 570 573 632 639 700 763 768 769 770 771
enroque|r1bqkbnr/pppppp1p/n7/6P1/8/7P/PPPPP1P1/RNBQKBNR b KQkq - 0 3|9 11 12 13 14 15 16 33 65 70 130 133 192 199 260 323 432 434 435 436 437 438 439 495 505 570 573 632 639 700 763 768 769 770 771|8 10 11 12 13 14 15 65 87 130 133 192 199 260 323 409 424 433 435 436 437 438 439 505 510 570 573 632 639 700 763 768 769 770 771
enroque|rnbqkbnr/pppppp1p/8/6P1/8/7P/PPPPP1P1/RNBQKBNR w KQkq - 1 4|9 11 12 13 14 15 16 33 65 70 130 133 192 199 260 323 432 434 435 436 437 438 439 505 510 570 573 632 639 700 763 768 769 770 771|8 10 11 12 13 14 15 65 70 130 133 192 199 260 323 409 424 433 435 436 437 438 439 505 510 570 573 632 639 700 763 768 769 770 771
enroque|rnbqkbnr/pppppp1p/8/6P1/8/2N4P/PPPPP1P1/R1BQKBNR b KQkq - 2 4|9 11 12 13 14 15 16 33 65 85 130 133 192 199 260 323 432 434 435 436 437 438 439 505 510 570 573 632 639 700 763 768 769 770 771|8 10 11 12 13 14 15 65 70 130 133 192 199 260 323 409 424 433 435 436 437 438 439 493 505 570 573 632 639 700 763 768 769 770 771
enroque|rnbqkbnr/pppppp2/8/6Pp/8/2N2N1P/PPPPP1P1/R1BQKB1R b KQkq - 1 5|9 11 12 13 14 15 16 33 82 85 130 133 192 199 260 323 416 434 435 436 437 438 439 505 510 570 573 632 639 700 763 768 769 770 771|10 11 12 13 14 15 24 65 70 130 133 192 199 260 323 409 424 433 435 436 437 438 439 490 493 570 573 632 639 700 763 768 769 770 771
enroque|rnbqkbnr/ppp1pp2/3p4/6Pp/8/2N2N1P/PPPPP1P1/R1BQKB1R w KQkq - 0 6|9 11 12 13 14 15 16 33 82 85 130 133 192 199 260 323 416 428 434 435 437 438 439 505 510 570 573 632 639 700 763 768 769 770 771|10 11 13 14 15 20 24 65 70 130 133 192 199 260 323 409 424 433 435 436 437 438 439 490 493 570 573 632 639 700 763 768 769 770 771
enroque|rnbqkbnr/ppp1pp2/3p4/6Pp/7N/2N4P/PPPPP1P1/R1BQKB1R b KQkq - 1 6|9 11 12 13 14 15 16 33 85 88 130 133 192 199 260 323 416 428 434 435 437 438 439 505 510 570 573 632 639 700 763 768 769 770 771|10 11 13 14 15 20 24 65 70 130 133 192 199 260 323 409 424 433 435 436 437 438 439 480 493 570 573 632 639 700 763 768 769 770 771
enroque|rn1qkbnr/ppp1pp2/3p4/6Pp/7N/2N4b/PPPPP1P1/R1BQKB1R w KQkq - 0 7|9 11 12 13 14 15 33 85 88 130 133 192 199 260 323 416 428 434 435 437 438 439 505 510 528 570 632 639 700 763 768 769 770 771|10 11 13 14 15 20 24 65 70 130 168 192 199 260 323 409 433 435 436 437 438 439 480 493 570 573 632 639 700 763 768 769 770 771
enroque|rn1qkbnr/ppp1pp2/3p4/6Pp/7N/2N4b/PPPPPKP1/R1BQ1B1R b kq - 1 7|9 11 12 13 14 15 33 85 88 130 133 192 199 260 330 416 428 434 435 437 438 439 505 510 528 570 632 639 700 763 770 771|10 11 13 14 15 20 24 65 70 130 168 192 199 260 323 409 433 435 436 437 438 439 480 493 570 573 632 639 700 754 768 769
enroque|rn1qkbnr/ppp1pp2/3p4/6Pp/7N/2N5/PPPPPKb1/R1BQ1B1R w kq - 0 8|11 12 13 14 15 33 85 88 130 133 192 199 260 330 416 428 434 435 437 438 439 505 510 521 570 632 639 700 763 770 771|10 11 13 14 15 20 24 65 70 130 177 192 199 260 323 409 435 436 437 438 439 480 493 570 573 632 639 700 754 768 769
enroque|rn1qkbnr/ppp1pp2/3p4/6Pp/7N/P1N5/1PPPPKb1/R1BQ1B1R b kq - 0 8|11 12 13 14 23 33 85 88 130 133 192 199 260 330 416 428 434 435 437 438 439 505 510 521 570 632 639 700 763 770 771|10 11 13 14 15 20 24 65 70 130 177 192 199 260 323 409 431 435 436 437 438 480 493 570 573 632 639 700 754 768 769
enroque|rn1qkbnr/ppp1pp2/3p4/6Pp/7N/P1N5/1PPPPK2/R1BQ1B1b w kq - 0 9|11 12 13 14 23 33 85 88 130 133 199 260 330 416 428 434 435 437 438 439 505 510 512 570 632 639 700 763 770 771|10 11 13 14 15 20 24 65 70 130 184 192 199 260 323 409 431 435 436 437 438 480 493 570 573 639 700 754 768 769
enroque|rn1qkbnr/ppp1pp2/3p4/6Pp/P6N/2N5/1PPPPK2/R1BQ1B1b b kq - 0 9|11 12 13 14 31 33 85 88 130 133 199 260 330 416 428 434 435 437 438 439 505 510 512 570 632 639 700 763 770 771|10 11 13 14 15 20 24 65 70 130 184 192 199 260 323 409 423 435 436 437 438 480 493 570 573 639 700 754 768 769
enroque|rn1qkbnr/ppp1pp2/3p4/6Pp/P6N/2N5/1PPPPKb1/R1BQ1B2 w kq - 1 10|11 12 13 14 31 33 85 88 130 133 199 260 330 416 428 434 435 437 438 439 505 510 521 570 632 639 700 763 770 771|10 11 13 14 15 20 24 65 70 130 177 192 199 260 323 409 423 435 436 437 438 480 493 570 573 639 700 754 768 769
enroque|rn1qkbnr/ppp1pp2/3p4/6Pp/P6N/2N5/1PPPPKB1/R1BQ4 b kq - 0 10|11 12 13 14 31 33 85 88 133 137 199 260 330 416 428 434 435 437 438 439 505 510 570 632 639 700 763 770 771|10 11 13 14 15 20 24 65 70 130 192 199 260 323 409 423 435 436 437 438 480 493 561 573 639 700 754 768 769
enroque|r2qkbnr/ppp1pp2/2np4/6Pp/P6N/2N5/1PPPPKB1/R1BQ4 w kq - 1 11|11 12 13 14 31 33 85 88 133 137 199 260 330 416 428 434 435 437 438 439 493 505 570 632 639 700 763 770 771|10 11 13 14 15 20 24 65 85 130 192 199 260 323 409 423 435 436 437 438 480 493 561 573 639 700 754 768 769
enroque|r2qkbnr/ppp1pp2/2np2P1/7p/P6N/2N5/1PPPPKB1/R1BQ4 b kq - 0 11|11 12 13 14 31 41 85 88 133 137 199 260 330 416 428 434 435 437 438 439 493 505 570 632 639 700 763 770 771|10 11 13 14 15 20 24 65 85 130 192 199 260 323 401 423 435 436 437 438 480 493 561 573 639 700 754 768 769
enroque|r2qkbnr/ppp1p3/2np2p1/7p/P6N/2N5/1PPPPKB1/R1BQ4 w kq - 0 12|11 12 13 14 31 85 88 133 137 199 260 330 416 425 428 435 437 438 439 493 505 570 632 639 700 763 770 771|11 13 14 15 17 20 24 65 85 130 192 199 260 323 423 435 436 437 438 480 493 561 573 639 700 754 768 769
enroque|r2qkbnr/ppp1p3/2Bp2p1/7p/P6N/2N5/1PPPPK2/R1BQ4 b kq - 0 12|11 12 13 14 31 85 88 133 173 199 260 330 416 425 428 435 437 438 439 505 570 632 639 700 763 770 771|11 13 14 15 17 20 24 65 130 192 199 260 323 423 435 436 437 438 480 493 533 573 639 700 754 768 769
enroque|r2qkbnr/p1p1p3/2pp2p1/7p/P6N/2N5/1PPPPK2/R1BQ4 w kq - 0 13|11 12 13 14 31 85 88 133 199 260 330 416 425 428 429 435 437 439 505 570 632 639 700 763 770 771|11 13 15 17 20 21 24 65 130 192 199 260 323 423 435 436 437 438 480 493 573 639 700 754 768 769
enroque|r2qkbnr/p1p1p3/2pp2N1/7p/P7/2N5/1PPPPK2/R1BQ4 b kq - 0 13|11 12 13 14 31 85 105 133 199 260 330 416 428 429 435 437 439 505 570 632 639 700 763 770 771|11 13 15 20 21 24 65 130 192 199 260 323 423 435 436 437 438 465 493 573 639 700 754 768 769
enroque|rnbqkbnr/pppppppp/8/8/8/4P3/PPPP1PPP/RNBQKBNR b KQkq - 0 1|8 9 10 12 13 14 15 19 65 70 130 133 192 199 260 323 432 433 434 435 436 437 438 439 505 510 570 573 632 639 700 763 768 769 770 771|8 9 10 11 12 13 14 15 65 70 130 133 192 199 260 323 427 432 433 434 436 437 438 439 505 510 570 573 632 639 700 763 768 769 770 771
enroque|r1bqkbnr/pppppppp/2n5/8/8/4P3/PPPP1PPP/RNBQKBNR w KQkq - 1 2|8 9 10 12 13 14 15 19 65 70 130 133 192 199 260 323 432 433 434 435 436 437 438 439 493 505 570 573 632 639 700 763 768 769 770 771|8 9 10 11 12 13 14 15 65 85 130 133 192 199 260 323 427 432 433 434 436 437 438 439 505 510 570 573 632 639 700 763 768 769 770 771
enroque|r1bqkbnr/pppppppp/2n5/8/8/1P2P3/P1PP1PPP/RNBQKBNR b KQkq - 0 2|8 9 10 12 13 15 19 22 65 70 130 133 192 199 260 323 432 433 434 435 436 437 438 439 493 505 570 573 632 639 700 763 768 769 770 771|8 9 10 11 12 13 14 15 65 85 130 133 192 199 260 323 427 430 432 433 434 436 437 439 505 510 570 573 632 639 700 763 768 769 770 771
enroque|r1bqkbnr/p1pppppp/1pn5/8/8/1P2P3/P1PP1PPP/RNBQKBNR w KQkq - 0 3|8 9 10 12 13 15 19 22 65 70 130 133 192 199 260 323 430 432 433 434 435 436 437 439 493 505 570 573 632 639 700 763 768 769 770 771|8 9 10 11 12 13 15 22 65 85 130 133 192 199 260 323 427 430 432 433 434 436 437 439 505 510 570 573 632 639 700 763 768 769 770 771
enroque|r1bqkbnr/p1pppppp/1pn5/8/1P6/4P3/P1PP1PPP/RNBQKBNR b KQkq - 0 3|8 9 10 12 13 15 19 30 65 70 130 133 192 199 260 323 430 432 433 434 435 436 437 439 493 505 570 573 632 639 700 763 768 769 770 771|8 9 10 11 12 13 15 22 65 85 130 133 192 199 260 323 422 427 432 433 434 436 437 439 505 510 570 573 632 639 700 763 768 769 770 771
enroque|r1bqkbnr/p1pppppp/1p6/8/1n6/4P3/P1PP1PPP/RNBQKBNR w KQkq - 0 4|8 9 10 12 13 15 19 65 70 130 133 192 199 260 323 430 432 433 434 435 436 437 439 478 505 570 573 632 639 700 763 768 769 770 771|8 9 10 11 12 13 15 22 65 102 130 133 192 199 260 323 427 432 433 434 436 437 439 505 510 570 573 632 639 700 763 768 769 770 771
enroque|r1bqkbnr/p1pppppp/1p6/7Q/1n6/4P3/P1PP1PPP/RNB1KBNR b KQkq - 1 4|8 9 10 12 13 15 19 65 70 130 133 192 199 288 323 430 432 433 434 435 436 437 439 478 505 570 573 632 639 700 763 768 769 770 771|8 9 10 11 12 13 15 22 65 102 130 133 192 199 260 323 427 432 433 434 436 437 439 505 510 570 573 632 639 664 763 768 769 770 771
enroque|r1bqkbnr/p1pppppp/1p6/7Q/8/4P3/n1PP1PPP/RNB1KBNR w KQkq - 0 5|8 9 10 12 13 19 65 70 130 133 192 199 288 323 430 432 433 434 435 436 437 439 463 505 570 573 632 639 700 763 768 769 770 771|8 9 10 11 12 13 15 22 65 119 130 133 192 199 260 323 427 432 433 434 436 437 505 510 570 573 632 639 664 763 768 769 770 771
enroque|r1bqkbnr/p1pppppp/1p6/7Q/8/4PP2/n1PP2PP/RNB1KBNR b KQkq - 0 5|8 9 12 13 18 19 65 70 130 133 192 199 288 323 430 432 433 434 435 436 437 439 463 505 570 573 632 639 700 763 768 769 770 771|8 9 10 11 12 13 15 22 65 119 130 133 192 199 260 323 426 427 432 433 436 437 505 510 570 573 632 639 664 763 768 769 770 771
enroque|r1bqkbnr/2pppppp/1p6/pQ6/8/4PP2/n1PP2PP/RNB1KBNR b KQkq - 1 6|8 9 12 13 18 19 65 70 130 133 192 199 294 323 423 430 432 433 434 435 436 437 463 505 570 573 632 639 700 763 768 769 770 771|8 9 10 11 12 13 22 31 65 119 130 133 192 199 260 323 426 427 432 433 436 437 505 510 570 573 632 639 670 763 768 769 770 771
enroque|r1bqkbnr/2pppppp/1p6/pQ6/8/4PP2/2PP2PP/RNn1KBNR w KQkq - 0 7|8 9 12 13 18 19 65 70 130 192 199 294 323 423 430 432 433 434 435 436 437 453 505 570 573 632 639 700 763 768 769 770 771|8 9 10 11 12 13 22 31 65 125 130 133 192 199 260 323 426 427 432 433 436 437 505 510 570 632 639 670 763 768 769 770 771
enroque|r1bqkbnr/2pppppp/1p6/p6Q/8/4PP2/2PP2PP/RNn1KBNR b KQkq - 1 7|8 9 12 13 18 19 65 70 130 192 199 288 323 423 430 432 433 434 435 436 437 453 505 570 573 632 639 700 763 768 769 770 771|8 9 10 11 12 13 22 31 65 125 130 133 192 199 260 323 426 427 432 433 436 437 505 510 570 632 639 664 763 768 769 770 771
enroque|r1bqkbnr/2pppppp/1p6/p6Q/8/4PP2/n1PP2PP/RN2KBNR w KQkq - 2 8|8 9 12 13 18 19 65 70 130 192 199 288 323 423 430 432 433 434 435 436 437 463 505 570 573 632 639 700 763 768 769 770 771|8 9 10 11 12 13 22 31 65 119 130 133 192 199 260 323 426 427 432 433 436 437 505 510 570 632 639 664 763 768 769 770 771
enroque|r1bqkbnr/2pppppp/1p6/pB5Q/8/4PP2/n1PP2PP/RN2K1NR b KQkq - 3 8|8 9 12 13 18 19 65 70 166 192 199 288 323 423 430 432 433 434 435 436 437 463 505 570 573 632 639 700 763 768 769 770 771|8 9 10 11 12 13 22 31 65 119 130 133 192 199 260 323 426 427 432 433 436 437 505 510 542 632 639 664 763 768 769 770 771
enroque|r1bqkb1r/2pppppp/1p5n/pB5Q/8/4PP2/n1PP2PP/RN2K1NR w KQkq - 4 9|8 9 12 13 18 19 65 70 166 192 199 288 323 423 430 432 433 434 435 436 437 463 488 570 573 632 639 700 763 768 769 770 771|8 9 10 11 12 13 22 31 80 119 130 133 192 199 260 323 426 427 432 433 436 437 505 510 542 632 639 664 763 768 769 770 771
enroque|r1bqkb1r/2pppppp/1p5n/p6Q/B7/4PP2/n1PP2PP/RN2K1NR b KQkq - 5 9|8 9 12 13 18 19 65 70 159 192 199 288 323 423 430 432 433 434 435 436 437 463 488 570 573 632 639 700 763 768 769 770 771|8 9 10 11 12 13 22 31 80 119 130 133 192 199 260 323 426 427 432 433 436 437 505 510 551 632 639 664 763 768 769 770 771
enroque|r1bqkb1r/2pppp1p/1p4pn/p6Q/B7/4PP2/n1PP2PP/RN2K1NR w KQkq - 0 10|8 9 12 13 18 19 65 70 159 192 199 288 323 423 425 430 432 434 435 436 437 463 488 570 573 632 639 700 763 768 769 770 771|8 10 11 12 13 17 22 31 80 119 130 133 192 199 260 323 426 427 432 433 436 437 505 510 551 632 639 664 763 768 769 770 771
enroque|r1bqkb1r/2pppp1p/1p4pn/p6Q/B7/4PP2/R1PP2PP/1N2K1NR b Kkq - 0 10|8 9 12 13 18 19 65 70 159 192 207 288 323 423 425 430 432 434 435 436 437 488 570 573 632 639 700 763 768 770 771|8 10 11 12 13 17 22 31 80 130 133 192 199 260 323 426 427 432 433 436 437 505 510 551 631 632 664 763 768 769 770
enroque|r1bqkb1r/2ppp2p/1p3ppn/p6Q/B7/4PP2/R1PP2PP/1N2K1NR w Kkq - 0 11|8 9 12 13 18 19 65 70 159 192 207 288 323 423 425 426 430 432 435 436 437 488 570 573 632 639 700 763 768 770 771|8 11 12 13 17 18 22 31 80 130 133 192 199 260 323 426 427 432 433 436 437 505 510 551 631 632 664 763 768 769 770
enroque|r1bqkb1r/2ppp2p/1pB2ppn/p6Q/8/4PP2/R1PP2PP/1N2K1NR b Kkq - 1 11|8 9 12 13 18 19 65 70 173 192 207 288 323 423 425 426 430 432 435 436 437 488 570 573 632 639 700 763 768 770 771|8 11 12 13 17 18 22 31 80 130 133 192 199 260 323 426 427 432 433 436 437 505 510 533 631 632 664 763 768 769 770
enroque|r1bqkb1r/2p1p2p/1pp2ppn/p6Q/8/4PP2/R1PP2PP/1N2K1NR w Kkq - 0 12|8 9 12 13 18 19 65 70 192 207 288 323 423 425 426 429 430 432 435 437 488 570 573 632 639 700 763 768 770 771|8 11 13 17 18 21 22 31 80 130 133 192 199 260 323 426 427 432 433 436 437 505 510 631 632 664 763 768 769 770
enroque|r1bqkb1r/2p1p2p/1pp2ppQ/p7/8/4PP2/R1PP2PP/1N2K1NR b Kkq - 0 12|8 9 12 13 18 19 65 70 192 207 296 323 423 425 426 429 430 432 435 437 570 573 632 639 700 763 768 770 771|8 11 13 17 18 21 22 31 130 133 192 199 260 323 426 427 432 433 436 437 505 510 631 632 656 763 768 769 770
enroque|r1bq1b1r/2p1pk1p/1pp2ppQ/p7/8/4PP2/R1PP2PP/1N2K1NR w K - 1 13|8 9 12 13 18 19 65 70 192 207 296 323 423 425 426 429 430 432 435 437 570 573 632 639 700 754 768|8 11 13 17 18 21 22 31 130 133 192 199 260 330 426 427 432 433 436 437 505 510 631 632 656 763 770
enroque|r1bq1b1r/2p1pk1p/1pp2pQ1/p7/8/4PP2/R1PP2PP/1N2K1NR b K - 0 13|8 9 12 13 18 19 65 70 192 207 297 323 423 426 429 430 432 435 437 570 573 632 639 700 754 768|8 11 13 18 21 22 31 130 133 192 199 260 330 426 427 432 433 436 437 505 510 631 632 657 763 770
enroque|r1bq1b1r/2p1p2p/1pp2pk1/p7/8/4PP2/R1PP2PP/1N2K1NR w K - 0 14|8 9 12 13 18 19 65 70 192 207 323 423 426 429 430 432 435 437 570 573 632 639 700 745 768|8 11 13 18 21 22 31 130 133 192 199 260 337 426 427 432 433 436 437 505 510 631 632 763 770
enroque|r1b2b1r/2p1p2p/1pp2pk1/p7/2P5/4PP2/R2q2PP/1N2K1NR w K - 0 15|8 9 18 19 29 65 70 192 207 323 423 426 429 430 432 435 437 570 573 632 639 652 745 768|8 11 13 18 21 22 31 130 133 192 199 308 337 421 426 427 432 433 505 510 631 632 763 770
enroque|rnbqkbnr/pppppppp/8/8/8/6P1/PPPPPP1P/RNBQKBNR b KQkq - 0 1|8 10 11 12 13 14 15 17 65 70 130 133 192 199 260 323 432 433 434 435 436 437 438 439 505 510 570 573 632 639 700 763 768 769 770 771|8 9 10 11 12 13 14 15 65 70 130 133 192 199 260 323 425 432 434 435 436 437 438 439 505 510 570 573 632 639 700 763 768 769 770 771
enroque|rnbqkbnr/pppp1ppp/8/4p3/8/5NP1/PPPPPP1P/RNBQKB1R b KQkq - 1 2|8 10 11 12 13 14 15 17 70 82 130 133 192 199 260 323 419 432 433 434 436 437 438 439 505 510 570 573 632 639 700 763 768 769 770 771|8 9 10 12 13 14 15 27 65 70 130 133 192 199 260 323 425 432 434 435 436 437 438 439 490 510 570 573 632 639 700 763 768 769 770 771
enroque|r1bqkbnr/pppp1ppp/n7/4p3/8/5NP1/PPPPPP1P/RNBQKB1R w KQkq - 2 3|8 10 11 12 13 14 15 17 70 82 130 133 192 199 260 323 419 432 433 434 436 437 438 439 495 505 570 573 632 639 700 763 768 769 770 771|8 9 10 12 13 14 15 27 65 87 130 133 192 199 260 323 425 432 434 435 436 437 438 439 490 510 570 573 632 639 700 763 768 769 770 771
enroque|r1bqkbnr/pppp1ppp/n7/4p3/8/2N2NP1/PPPPPP1P/R1BQKB1R b KQkq - 3 3|8 10 11 12 13 14 15 17 82 85 130 133 192 199 260 323 419 432 433 434 436 437 438 439 495 505 570 573 632 639 700 763 768 769 770 771|8 9 10 12 13 14 15 27 65 87 130 133 192 199 260 323 425 432 434 435 436 437 438 439 490 493 570 573 632 639 700 763 768 769 770 771
enroque|r1bqkbnr/p1pp1ppp/n7/1p2N3/8/2N3P1/PPPPPP1P/R1BQKB1R b KQkq - 0 4|8 10 11 12 13 14 15 17 85 99 130 133 192 199 260 323 422 432 433 434 436 437 439 495 505 570 573 632 639 700 763 768 769 770 771|8 9 10 12 13 15 30 65 87 130 133 192 199 260 323 425 432 434 435 436 437 438 439 475 493 570 573 632 639 700 763 768 769 770 771
enroque|r1bqkbnr/p2p1ppp/n1p5/1p2N3/8/2N3P1/PPPPPP1P/R1BQKB1R w KQkq - 0 5|8 10 11 12 13 14 15 17 85 99 130 133 192 199 260 323 422 429 432 433 434 436 439 495 505 570 573 632 639 700 763 768 769 770 771|8 9 10 12 15 21 30 65 87 130 133 192 199 260 323 425 432 434 435 436 437 438 439 475 493 570 573 632 639 700 763 768 769 770 771
enroque|r1b1kbnr/p2p1ppp/n1p5/1p2N1q1/1P6/2N3P1/P1PPPP1P/R1BQKB1R w KQkq - 1 6|8 10 11 12 13 15 17 30 85 99 130 133 192 199 260 323 422 429 432 433 434 436 439 495 505 570 573 632 639 673 763 768 769 770 771|8 9 10 12 15 21 30 65 87 130 133 192 199 281 323 422 425 432 434 435 436 437 439 475 493 570 573 632 639 700 763 768 769 770 771
enroque|r1b1kbnr/p2p1Npp/n1p5/1p4q1/1P6/2N3P1/P1PPPP1P/R1BQKB1R b KQkq - 0 6|8 10 11 12 13 15 17 30 85 114 130 133 192 199 260 323 422 429 432 433 436 439 495 505 570 573 632 639 673 763 768 769 770 771|8 9 12 15 21 30 65 87 130 133 192 199 281 323 422 425 432 434 435 436 437 439 458 493 570 573 632 639 700 763 768 769 770 771
enroque|r1b1kbnr/p2p1N1p/n1p3p1/1p4q1/1P6/2N3P1/P1PPPP1P/R1BQKB1R w KQkq - 0 7|8 10 11 12 13 15 17 30 85 114 130 133 192 199 260 323 422 425 429 432 436 439 495 505 570 573 632 639 673 763 768 769 770 771|8 12 15 17 21 30 65 87 130 133 192 199 281 323 422 425 432 434 435 436 437 439 458 493 570 573 632 639 700 763 768 769 770 771
enroque|r1b1kbnN/p2p3p/n1p3p1/1p4q1/1P6/2N3P1/P1PPPP1P/R1BQKB1R b KQq - 0 7|8 10 11 12 13 15 17 30 85 120 130 133 192 199 260 323 422 425 429 432 436 439 495 505 570 573 639 673 763 768 769 771|8 12 15 17 21 30 65 87 130 133 199 281 323 422 425 432 434 435 436 437 439 448 493 570 573 632 639 700 763 769 770 771
enroque|r1b1kbnN/p2p3p/n1p3p1/1p6/1P6/2N3P1/P1PqPP1P/R1BQKB1R w KQq - 0 8|8 10 11 13 15 17 30 85 120 130 133 192 199 260 323 422 425 429 432 436 439 495 505 570 573 639 652 763 768 769 771|8 12 15 17 21 30 65 87 130 133 199 308 323 422 425 432 434 435 437 439 448 493 570 573 632 639 700 763 769 770 771
enroque|r1b1kbnN/p2p3p/n1p3p1/1p6/1P6/2N3P1/P1PQPP1P/R1B1KB1R b KQq - 0 8|8 10 11 13 15 17 30 85 120 130 133 192 199 268 323 422 425 429 432 436 439 495 505 570 573 639 763 768 769 771|8 12 15 17 21 30 65 87 130 133 199 323 422 425 432 434 435 437 439 448 493 570 573 632 639 692 763 769 770 771
enroque|r1b1kbnN/p2p3p/2p3p1/1p6/1n6/2N3P1/P1PQPP1P/R1B1KB1R w KQq - 0 9|8 10 11 13 15 17 85 120 130 133 192 199 268 323 422 425 429 432 436 439 478 505 570 573 639 763 768 769 771|8 12 15 17 21 30 65 102 130 133 199 323 425 432 434 435 437 439 448 493 570 573 632 639 692 763 769 770 771
enroque|r1b1kbnN/p2p3p/2p3p1/1N6/1n6/6P1/P1PQPP1P/R1B1KB1R b KQq - 0 9|8 10 11 13 15 17 102 120 130 133 192 199 268 323 425 429 432 436 439 478 505 570 573 639 763 768 769 771|8 12 15 17 21 65 102 130 133 199 323 425 432 434 435 437 439 448 478 570 573 632 639 692 763 769 770 771
enroque|r1b1kbn1/3p3p/2p3N1/pN6/1n6/6P1/P1PQPP1P/R1B1KB1R b KQq - 0 10|8 10 11 13 15 17 102 105 130 133 192 199 268 323 423 429 432 436 478 505 570 573 639 763 768 769 771|8 12 21 31 65 102 130 133 199 323 425 432 434 435 437 439 465 478 570 573 632 639 692 763 769 770 771
enroque|r1b1kbn1/3p3p/2p3N1/pN6/8/6P1/n1PQPP1P/R1B1KB1R w KQq - 0 11|8 10 11 13 17 102 105 130 133 192 199 268 323 423 429 432 436 463 505 570 573 639 763 768 769 771|8 12 21 31 65 119 130 133 199 323 425 432 434 435 437 465 478 570 573 632 639 692 763 769 770 771
enroque|r1b1kbn1/3p3p/2p3N1/pN6/8/6P1/R1PQPP1P/2B1KB1R b Kq - 0 11|8 10 11 13 17 102 105 130 133 192 207 268 323 423 429 432 436 505 570 573 639 763 768 771|8 12 21 31 65 130 133 199 323 425 432 434 435 437 465 478 570 573 631 632 692 763 769 770
enroque|2b1kbn1/r2p3p/2p3N1/pN6/8/6P1/R1PQPP1P/2B1KB1R w K - 1 12|8 10 11 13 17 102 105 130 133 192 207 268 323 423 429 432 436 505 570 573 631 763 768|8 12 21 31 65 130 133 207 323 425 432 434 435 437 465 478 570 573 631 632 692 763 770
enroque|2b1kbn1/r2p3p/2p3N1/RN6/8/6P1/2PQPP1P/2B1KB1R b K - 0 12|8 10 11 13 17 102 105 130 133 192 231 268 323 429 432 436 505 570 573 631 763 768|8 12 21 65 130 133 207 323 425 432 434 435 437 465 478 570 573 607 632 692 763 770
enroque|2bk1bn1/r2p3p/2p3N1/RN6/8/6P1/2PQPP1P/2B1KB1R w K - 1 13|8 10 11 13 17 102 105 130 133 192 231 268 323 429 432 436 505 570 573 631 764 768|11 15 18 70 130 133 200 323 430 434 436 437 439 470 473 570 573 600 639 691 764 771
enroque|2bk1bn1/R2p3p/2p3N1/1N6/8/6P1/2PQPP1P/2B1KB1R b K - 0 13|8 10 11 13 17 102 105 130 133 192 247 268 323 429 432 436 505 570 573 764 768|11 15 18 70 130 133 323 430 434 436 437 439 470 473 570 573 584 639 691 764 771
enroque|2bk2n1/R2p3p/2p3N1/1N6/1b6/6P1/2PQPP1P/2B1KB1R w K - 1 14|8 10 11 13 17 102 105 130 133 192 247 268 323 429 432 436 505 542 573 764 768|11 15 18 70 130 161 323 430 434 436 437 439 470 473 570 573 584 639 691 764 771
enroque|2bk2n1/R2p3p/2p5/1N6/1b3N2/6P1/2PQPP1P/2B1KB1R b K - 2 14|8 10 11 13 17 90 102 130 133 192 247 268 323 429 432 436 505 542 573 764 768|11 15 18 70 130 161 323 430 434 436 437 439 473 485 570 573 584 639 691 764 771
enroque|2b1k1n1/R2p3p/2p5/1N6/1b3N2/6P1/2PQPP1P/2B1KB1R w K - 3 15|8 10 11 13 17 90 102 130 133 192 247 268 323 429 432 436 505 542 573 763 768|8 12 21 65 133 166 323 425 432 434 435 437 478 482 570 573 591 632 692 763 770
enroque|2b1k1n1/R2p3p/2p5/8/1b3N2/2N3P1/2PQPP1P/2B1KB1R b K - 4 15|8 10 11 13 17 85 90 130 133 192 247 268 323 429 432 436 505 542 573 763 768|8 12 21 65 133 166 323 425 432 434 435 437 482 493 570 573 591 632 692 763 770
enroque|2b1k1n1/7R/2p5/3p4/1b3N2/2N3P1/2PQPP1P/2B1KB1R b K - 0 16|8 10 11 13 17 85 90 130 133 192 240 268 323 420 429 505 542 573 763 768|21 28 65 133 166 323 425 432 434 435 437 482 493 570 573 584 632 692 763 770
enroque|2b1k1n1/7R/2p5/3p4/5N2/2b3P1/2PQPP1P/2B1KB1R w K - 0 17|8 10 11 13 17 90 130 133 192 240 268 323 420 429 505 533 573 763 768|21 28 65 133 173 323 425 432 434 435 437 482 570 573 584 632 692 763 770
enroque|2b1k1n1/2R5/2p5/3p4/5N2/2b3P1/2PQPP1P/2B1KB1R b K - 1 17|8 10 11 13 17 90 130 133 192 245 268 323 420 429 505 533 573 763 768|21 28 65 133 173 323 425 432 434 435 437 482 570 573 589 632 692 763 770
enroque|2b1k1n1/2R5/2p5/3p4/1b3N2/6P1/2PQPP1P/2B1KB1R w K - 2 18|8 10 11 13 17 90 130 133 192 245 268 323 420 429 505 542 573 763 768|21 28 65 133 166 323 425 432 434 435 437 482 570 573 589 632 692 763 770
enroque|2b1k1n1/2R5/2p5/3p4/1b3N2/B5P1/2PQPP1P/4KB1R b K - 3 18|8 10 11 13 17 90 130 151 192 245 268 323 420 429 505 542 573 763 768|21 28 65 133 166 323 425 432 434 435 437 482 559 570 589 632 692 763 770
enroque|2b1k1n1/2R5/2p5/3p4/5N2/B5P1/2PbPP1P/4KB1R w K - 0 19|8 10 11 13 17 90 130 151 192 245 323 420 429 505 524 573 763 768|21 28 65 133 180 323 425 432 434 435 437 482 559 570 589 632 763 770
enroque|rnbqkbnr/pppppp1p/8/6p1/5P2/7N/PPPPP1PP/RNBQKB1R b KQkq - 1 2|8 9 11 12 13 14 15 26 70 80 130 133 192 199 260 323 417 432 434 435 436 437 438 439 505 510 570 573 632 639 700 763 768 769 770 771|8 10 11 12 13 14 15 25 65 70 130 133 192 199 260 323 418 432 433 435 436 437 438 439 488 510 570 573 632 639 700 763 768 769 770 771
enroque|r1bqkbnr/pppppp1p/2n5/6p1/5P2/7N/PPPPP1PP/RNBQKB1R w KQkq - 2 3|8 9 11 12 13 14 15 26 70 80 130 133 192 199 260 323 417 432 434 435 436 437 438 439 493 505 570 573 632 639 700 763 768 769 770 771|8 10 11 12 13 14 15 25 65 85 130 133 192 199 260 323 418 432 433 435 436 437 438 439 488 510 570 573 632 639 700 763 768 769 770 771
enroque|r1bqkbnr/pppppp1p/2n5/6p1/5P2/2P4N/PP1PP1PP/RNBQKB1R b KQkq - 0 3|8 9 11 12 14 15 21 26 70 80 130 133 192 199 260 323 417 432 434 435 436 437 438 439 493 505 570 573 632 639 700 763 768 769 770 771|8 10 11 12 13 14 15 25 65 85 130 133 192 199 260 323 418 429 432 433 435 436 438 439 488 510 570 573 632 639 700 763 768 769 770 771
enroque|r1bqkb1r/pppppp1p/2n2n2/6p1/5P2/2P4N/PP1PP1PP/RNBQKB1R w KQkq - 1 4|8 9 11 12 14 15 21 26 70 80 130 133 192 199 260 323 417 432 434 435 436 437 438 439 490 493 570 573 632 639 700 763 768 769 770 771|8 10 11 12 13 14 15 25 82 85 130 133 192 199 260 323 418 429 432 433 435 436 438 439 488 510 570 573 632 639 700 763 768 769 770 771
enroque|r1bqkb1r/pppppp1p/2n2n2/5Pp1/8/2P4N/PP1PP1PP/RNBQKB1R b KQkq - 0 4|8 9 11 12 14 15 21 34 70 80 130 133 192 199 260 323 417 432 434 435 436 437 438 439 490 493 570 573 632 639 700 763 768 769 770 771|8 10 11 12 13 14 15 25 82 85 130 133 192 199 260 323 410 429 432 433 435 436 438 439 488 510 570 573 632 639 700 763 768 769 770 771
enroque|r1bqk2r/pppppp1p/2n2n1b/5Pp1/8/2P4N/PP1PP1PP/RNBQKB1R w KQkq - 1 5|8 9 11 12 14 15 21 34 70 80 130 133 192 199 260 323 417 432 434 435 436 437 438 439 490 493 552 573 632 639 700 763 768 769 770 771|8 10 11 12 13 14 15 25 82 85 133 144 192 199 260 323 410 429 432 433 435 436 438 439 488 510 570 573 632 639 700 763 768 769 770 771
enroque|r1bqk2r/pppppp1p/2n2n1b/5PN1/8/2P5/PP1PP1PP/RNBQKB1R b KQkq - 0 5|8 9 11 12 14 15 21 34 70 97 130 133 192 199 260 323 432 434 435 436 437 438 439 490 493 552 573 632 639 700 763 768 769 770 771|8 10 11 12 13 14 15 82 85 133 144 192 199 260 323 410 429 432 433 435 436 438 439 473 510 570 573 632 639 700 763 768 769 770 771
enroque|r1bqk2r/pppppp1p/2n2n2/5Pb1/8/2P5/PP1PP1PP/RNBQKB1R w KQkq - 0 6|8 9 11 12 14 15 21 34 70 130 133 192 199 260 323 432 434 435 436 437 438 439 490 493 545 573 632 639 700 763 768 769 770 771|8 10 11 12 13 14 15 82 85 133 153 192 199 260 323 410 429 432 433 435 436 438 439 510 570 573 632 639 700 763 768 769 770 771
enroque|r1bqkr2/pppppp1p/2n2n2/5Pb1/1P6/2P5/P2PP1PP/RNBQKB1R w KQq - 1 7|8 9 11 12 15 21 30 34 70 130 133 192 199 260 323 432 434 435 436 437 438 439 490 493 545 573 634 639 700 763 768 769 771|8 10 11 12 13 14 15 82 85 133 153 194 199 260 323 410 422 429 432 433 435 436 439 510 570 573 632 639 700 763 769 770 771
enroque|r1bqkr2/pppppp1p/5n2/5Pb1/1P1n4/2P5/P3P1PP/RNBQKB1R w KQq - 0 8|8 9 11 15 21 30 34 70 130 133 192 199 260 323 432 434 435 436 437 438 439 476 490 545 573 634 639 700 763 768 769 771|8 10 11 12 13 14 15 82 100 133 153 194 199 260 323 410 422 429 432 433 435 439 510 570 573 632 639 700 763 769 770 771
enroque|r1bqkr2/pppppp1p/5n2/5Pb1/1P1Q4/2P5/P3P1PP/RNB1KB1R b KQq - 0 8|8 9 11 15 21 30 34 70 130 133 192 199 284 323 432 434 435 436 437 438 439 490 545 573 634 639 700 763 768 769 771|8 10 11 12 13 14 15 82 133 153 194 199 260 323 410 422 429 432 433 435 439 510 570 573 632 639 676 763 769 770 771
enroque|r1bqk1r1/pppppp1p/5n2/5Pb1/1P1Q4/2P5/P3P1PP/RNB1KB1R w KQq - 1 9|8 9 11 15 21 30 34 70 130 133 192 199 284 323 432 434 435 436 437 438 439 490 545 573 633 639 700 763 768 769 771|8 10 11 12 13 14 15 82 133 153 193 199 260 323 410 422 429 432 433 435 439 510 570 573 632 639 676 763 769 770 771
enroque|r1bqk1r1/pppppp1p/5n2/5Pb1/1P1Q1B2/2P5/P3P1PP/RN2KB1R b KQq - 2 9|8 9 11 15 21 30 34 70 130 154 192 199 284 323 432 434 435 436 437 438 439 490 545 573 633 639 700 763 768 769 771|8 10 11 12 13 14 15 82 133 153 193 199 260 323 410 422 429 432 433 435 439 510 546 570 632 639 676 763 769 770 771
enroque|r1bqk1r1/pppppp1p/5n2/5P2/1P1Q1b2/2P5/P3P1PP/RN2KB1R w KQq - 0 10|8 9 11 15 21 30 34 70 130 192 199 284 323 432 434 435 436 437 438 439 490 538 573 633 639 700 763 768 769 771|8 10 11 12 13 14 15 82 133 162 193 199 260 323 410 422 429 432 433 435 439 510 570 632 639 676 763 769 770 771
enroque|r1bqk1r1/pppppp1p/5n2/5P2/1P1Q1b2/2P5/P2NP1PP/R3KB1R b KQq - 1 10|8 9 11 15 21 30 34 76 130 192 199 284 323 432 434 435 436 437 438 439 490 538 573 633 639 700 763 768 769 771|8 10 11 12 13 14 15 82 133 162 193 199 260 323 410 422 429 432 433 435 439 500 570 632 639 676 763 769 770 771
enroque|r1bqk1r1/pppppp1p/5n2/5P2/1P1Q4/2P5/P2bP1PP/R3KB1R w KQq - 0 11|8 9 11 15 21 30 34 130 192 199 284 323 432 434 435 436 437 438 439 490 524 573 633 639 700 763 768 769 771|8 10 11 12 13 14 15 82 133 180 193 199 260 323 410 422 429 432 433 435 439 570 632 639 676 763 769 770 771
enroque|r1bqk1r1/pppppp1p/5n2/5P2/1P1Q4/2P5/P2KP1PP/R4B1R b q - 0 11|8 12 14 15 18 25 37 133 192 199 283 331 432 433 434 435 436 437 439 493 570 632 638 699 764 770|8 10 11 12 13 14 15 82 133 193 199 260 323 410 422 429 432 433 435 439 570 632 639 676 756 769
enroque|r1bqk1r1/pp1ppp1p/2p2n2/5P2/1P1Q4/2P5/P2KP1PP/R4B1R w q - 0 12|8 12 14 15 18 25 37 133 192 199 283 331 426 432 433 435 436 437 439 493 570 632 638 699 764 770|8 10 11 12 14 15 21 82 133 193 199 260 323 410 422 429 432 433 435 439 570 632 639 676 756 769
enroque|r1bqk3/pp1ppp1p/2p2n2/5P2/PP1Q4/2P5/3KP1rP/R4B1R w q - 0 13|12 15 18 24 25 37 133 192 199 283 331 426 432 433 435 436 437 439 493 570 590 632 699 764 770|8 10 11 12 14 15 21 82 133 199 241 260 323 410 422 423 429 432 435 570 632 639 676 756 769
enroque|r1bqk3/pp1ppp1p/2p2Q2/5P2/PP6/2P5/3KP1rP/R4B1R b q - 0 13|12 15 18 24 25 37 133 192 199 301 331 426 432 433 435 436 437 439 570 590 632 699 764 770|8 10 11 12 14 15 21 133 199 241 260 323 410 422 423 429 432 435 570 632 639 658 756 769
enroque|r1bqk3/pp1ppp1p/2p2Q2/5P2/PP6/2P5/3Kr2P/R4B1R w q - 0 14|15 18 24 25 37 133 192 199 301 331 426 432 433 435 436 437 439 570 588 632 699 764 770|8 10 11 12 14 15 21 133 199 243 260 323 410 422 423 429 432 570 632 639 658 756 769
enroque|r1bqk3/pp1ppp1p/2p2Q2/5P2/PP6/2P5/4r2P/R1K2B1R b q - 1 14|15 18 24 25 37 133 192 199 301 322 426 432 433 435 436 437 439 570 588 632 699 764 770|8 10 11 12 14 15 21 133 199 243 260 323 410 422 423 429 432 570 632 639 658 765 769
enroque|r1bqk3/pp1ppp1p/2p2Q2/5P2/PP6/2P5/7r/R1K2B1R w q - 0 15|18 24 25 37 133 192 199 301 322 426 432 433 435 436 437 439 570 591 632 699 764 770|8 10 11 12 14 15 21 133 199 240 260 323 410 422 423 429 570 632 639 658 765 769
enroque|r1bqk3/pp1ppp1p/2p2Q2/5P2/PP6/2P5/7r/R1K2BR1 b q - 1 15|18 24 25 37 133 192 198 301 322 426 432 433 435 436 437 439 570 591 632 699 764 770|8 10 11 12 14 15 21 133 199 240 260 323 410 422 423 429 570 633 639 658 765 769
enroque|r1bqk3/pp1p1p1p/2p2p2/5P2/PP6/2P5/7r/R1K2BR1 w q - 0 16|18 24 25 37 133 192 198 322 426 429 432 433 435 437 439 570 591 632 699 764 770|8 10 12 14 15 18 21 133 199 240 260 323 410 422 423 429 570 633 639 765 769
enroque|r1bqk3/pp1p1p1p/2p2p2/5P2/PP6/2P5/6Br/R1K3R1 b q - 1 16|18 24 25 37 142 192 198 322 426 429 432 433 435 437 439 570 591 632 699 764 770|8 10 12 14 15 18 21 133 199 240 260 323 410 422 423 429 561 633 639 765 769
enroque|r1b1k3/pp1p1p1p/2p2p2/q4P2/PP6/2P5/6Br/R1K3R1 w q - 2 17|18 24 25 37 142 192 198 322 426 429 432 433 435 437 439 570 591 632 672 764 770|8 10 12 14 15 18 21 133 199 240 287 323 410 422 423 429 561 633 639 765 769
enroque|r1b1k3/pp1p1p1p/2p2p2/P4P2/P7/2P5/6Br/R1K3R1 b q - 0 17|18 24 32 37 142 192 198 322 426 429 432 433 435 437 439 570 591 632 764 770|8 10 12 14 15 18 21 133 199 240 323 410 415 423 429 561 633 639 765 769
enroque|r1b1k3/pp1p1p1p/2p2p2/P4P1r/P7/2P5/6B1/R1K3R1 w q - 1 18|18 24 32 37 142 192 198 322 426 429 432 433 435 437 439 570 615 632 764 770|8 10 12 14 15 18 21 133 199 216 323 410 415 423 429 561 633 639 765 769
enroque|r1b1k3/pp1p1p1p/2p2p2/P4P1r/P7/2P5/6B1/R1KR4 b q - 2 18|18 24 32 37 142 192 195 322 426 429 432 433 435 437 439 570 615 632 764 770|8 10 12 14 15 18 21 133 199 216 323 410 415 423 429 561 636 639 765 769
enroque|r1b1k3/p2p1p1p/2p2p2/Pp3P1r/P7/2P5/6B1/R1K1R3 b q - 1 19|18 24 32 37 142 192 196 322 417 426 429 432 435 437 439 570 615 632 764 770|8 10 12 15 18 21 30 133 199 216 323 410 415 423 429 561 635 639 765 769
enroque|rnbqkbnr/ppppp1pp/5p2/8/4P3/8/PPPP1PPP/RNBQKBNR w KQkq - 0 2|8 9 10 12 13 14 15 27 65 70 130 133 192 199 260 323 426 432 433 435 436 437 438 439 505 510 570 573 632 639 700 763 768 769 770 771|8 9 11 12 13 14 15 18 65 70 130 133 192 199 260 323 419 432 433 434 436 437 438 439 505 510 570 573 632 639 700 763 768 769 770 771
enroque|rnbqkb1r/ppppp1pp/5p1n/8/P3P3/8/1PPP1PPP/RNBQKBNR w KQkq - 1 3|8 9 10 12 13 14 27 31 65 70 130 133 192 199 260 323 426 432 433 435 436 437 438 439 488 510 570 573 632 639 700 763 768 769 770 771|8 9 11 12 13 14 15 18 70 80 130 133 192 199 260 323 419 423 432 433 434 436 437 438 505 510 570 573 632 639 700 763 768 769 770 771
enroque|rnbqkb1r/ppppp1pp/5p1n/P7/4P3/8/1PPP1PPP/RNBQKBNR b KQkq - 0 3|8 9 10 12 13 14 27 39 65 70 130 133 192 199 260 323 426 432 433 435 436 437 438 439 488 510 570 573 632 639 700 763 768 769 770 771|8 9 11 12 13 14 15 18 70 80 130 133 192 199 260 323 415 419 432 433 434 436 437 438 505 510 570 573 632 639 700 763 768 769 770 771
enroque|rnbqkb1r/ppp1p1pp/3p1p1n/P7/4P3/8/1PPP1PPP/RNBQKBNR w KQkq - 0 4|8 9 10 12 13 14 27 39 65 70 130 133 192 199 260 323 426 428 432 433 435 437 438 439 488 510 570 573 632 639 700 763 768 769 770 771|8 9 11 13 14 15 18 20 70 80 130 133 192 199 260 323 415 419 432 433 434 436 437 438 505 510 570 573 632 639 700 763 768 769 770 771
enroque|rnbqkb1r/ppp1p1pp/3p1p2/P7/2P1P1n1/8/1P1P1PPP/RNBQKBNR w KQkq - 1 5|8 9 10 12 14 27 29 39 65 70 130 133 192 199 260 323 426 428 432 433 435 437 438 439 473 510 570 573 632 639 700 763 768 769 770 771|8 9 11 13 14 15 18 20 70 97 130 133 192 199 260 323 415 419 421 432 433 434 436 438 505 510 570 573 632 639 700 763 768 769 770 771
enroque|rnbqkb1r/ppp1p1pp/3p1p2/P7/2P1P1n1/8/1P1PKPPP/RNBQ1BNR b kq - 2 5|8 9 10 12 14 27 29 39 65 70 130 133 192 199 260 331 426 428 432 433 435 437 438 439 473 510 570 573 632 639 700 763 770 771|8 9 11 13 14 15 18 20 70 97 130 133 192 199 260 323 415 419 421 432 433 434 436 438 505 510 570 573 632 639 700 755 768 769
enroque|rnbqkb1r/ppp1p1pp/3p1p2/P7/2P1P3/8/1P1PKPPn/RNBQ1BNR w kq - 0 6|9 10 12 14 27 29 39 65 70 130 133 192 199 260 331 426 428 432 433 435 437 438 439 456 510 570 573 632 639 700 763 770 771|8 9 11 13 14 15 18 20 70 112 130 133 192 199 260 323 415 419 421 433 434 436 438 505 510 570 573 632 639 700 755 768 769
enroque|rnbqkb1r/ppp1p1pp/3p1p2/P1P5/4P3/8/1P1PKPPn/RNBQ1BNR b kq - 0 6|9 10 12 14 27 37 39 65 70 130 133 192 199 260 331 426 428 432 433 435 437 438 439 456 510 570 573 632 639 700 763 770 771|8 9 11 13 14 15 18 20 70 112 130 133 192 199 260 323 413 415 419 433 434 436 438 505 510 570 573 632 639 700 755 768 769
enroque|rn1qkb1r/pppbp1pp/3p1p2/P1P5/4P3/8/1P1PKPPn/RNBQ1BNR w kq - 1 7|9 10 12 14 27 37 39 65 70 130 133 192 199 260 331 426 428 432 433 435 437 438 439 456 510 564 570 632 639 700 763 770 771|8 9 11 13 14 15 18 20 70 112 130 140 192 199 260 323 413 415 419 433 434 436 438 505 510 570 573 632 639 700 755 768 769
enroque|rn1qkb1r/pppbp1pp/3P1p2/P7/4P3/8/1P1PKPPn/RNBQ1BNR b kq - 0 7|9 10 12 14 27 39 44 65 70 130 133 192 199 260 331 426 432 433 435 437 438 439 456 510 564 570 632 639 700 763 770 771|8 9 11 13 14 15 18 70 112 130 140 192 199 260 323 404 415 419 433 434 436 438 505 510 570 573 632 639 700 755 768 769
enroque|rn1qkb1r/pppbp1pp/3P1p2/P7/4P3/8/1P1PKPP1/RNBQ1nNR w kq - 0 8|9 10 12 14 27 39 44 65 70 133 192 199 260 331 426 432 433 435 437 438 439 450 510 564 570 632 639 700 763 770 771|8 9 11 13 14 15 18 70 122 130 140 192 199 260 323 404 415 419 433 434 436 438 505 510 573 632 639 700 755 768 769
enroque|rn2kb1r/pppbq1pp/5p2/P7/4P3/8/1P1PKPP1/RNBQ1nNR w kq - 0 9|9 10 12 14 27 39 65 70 133 192 199 260 331 426 432 433 437 438 439 450 510 564 570 632 639 691 763 770 771|8 9 13 14 15 18 70 122 130 140 192 199 267 323 415 419 433 434 436 438 505 510 573 632 639 700 755 768 769
enroque|rn2kb1r/pppbq1pp/5p2/P7/4P3/8/1P1PKPP1/RNB2QNR b kq - 0 9|9 10 12 14 27 39 65 70 133 192 199 258 331 426 432 433 437 438 439 510 564 570 632 639 691 763 770 771|8 9 13 14 15 18 70 130 140 192 199 267 323 415 419 433 434 436 438 505 510 573 632 639 698 755 768 769
enroque|rn2kb1r/ppp1q1pp/5p2/P7/4P3/7b/1P1PKPP1/RNB2QNR w kq - 1 10|9 10 12 14 27 39 65 70 133 192 199 258 331 426 432 433 437 438 439 510 528 570 632 639 691 763 770 771|8 9 13 14 15 18 70 130 168 192 199 267 323 415 419 433 434 436 438 505 510 573 632 639 698 755 768 769
enroque|rn2kb1r/ppp1q1pp/5p2/P7/4P3/7R/1P1PKPP1/RNB2QN1 b kq - 0 10|9 10 12 14 27 39 65 70 133 199 208 258 331 426 432 433 437 438 439 510 570 632 639 691 763 770 771|8 9 13 14 15 18 70 130 192 199 267 323 415 419 433 434 436 438 505 510 573 616 639 698 755 768 769
enroque|rn2kb1r/ppp3pp/5p2/P7/4P3/q6R/1P1PKPP1/RNB2QN1 w kq - 1 11|9 10 12 14 27 39 65 70 133 199 208 258 331 426 432 433 437 438 439 510 570 632 639 663 763 770 771|8 9 13 14 15 18 70 130 192 199 303 323 415 419 433 434 436 438 505 510 573 616 639 698 755 768 769
enroque|rn2kb1r/ppp3pp/5p2/P7/4P3/q1R5/1P1PKPP1/RNB2QN1 b kq - 2 11|9 10 12 14 27 39 65 70 133 199 213 258 331 426 432 433 437 438 439 510 570 632 639 663 763 770 771|8 9 13 14 15 18 70 130 192 199 303 323 415 419 433 434 436 438 505 510 573 621 639 698 755 768 769
enroque|rn2kb1r/ppp3pp/5p2/P7/q3P3/2R5/1P1PKPP1/RNB2QN1 w kq - 3 12|9 10 12 14 27 39 65 70 133 199 213 258 331 426 432 433 437 438 439 510 570 632 639 671 763 770 771|8 9 13 14 15 18 70 130 192 199 295 323 415 419 433 434 436 438 505 510 573 621 639 698 755 768 769
enroque|rn2kb1r/ppp3pp/P4p2/8/q3P3/2R5/1P1PKPP1/RNB2QN1 b kq - 0 12|9 10 12 14 27 47 65 70 133 199 213 258 331 426 432 433 437 438 439 510 570 632 639 671 763 770 771|8 9 13 14 15 18 70 130 192 199 295 323 407 419 433 434 436 438 505 510 573 621 639 698 755 768 769
enroque|rn2kb1r/ppp3pp/P4p2/8/4P3/2R5/1P1PKPP1/qNB2QN1 w kq - 0 13|9 10 12 14 27 47 65 70 133 213 258 331 426 432 433 437 438 439 510 570 632 639 647 763 770 771|8 9 13 14 15 18 70 130 192 199 319 323 407 419 433 434 436 438 505 510 573 621 698 755 768 769
enroque|rn2kb1r/ppp3pp/P4p2/8/4P3/2R3P1/1P1PKP2/qNB2QN1 b kq - 0 13|10 12 14 17 27 47 65 70 133 213 258 331 426 432 433 437 438 439 510 570 632 639 647 763 770 771|8 9 13 14 15 18 70 130 192 199 319 323 407 419 425 434 436 438 505 510 573 621 698 755 768 769
enroque|rn2kb1r/ppp3pp/P4p2/8/4P3/2R3P1/1P1PKP2/1qB2QN1 w kq - 0 14|10 12 14 17 27 47 65 133 213 258 331 426 432 433 437 438 439 510 570 632 639 646 763 770 771|8 9 13 14 15 18 70 130 192 199 318 323 407 419 425 434 436 438 505 573 621 698 755 768 769
enroque|rn2kb1r/ppR3pp/P4p2/8/4P3/6P1/1P1PKP2/1qB2QN1 b kq - 0 14|10 12 14 17 27 47 65 133 245 258 331 426 432 433 438 439 510 570 632 639 646 763 770 771|8 9 14 15 18 70 130 192 199 318 323 407 419 425 434 436 438 505 573 589 698 755 768 769
enroque|rn2kb1r/ppR3pp/P4p2/8/4P3/6P1/1P1PKP2/q1B2QN1 w kq - 1 15|10 12 14 17 27 47 65 133 245 258 331 426 432 433 438 439 510 570 632 639 647 763 770 771|8 9 14 15 18 70 130 192 199 319 323 407 419 425 434 436 438 505 573 589 698 755 768 769
enroque|rn2kb1r/pR4pp/P4p2/8/4P3/6P1/1P1PKP2/q1B2QN1 b kq - 0 15|10 12 14 17 27 47 65 133 246 258 331 426 432 433 439 510 570 632 639 647 763 770 771|8 9 15 18 70 130 192 199 319 323 407 419 425 434 436 438 505 573 590 698 755 768 769
enroque|rn2kb1r/pR4pp/P4p2/8/4P3/6P1/1q1PKP2/2B2QN1 w kq - 0 16|10 12 17 27 47 65 133 246 258 331 426 432 433 439 510 570 632 639 654 763 770 771|8 9 15 18 70 130 192 199 310 323 407 419 425 434 436 505 573 590 698 755 768 769
enroque|rR2kb1r/p5pp/P4p2/8/4P3/6P1/1q1PKP2/2B2QN1 b kq - 0 16|10 12 17 27 47 65 133 254 258 331 426 432 433 439 570 632 639 654 763 770 771|8 9 15 18 130 192 199 310 323 407 419 425 434 436 505 573 582 698 755 768 769
enroque|rnbqkbnr/ppppppp1/7p/8/2P5/8/PP1PPPPP/RNBQKBNR w KQkq - 0 2|8 9 10 11 12 14 15 29 65 70 130 133 192 199 260 323 424 433 434 435 436 437 438 439 505 510 570 573 632 639 700 763 768 769 770 771|9 10 11 12 13 14 15 16 65 70 130 133 192 199 260 323 421 432 433 434 435 436 438 439 505 510 570 573 632 639 700 763 768 769 770 771
enroque|r1bqkbnr/ppppppp1/n6p/8/1PP5/8/P2PPPPP/RNBQKBNR w KQkq - 1 3|8 9 10 11 12 15 29 30 65 70 130 133 192 199 260 323 424 433 434 435 436 437 438 439 495 505 570 573 632 639 700 763 768 769 770 771|9 10 11 12 13 14 15 16 65 87 130 133 192 199 260 323 421 422 432 433 434 435 436 439 505 510 570 573 632 639 700 763 768 769 770 771
enroque|r1bqkbnr/ppppppp1/n6p/8/1PP5/8/P1QPPPPP/RNB1KBNR b KQkq - 2 3|8 9 10 11 12 15 29 30 65 70 130 133 192 199 269 323 424 433 434 435 436 437 438 439 495 505 570 573 632 639 700 763 768 769 770 771|9 10 11 12 13 14 15 16 65 87 130 133 192 199 260 323 421 422 432 433 434 435 436 439 505 510 570 573 632 639 693 763 768 769 770 771
enroque|r1bqkbnr/ppppppp1/7p/8/1nP5/8/P1QPPPPP/RNB1KBNR w KQkq - 0 4|8 9 10 11 12 15 29 65 70 130 133 192 199 269 323 424 433 434 435 436 437 438 439 478 505 570 573 632 639 700 763 768 769 770 771|9 10 11 12 13 14 15 16 65 102 130 133 192 199 260 323 421 432 433 434 435 436 439 505 510 570 573 632 639 693 763 768 769 770 771
enroque|r1bqkbnr/ppppppp1/7p/8/1nP5/3Q4/P2PPPPP/RNB1KBNR b KQkq - 1 4|8 9 10 11 12 15 29 65 70 130 133 192 199 276 323 424 433 434 435 436 437 438 439 478 505 570 573 632 639 700 763 768 769 770 771|9 10 11 12 13 14 15 16 65 102 130 133 192 199 260 323 421 432 433 434 435 436 439 505 510 570 573 632 639 684 763 768 769 770 771
enroque|1rbqkbnr/ppppppp1/7p/8/1nP5/3Q4/P2PPPPP/RNB1KBNR w KQk - 2 5|8 9 10 11 12 15 29 65 70 130 133 192 199 276 323 424 433 434 435 436 437 438 439 478 505 570 573 632 638 700 763 768 769 770|9 10 11 12 13 14 15 16 65 102 130 133 192 198 260 323 421 432 433 434 435 436 439 505 510 570 573 632 639 684 763 768 770 771
enroque|1rbqkbnr/pppQppp1/7p/8/1nP5/8/P2PPPPP/RNB1KBNR b KQk - 0 5|8 9 10 11 12 15 29 65 70 130 133 192 199 308 323 424 433 434 435 437 438 439 478 505 570 573 632 638 700 763 768 769 770|9 10 11 13 14 15 16 65 102 130 133 192 198 260 323 421 432 433 434 435 436 439 505 510 570 573 632 639 652 763 768 770 771
enroque|1rbq1bnr/pppkppp1/7p/8/1nP5/8/P2PPPPP/RNB1KBNR w KQ - 0 6|8 9 10 11 12 15 29 65 70 130 133 192 199 323 424 433 434 435 437 438 439 478 505 570 573 632 638 700 756 768 769|8 9 10 12 13 14 23 70 97 130 133 193 199 259 331 418 432 435 436 437 438 439 505 510 570 573 632 639 764 770 771
enroque|1rbq1bnr/pppkppp1/7p/8/2PP4/8/n3PPPP/RNB1KBNR w KQ - 0 7|8 9 10 11 28 29 65 70 130 133 192 199 323 424 433 434 435 437 438 439 463 505 570 573 632 638 700 756 768 769|8 9 10 12 13 14 23 70 112 130 133 193 199 259 331 418 419 436 437 438 439 505 510 570 573 632 639 764 770 771
enroque|1rbq1bnr/pppkppp1/7p/8/2PP4/8/R3PPPP/1NB1KBNR b K - 0 7|8 9 10 11 28 29 65 70 130 133 192 207 323 424 433 434 435 437 438 439 505 570 573 632 638 700 756 768|8 9 10 12 13 14 23 70 130 133 193 199 259 331 418 419 436 437 438 439 505 510 570 573 624 639 764 771
enroque|1rbq1bn1/pppkpppr/7p/8/2PP4/8/R3PPPP/1NB1KBNR w K - 1 8|8 9 10 11 28 29 65 70 130 133 192 207 323 424 433 434 435 437 438 439 505 570 573 624 638 700 756 768|8 9 10 12 13 14 23 70 130 133 193 207 259 331 418 419 436 437 438 439 505 510 570 573 624 639 764 771
enroque|1rbq1bn1/Rppkpppr/7p/8/2PP4/8/4PPPP/1NB1KBNR b K - 0 8|8 9 10 11 28 29 65 70 130 133 192 247 323 424 433 434 435 437 438 505 570 573 624 638 700 756 768|9 10 12 13 14 23 70 130 133 193 207 259 331 418 419 436 437 438 439 505 510 570 573 584 639 764 771
enroque|1rbq1bn1/Rpp1pppr/3k3p/8/2PP4/8/4PPPP/1NB1KBNR w K - 1 9|8 9 10 11 28 29 65 70 130 133 192 247 323 424 433 434 435 437 438 505 570 573 624 638 700 748 768|9 10 12 13 14 23 70 130 133 193 207 259 339 418 419 436 437 438 439 505 510 570 573 584 639 764 771
enroque|1rbq1bn1/1Rp1pppr/3k3p/8/2PP4/8/4PPPP/1NB1KBNR b K - 0 9|8 9 10 11 28 29 65 70 130 133 192 246 323 424 433 434 435 437 505 570 573 624 638 700 748 768|10 12 13 14 23 70 130 133 193 207 259 339 418 419 436 437 438 439 505 510 570 573 585 639 764 771
enroque|2bq1bn1/1rp1pppr/3k3p/8/2PP4/8/4PPPP/1NB1KBNR w K - 0 10|8 9 10 11 28 29 65 70 130 133 192 323 424 433 434 435 437 505 570 573 624 630 700 748 768|10 12 13 14 23 70 130 133 201 207 259 339 418 419 436 437 438 439 505 510 570 573 639 764 771
enroque|2bq1bn1/1rp1pppr/3k3p/8/2PP4/B7/4PPPP/1N2KBNR b K - 1 10|8 9 10 11 28 29 65 70 130 151 192 323 424 433 434 435 437 505 570 573 624 630 700 748 768|10 12 13 14 23 70 130 133 201 207 259 339 418 419 436 437 438 439 505 510 552 573 639 764 771
enroque|2bq1bn1/1rpkpppr/7p/8/2PP4/B7/4PPPP/1N2KBNR w K - 2 11|8 9 10 11 28 29 65 70 130 151 192 323 424 433 434 435 437 505 570 573 624 630 700 756 768|10 12 13 14 23 70 130 133 201 207 259 331 418 419 436 437 438 439 505 510 552 573 639 764 771
enroque|2bq1bn1/1rpkBppr/7p/8/2PP4/8/4PPPP/1N2KBNR b K - 0 11|8 9 10 11 28 29 65 70 130 179 192 323 424 433 434 437 505 570 573 624 630 700 756 768|10 13 14 23 70 130 133 201 207 259 331 418 419 436 437 438 439 505 510 524 573 639 764 771
enroque|2bq1bn1/2pkBppr/7p/8/2PP4/8/4PPPP/1r2KBNR w K - 0 12|8 9 10 11 28 29 65 130 179 192 323 424 433 434 437 505 570 573 582 624 700 756 768|10 13 14 23 70 130 133 207 249 259 331 418 419 436 437 438 439 510 524 573 639 764 771
enroque|rnbqkbnr/ppppp1pp/5p2/8/8/4P3/PPPP1PPP/RNBQKBNR w KQkq - 0 2|8 9 10 12 13 14 15 19 65 70 130 133 192 199 260 323 426 432 433 435 436 437 438 439 505 510 570 573 632 639 700 763 768 769 770 771|8 9 11 12 13 14 15 18 65 70 130 133 192 199 260 323 427 432 433 434 436 437 438 439 505 510 570 573 632 639 700 763 768 769 770 771
enroque|rnbqkbnr/ppppp1pp/5p2/8/8/N3P3/PPPP1PPP/R1BQKBNR b KQkq - 1 2|8 9 10 12 13 14 15 19 65 87 130 133 192 199 260 323 426 432 433 435 436 437 438 439 505 510 570 573 632 639 700 763 768 769 770 771|8 9 11 12 13 14 15 18 65 70 130 133 192 199 260 323 427 432 433 434 436 437 438 439 495 505 570 573 632 639 700 763 768 769 770 771
enroque|rnbqkbnr/p1ppp1pp/5p2/1N6/8/4P3/PPPP1PPP/R1BQKBNR b KQkq - 0 3|8 9 10 12 13 14 15 19 65 102 130 133 192 199 260 323 426 432 433 435 436 437 439 505 510 570 573 632 639 700 763 768 769 770 771|8 9 11 12 13 15 18 65 70 130 133 192 199 260 323 427 432 433 434 436 437 438 439 478 505 570 573 632 639 700 763 768 769 770 771
enroque|rnbqkbnr/p1ppp1p1/5p1p/1N6/8/4P3/PPPP1PPP/R1BQKBNR w KQkq - 0 4|8 9 10 12 13 14 15 19 65 102 130 133 192 199 260 323 424 426 433 435 436 437 439 505 510 570 573 632 639 700 763 768 769 770 771|9 11 12 13 15 16 18 65 70 130 133 192 199 260 323 427 432 433 434 436 437 438 439 478 505 570 573 632 639 700 763 768 769 770 771
enroque|rnbqkbnr/p1ppp1p1/5p1p/1N6/8/4PP2/PPPP2PP/R1BQKBNR b KQkq - 0 4|8 9 12 13 14 15 18 19 65 102 130 133 192 199 260 323 424 426 433 435 436 437 439 505 510 570 573 632 639 700 763 768 769 770 771|9 11 12 13 15 16 18 65 70 130 133 192 199 260 323 426 427 432 433 436 437 438 439 478 505 570 573 632 639 700 763 768 769 770 771
enroque|rnbqkbnr/p1ppp3/5p1p/1N4p1/8/4PPP1/PPPP3P/R1BQKBNR b KQkq - 0 5|8 12 13 14 15 17 18 19 65 102 130 133 192 199 260 323 417 424 426 435 436 437 439 505 510 570 573 632 639 700 763 768 769 770 771|11 12 13 15 16 18 25 65 70 130 133 192 199 260 323 425 426 427 432 436 437 438 439 478 505 570 573 632 639 700 763 768 769 770 771
enroque|r1bqkbnr/p1ppp3/2n2p1p/1N4p1/8/4PPP1/PPPP3P/R1BQKBNR w KQkq - 1 6|8 12 13 14 15 17 18 19 65 102 130 133 192 199 260 323 417 424 426 435 436 437 439 493 505 570 573 632 639 700 763 768 769 770 771|11 12 13 15 16 18 25 65 85 130 133 192 199 260 323 425 426 427 432 436 437 438 439 478 505 570 573 632 639 700 763 768 769 770 771
enroque|r1bqkbnr/p1Npp3/2n2p1p/6p1/8/4PPP1/PPPP3P/R1BQKBNR b KQkq - 0 6|8 12 13 14 15 17 18 19 65 117 130 133 192 199 260 323 417 424 426 435 436 439 493 505 570 573 632 639 700 763 768 769 770 771|11 12 15 16 18 25 65 85 130 133 192 199 260 323 425 426 427 432 436 437 438 439 461 505 570 573 632 639 700 763 768 769 770 771
enroque|r1b1kbnr/p1qpp3/2n2p1p/6p1/8/4PPP1/PPPP3P/R1BQKBNR w KQkq - 0 7|8 12 13 14 15 17 18 19 65 130 133 192 199 260 323 417 424 426 435 436 439 493 505 570 573 632 639 693 763 768 769 770 771|11 12 15 16 18 25 65 85 130 133 192 199 269 323 425 426 427 432 436 437 438 439 505 570 573 632 639 700 763 768 769 770 771
enroque|r1b1kbnr/p1qpp3/2n2p1p/1B4p1/8/4PPP1/PPPP3P/R1BQK1NR b KQkq - 1 7|8 12 13 14 15 17 18 19 65 133 166 192 199 260 323 417 424 426 435 436 439 493 505 570 573 632 639 693 763 768 769 770 771|11 12 15 16 18 25 65 85 130 133 192 199 269 323 425 426 427 432 436 437 438 439 505 542 573 632 639 700 763 768 769 770 771
enroque|r1b1kbnr/p2pp3/2n2p1p/1B4p1/8/4PPq1/PPPP3P/R1BQK1NR w KQkq - 0 8|8 12 13 14 15 18 19 65 133 166 192 199 260 323 417 424 426 435 436 439 493 505 570 573 632 639 657 763 768 769 770 771|11 12 15 16 18 25 65 85 130 133 192 199 297 323 426 427 432 436 437 438 439 505 542 573 632 639 700 763 768 769 770 771
enroque|r1b1kbnr/p2pp3/2n2p1p/1B4p1/8/4PPP1/PPPP4/R1BQK1NR b KQkq - 0 8|12 13 14 15 17 18 19 65 133 166 192 199 260 323 417 424 426 435 436 439 493 505 570 573 632 639 763 768 769 770 771|11 12 15 16 18 25 65 85 130 133 192 199 323 425 426 427 436 437 438 439 505 542 573 632 639 700 763 768 769 770 771
enroque|r1b1kbnr/3pp3/2B2p1p/p5p1/8/4PPP1/PPPP4/R1BQK1NR b KQkq - 0 9|12 13 14 15 17 18 19 65 133 173 192 199 260 323 417 423 424 426 435 436 505 570 573 632 639 763 768 769 770 771|11 12 16 18 25 31 65 130 133 192 199 323 425 426 427 436 437 438 439 505 533 573 632 639 700 763 768 769 770 771
enroque|r1b1kbnr/3pp3/2B4p/p4pp1/8/4PPP1/PPPP4/R1BQK1NR w KQkq - 0 10|12 13 14 15 17 18 19 65 133 173 192 199 260 323 417 418 423 424 435 436 505 570 573 632 639 763 768 769 770 771|11 12 16 25 26 31 65 130 133 192 199 323 425 426 427 436 437 438 439 505 533 573 632 639 700 763 768 769 770 771
enroque|B1b1kbnr/3pp3/7p/p4pp1/8/4PPP1/PPPP4/R1BQK1NR b KQk - 0 10|12 13 14 15 17 18 19 65 133 191 192 199 260 323 417 418 423 424 435 436 505 570 573 632 763 768 769 770|11 12 16 25 26 31 65 130 133 192 323 425 426 427 436 437 438 439 505 519 573 632 639 700 763 768 770 771
enroque|B1b1kbnr/4p3/7R/p2p1pp1/8/4PPP1/PPPP4/R1BQK1N1 b Qk - 0 11|12 13 14 15 17 18 19 65 133 191 199 232 260 323 417 418 420 423 435 505 570 573 632 763 769 770|11 25 26 28 31 65 130 133 192 323 425 426 427 436 437 438 439 505 519 573 592 639 700 763 768 771
enroque|B1b1kbnr/4p3/7R/p2p1p2/6p1/4PPP1/PPPP4/R1BQK1N1 w Qk - 0 12|12 13 14 15 17 18 19 65 133 191 199 232 260 323 409 418 420 423 435 505 570 573 632 763 769 770|11 26 28 31 33 65 130 133 192 323 425 426 427 436 437 438 439 505 519 573 592 639 700 763 768 771
enroque|B1b1kbnr/4p3/7R/p2p1p2/6P1/4P1P1/PPPP4/R1BQK1N1 b Qk - 0 12|12 13 14 15 17 19 25 65 133 191 199 232 260 323 418 420 423 435 505 570 573 632 763 769 770|11 26 28 31 65 130 133 192 323 417 425 427 436 437 438 439 505 519 573 592 639 700 763 768 771
enroque|B1b1kbnr/4p3/7R/p2p4/6p1/4P1P1/PPPP4/R1BQK1N1 w Qk - 0 13|12 13 14 15 17 19 65 133 191 199 232 260 323 409 420 423 435 505 570 573 632 763 769 770|11 28 31 33 65 130 133 192 323 425 427 436 437 438 439 505 519 573 592 639 700 763 768 771
enroque|B1b1kbnr/4p2R/8/p2p4/6p1/4P1P1/PPPP4/R1BQK1N1 b Qk - 1 13|12 13 14 15 17 19 65 133 191 199 240 260 323 409 420 423 435 505 570 573 632 763 769 770|11 28 31 33 65 130 133 192 323 425 427 436 437 438 439 505 519 573 584 639 700 763 768 771
enroque|B1b1kbn1/4p2r/8/p2p4/6p1/4P1P1/PPPP4/R1BQK1N1 w Q - 0 14|12 13 14 15 17 19 65 133 191 199 260 323 409 420 423 435 505 570 573 624 763 769|11 28 31 33 65 130 133 200 323 425 427 436 437 438 439 505 519 573 639 700 763 771
enroque|2b1kbn1/4p2r/2B5/p2p4/6p1/4P1P1/PPPP4/R1BQK1N1 b Q - 1 14|12 13 14 15 17 19 65 133 173 199 260 323 409 420 423 435 505 570 573 624 763 769|11 28 31 33 65 130 133 200 323 425 427 436 437 438 439 505 533 573 639 700 763 771
enroque|4kbn1/3bp2r/2B5/p2p4/6p1/4P1P1/PPPP4/R1BQK1N1 w Q - 2 15|12 13 14 15 17 19 65 133 173 199 260 323 409 420 423 435 505 564 570 624 763 769|11 28 31 33 65 130 140 200 323 425 427 436 437 438 439 505 533 573 639 700 763 771
enroque|4kbn1/3bp2r/8/p2B4/6p1/4P1P1/PPPP4/R1BQK1N1 b Q - 0 15|12 13 14 15 17 19 65 133 164 199 260 323 409 423 435 505 564 570 624 763 769|11 31 33 65 130 140 200 323 425 427 436 437 438 439 505 540 573 639 700 763 771
enroque|4kbn1/3bpr2/8/p2B4/6p1/4P1P1/PPPP4/R1BQK1N1 w Q - 1 16|12 13 14 15 17 19 65 133 164 199 260 323 409 423 435 505 564 570 626 763 769|11 31 33 65 130 140 202 323 425 427 436 437 438 439 505 540 573 639 700 763 771
enroque|rnbqkbnr/ppppppp1/7p/8/5P2/8/PPPPP1PP/RNBQKBNR w KQkq - 0 2|8 9 11 12 13 14 15 26 65 70 130 133 192 199 260 323 424 433 434 435 436 437 438 439 505 510 570 573 632 639 700 763 768 769 770 771|9 10 11 12 13 14 15 16 65 70 130 133 192 199 260 323 418 432 433 435 436 437 438 439 505 510 570 573 632 639 700 763 768 769 770 771
enroque|rnbqkbnr/ppppppp1/7p/8/5P2/7P/PPPPP1P1/RNBQKBNR b KQkq - 0 2|9 11 12 13 14 15 16 26 65 70 130 133 192 199 260 323 424 433 434 435 436 437 438 439 505 510 570 573 632 639 700 763 768 769 770 771|9 10 11 12 13 14 15 16 65 70 130 133 192 199 260 323 418 424 433 435 436 437 438 439 505 510 570 573 632 639 700 763 768 769 770 771
enroque|rnbqkbnr/ppppppp1/8/7p/5P2/7P/PPPPP1P1/RNBQKBNR w KQkq - 0 3|9 11 12 13 14 15 16 26 65 70 130 133 192 199 260 323 416 433 434 435 436 437 438 439 505 510 570 573 632 639 700 763 768 769 770 771|9 10 11 12 13 14 15 24 65 70 130 133 192 199 260 323 418 424 433 435 436 437 438 439 505 510 570 573 632 639 700 763 768 769 770 771
enroque|rnbqkbnr/ppppppp1/8/7p/5P2/7P/PPPPPKP1/RNBQ1BNR b kq - 1 3|9 11 12 13 14 15 16 26 65 70 130 133 192 199 260 330 416 433 434 435 436 437 438 439 505 510 570 573 632 639 700 763 770 771|9 10 11 12 13 14 15 24 65 70 130 133 192 199 260 323 418 424 433 435 436 437 438 439 505 510 570 573 632 639 700 754 768 769
enroque|rnbqkb1r/ppppppp1/7n/7p/5P2/7P/PPPPPKP1/RNBQ1BNR w kq - 2 4|9 11 12 13 14 15 16 26 65 70 130 133 192 199 260 330 416 433 434 435 436 437 438 439 488 510 570 573 632 639 700 763 770 771|9 10 11 12 13 14 15 24 70 80 130 133 192 199 260 323 418 424 433 435 436 437 438 439 505 510 570 573 632 639 700 754 768 769
enroque|rnbqkbr1/ppppppp1/7n/7p/1P3P2/7P/P1PPPKP1/RNBQ1BNR w q - 1 5|9 11 12 13 15 16 26 30 65 70 130 133 192 199 260 330 416 433 434 435 436 437 438 439 488 510 570 573 633 639 700 763 771|9 10 11 12 13 14 15 24 70 80 130 133 193 199 260 323 418 422 424 433 435 436 437 439 505 510 570 573 632 639 700 754 769
enroque|rnbqkbr1/p1ppppp1/1p5n/7p/1P1P1P2/7P/P1P1PKP1/RNBQ1BNR w q - 0 6|9 11 13 15 16 26 28 30 65 70 130 133 192 199 260 330 416 430 433 434 435 436 437 439 488 510 570 573 633 639 700 763 771|9 10 11 12 13 15 22 24 70 80 130 133 193 199 260 323 418 420 422 424 433 435 437 439 505 510 570 573 632 639 700 754 769
enroque|rnbqkbr1/p1ppppp1/1p5n/7p/1P1P1P2/P6P/2P1PKP1/RNBQ1BNR b q - 0 6|9 11 13 16 23 26 28 30 65 70 130 133 192 199 260 330 416 430 433 434 435 436 437 439 488 510 570 573 633 639 700 763 771|9 10 11 12 13 15 22 24 70 80 130 133 193 199 260 323 418 420 422 424 431 433 435 437 505 510 570 573 632 639 700 754 769
enroque|rnbqkbr1/p1ppppp1/1p6/7p/1P1P1Pn1/P6P/2P1PKP1/RNBQ1BNR w q - 1 7|9 11 13 16 23 26 28 30 65 70 130 133 192 199 260 330 416 430 433 434 435 436 437 439 473 510 570 573 633 639 700 763 771|9 10 11 12 13 15 22 24 70 97 130 133 193 199 260 323 418 420 422 424 431 433 435 437 505 510 570 573 632 639 700 754 769
enroque|rnbqkbr1/p1ppppp1/1p6/7p/1P1P1PP1/P7/2P1PKP1/RNBQ1BNR b q - 0 7|9 11 13 23 25 26 28 30 65 70 130 133 192 199 260 330 416 430 433 434 435 436 437 439 510 570 573 633 639 700 763 771|9 10 11 12 13 15 22 24 70 130 133 193 199 260 323 417 418 420 422 431 433 435 437 505 510 570 573 632 639 700 754 769
enroque|rnbqkbr1/p1ppppp1/1p6/8/1P1P1Pp1/P7/2P1PKP1/RNBQ1BNR w q - 0 8|9 11 13 23 26 28 30 65 70 130 133 192 199 260 330 409 430 433 434 435 436 437 439 510 570 573 633 639 700 763 771|9 10 11 12 13 15 22 33 70 130 133 193 199 260 323 418 420 422 431 433 435 437 505 510 570 573 632 639 700 754 769
enroque|rnbqkbr1/p1ppppp1/1p6/8/1P1P1Pp1/P7/2P1PKP1/RNB1QBNR b q - 1 8|9 11 13 23 26 28 30 65 70 130 133 192 199 259 330 409 430 433 434 435 436 437 439 510 570 573 633 639 700 763 771|9 10 11 12 13 15 22 33 70 130 133 193 199 260 323 418 420 422 431 433 435 437 505 510 570 573 632 639 699 754 769
enroque|rnbqkbr1/p1ppp1p1/1p6/5p2/1P1P1Pp1/P7/2PNPKP1/R1B1QBNR b q - 1 9|9 11 13 23 26 28 30 65 76 130 133 192 199 259 330 409 418 430 433 435 436 437 439 510 570 573 633 639 700 763 771|9 11 12 13 15 22 26 33 70 130 133 193 199 260 323 418 420 422 431 433 435 437 500 505 570 573 632 639 699 754 769
enroque|rnbqkbr1/p1pp2p1/1p6/4Pp2/1P1P2p1/P7/2PNPKP1/R1B1QBNR b q - 0 10|9 11 13 23 28 30 35 65 76 130 133 192 199 259 330 409 418 430 433 436 437 439 510 570 573 633 639 700 763 771|9 12 13 15 22 26 33 70 130 133 193 199 260 323 411 420 422 431 433 435 437 500 505 570 573 632 639 699 754 769
enroque|rnbqk1r1/p1pp2p1/1p6/4Pp2/1b1P2p1/P7/2PNPKP1/R1B1QBNR w q - 0 11|9 11 13 23 28 35 65 76 130 133 192 199 259 330 409 418 430 433 436 437 439 510 542 573 633 639 700 763 771|9 12 13 15 22 26 33 70 133 166 193 199 260 323 411 420 431 433 435 437 500 505 570 573 632 639 699 754 769
enroque|rnbqk1r1/p1pp2p1/1p6/4Pp2/1P1P2p1/8/2PNPKP1/R1B1QBNR b q - 0 11|9 11 13 28 30 35 65 76 130 133 192 199 259 330 409 418 430 433 436 437 439 510 573 633 639 700 763 771|9 12 13 15 22 26 33 70 133 193 199 260 323 411 420 422 433 435 437 500 505 570 573 632 639 699 754 769
enroque|rnbqkbnr/pppppppp/8/8/8/5N2/PPPPPPPP/RNBQKB1R b KQkq - 1 1|8 9 10 11 12 13 14 15 70 82 130 133 192 199 260 323 432 433 434 435 436 437 438 439 505 510 570 573 632 639 700 763 768 769 770 771|8 9 10 11 12 13 14 15 65 70 130 133 192 199 260 323 432 433 434 435 436 437 438 439 490 510 570 573 632 639 700 763 768 769 770 771
enroque|rnbqkbnr/pp1ppppp/2p5/8/8/5N2/PPPPPPPP/RNBQKB1R w KQkq - 0 2|8 9 10 11 12 13 14 15 70 82 130 133 192 199 260 323 429 432 433 434 435 436 438 439 505 510 570 573 632 639 700 763 768 769 770 771|8 9 10 11 12 14 15 21 65 70 130 133 192 199 260 323 432 433 434 435 436 437 438 439 490 510 570 573 632 639 700 763 768 769 770 771
enroque|rnbqkbnr/pp1ppppp/2p5/8/8/5NP1/PPPPPP1P/RNBQKB1R b KQkq - 0 2|8 10 11 12 13 14 15 17 70 82 130 133 192 199 260 323 429 432 433 434 435 436 438 439 505 510 570 573 632 639 700 763 768 769 770 771|8 9 10 11 12 14 15 21 65 70 130 133 192 199 260 323 425 432 434 435 436 437 438 439 490 510 570 573 632 639 700 763 768 769 770 771
enroque|rnbqkbnr/pp1pp1pp/2p2p2/8/8/5NP1/PPPPPP1P/RNBQKB1R w KQkq - 0 3|8 10 11 12 13 14 15 17 70 82 130 133 192 199 260 323 426 429 432 433 435 436 438 439 505 510 570 573 632 639 700 763 768 769 770 771|8 9 11 12 14 15 18 21 65 70 130 133 192 199 260 323 425 432 434 435 436 437 438 439 490 510 570 573 632 639 700 763 768 769 770 771
enroque|rnbqkbnr/pp1pp1pp/2p2p2/8/6P1/5N2/PPPPPP1P/RNBQKB1R b KQkq - 0 3|8 10 11 12 13 14 15 25 70 82 130 133 192 199 260 323 426 429 432 433 435 436 438 439 505 510 570 573 632 639 700 763 768 769 770 771|8 9 11 12 14 15 18 21 65 70 130 133 192 199 260 323 417 432 434 435 436 437 438 439 490 510 570 573 632 639 700 763 768 769 770 771
enroque|rnbqkbnr/pp2p1pp/2p2p2/8/2p3P1/5N2/PP1PPP1P/RNBQKB1R w KQkq - 0 5|8 10 11 12 14 15 25 70 82 130 133 192 199 260 323 413 426 429 432 433 435 438 439 505 510 570 573 632 639 700 763 768 769 770 771|8 9 11 14 15 18 21 37 65 70 130 133 192 199 260 323 417 432 434 435 436 438 439 490 510 570 573 632 639 700 763 768 769 770 771
enroque|rnbqkbnr/pp2p1pp/2p2p2/8/2p3P1/5N2/PP1PPP1P/RNBQKBR1 b Qkq - 1 5|8 10 11 12 14 15 25 70 82 130 133 193 199 260 323 413 426 429 432 433 435 438 439 505 510 570 573 632 639 700 763 769 770 771|8 9 11 14 15 18 21 37 65 70 130 133 192 199 260 323 417 432 434 435 436 438 439 490 510 570 573 633 639 700 763 768 769 771
enroque|rn1qkbnr/pp1bp1pp/2p2p2/8/2p3P1/5N2/PP1PPP1P/RNBQKBR1 w Qkq - 2 6|8 10 11 12 14 15 25 70 82 130 133 193 199 260 323 413 426 429 432 433 435 438 439 505 510 564 570 632 639 700 763 769 770 771|8 9 11 14 15 18 21 37 65 70 130 140 192 199 260 323 417 432 434 435 436 438 439 490 510 570 573 633 639 700 763 768 769 771
enroque|rn1qkbnr/pp1bp1pp/2p2p2/8/2p3P1/5N1B/PP1PPP1P/RNBQK1R1 b Qkq - 3 6|8 10 11 12 14 15 25 70 82 133 144 193 199 260 323 413 426 429 432 433 435 438 439 505 510 564 570 632 639 700 763 769 770 771|8 9 11 14 15 18 21 37 65 70 130 140 192 199 260 323 417 432 434 435 436 438 439 490 510 552 573 633 639 700 763 768 769 771
enroque|rn2kbnr/pp1bp1pp/1qp2p2/8/2p3P1/5N1B/PP1PPP1P/RNBQK1R1 w Qkq - 4 7|8 10 11 12 14 15 25 70 82 133 144 193 199 260 323 413 426 429 432 433 435 438 439 505 510 564 570 632 639 686 763 769 770 771|8 9 11 14 15 18 21 37 65 70 130 140 192 199 278 323 417 432 434 435 436 438 439 490 510 552 573 633 639 700 763 768 769 771
enroque|rn2kbnr/pp1bp1pp/1qp2p2/8/2p3P1/2N2N1B/PP1PPP1P/R1BQK1R1 b Qkq - 5 7|8 10 11 12 14 15 25 82 85 133 144 193 199 260 323 413 426 429 432 433 435 438 439 505 510 564 570 632 639 686 763 769 770 771|8 9 11 14 15 18 21 37 65 70 130 140 192 199 278 323 417 432 434 435 436 438 439 490 493 552 573 633 639 700 763 768 769 771
enroque|rn1qkbnr/pp1bp1pp/2p2p2/8/2p3P1/2N2N1B/PP1PPP1P/R1BQK1R1 w Qkq - 6 8|8 10 11 12 14 15 25 82 85 133 144 193 199 260 323 413 426 429 432 433 435 438 439 505 510 564 570 632 639 700 763 769 770 771|8 9 11 14 15 18 21 37 65 70 130 140 192 199 260 323 417 432 434 435 436 438 439 490 493 552 573 633 639 700 763 768 769 771
enroque|rn1qkbnr/pp1bp1pp/2p2p2/8/2p3P1/2N2N2/PP1PPP1P/R1BQKBR1 b Qkq - 7 8|8 10 11 12 14 15 25 82 85 130 133 193 199 260 323 413 426 429 432 433 435 438 439 505 510 564 570 632 639 700 763 769 770 771|8 9 11 14 15 18 21 37 65 70 130 140 192 199 260 323 417 432 434 435 436 438 439 490 493 570 573 633 639 700 763 768 769 771
enroque|rn1qkbnr/pp2p1pp/2p1bp2/8/2p3P1/2N2N2/PP1PPP1P/R1BQKBR1 w Qkq - 8 9|8 10 11 12 14 15 25 82 85 130 133 193 199 260 323 413 426 429 432 433 435 438 439 505 510 555 570 632 639 700 763 769 770 771|8 9 11 14 15 18 21 37 65 70 130 147 192 199 260 323 417 432 434 435 436 438 439 490 493 570 573 633 639 700 763 768 769 771
enroque|rn1qkbnr/p3p1pp/2p1bp2/1p6/2p3PP/1QN2N2/PP1PPP2/R1B1KBR1 b Qkq - 1 10|10 11 12 14 15 24 25 82 85 130 133 193 199 278 323 413 422 426 429 432 433 435 439 505 510 555 570 632 639 700 763 769 770 771|8 9 11 15 18 21 30 37 65 70 130 147 192 199 260 323 416 417 434 435 436 438 439 490 493 570 573 633 639 686 763 768 769 771
enroque|rn1qkbnr/p3p1pp/2p2p2/1p6/2p3bP/1QN2N2/PP1PPP2/R1B1KBR1 w Qkq - 0 11|10 11 12 14 15 24 82 85 130 133 193 199 278 323 413 422 426 429 432 433 435 439 505 510 537 570 632 639 700 763 769 770 771|8 9 11 15 18 21 30 37 65 70 130 161 192 199 260 323 416 434 435 436 438 439 490 493 570 573 633 639 686 763 768 769 771
enroque|rn1qkbnr/p3p1pp/2p2p2/1p6/2p3bP/1QN2N2/PP1PPPR1/R1B1KB2 b Qkq - 1 11|10 11 12 14 15 24 82 85 130 133 199 201 278 323 413 422 426 429 432 433 435 439 505 510 537 570 632 639 700 763 769 770 771|8 9 11 15 18 21 30 37 65 70 130 161 192 199 260 323 416 434 435 436 438 439 490 493 570 573 625 639 686 763 768 769 771
enroque|rn1qkbnr/p3p1pp/2p2p2/1p6/6bP/1pN2N2/PP1PPPR1/R1B1KB2 w Qkq - 0 12|10 11 12 14 15 24 82 85 130 133 199 201 323 406 422 426 429 432 433 435 439 505 510 537 570 632 639 700 763 769 770 771|8 9 11 15 18 21 30 46 65 70 130 161 192 199 260 323 416 434 435 436 438 439 490 493 570 573 625 639 763 768 769 771
enroque|rn1qkbnr/p3p1pp/2p2p2/1N6/6bP/1p3N2/PP1PPPR1/R1B1KB2 b Qkq - 0 12|10 11 12 14 15 24 82 102 130 133 199 201 323 406 426 429 432 433 435 439 505 510 537 570 632 639 700 763 769 770 771|8 9 11 15 18 21 46 65 70 130 161 192 199 260 323 416 434 435 436 438 439 478 490 570 573 625 639 763 768 769 771
enroque|rn1qkbnr/p3p1pp/2p2p2/1N6/7P/1p3b2/PP1PPPR1/R1B1KB2 w Qkq - 0 13|10 11 12 14 15 24 102 130 133 199 201 323 406 426 429 432 433 435 439 505 510 530 570 632 639 700 763 769 770 771|8 9 11 15 18 21 46 65 70 130 170 192 199 260 323 416 434 435 436 438 439 478 570 573 625 639 763 768 769 771
enroque|rn1qkbnr/p3p1Rp/2p2p2/1N6/7P/1p3b2/PP1PPP2/R1B1KB2 b Qkq - 0 13|10 11 12 14 15 24 102 130 133 199 241 323 406 426 429 432 435 439 505 510 530 570 632 639 700 763 769 770 771|8 11 15 18 21 46 65 70 130 170 192 199 260 323 416 434 435 436 438 439 478 570 573 585 639 763 768 769 771
enroque|rn1qk1nr/p3p1bp/2p2p2/1N6/7P/1p3b2/PP1PPP2/R1B1KB2 w Qkq - 0 14|10 11 12 14 15 24 102 130 133 199 323 406 426 429 432 435 439 505 510 530 561 632 639 700 763 769 770 771|8 11 15 18 21 46 65 70 137 170 192 199 260 323 416 434 435 436 438 439 478 570 573 639 763 768 769 771
enroque|rn1qk1nr/N3p1bp/2p2p2/8/7P/1p3b2/PP1PPP2/R1B1KB2 b Qkq - 0 14|10 11 12 14 15 24 119 130 133 199 323 406 426 429 432 435 505 510 530 561 632 639 700 763 769 770 771|8 11 18 21 46 65 70 137 170 192 199 260 323 416 434 435 436 438 439 463 570 573 639 763 768 769 771
enroque|rn2k1nr/N3p1bp/2p2p2/8/7P/1p3b2/PP1qPP2/R1B1KB2 w Qkq - 0 15|10 11 14 15 24 119 130 133 199 323 406 426 429 432 435 505 510 530 561 632 639 652 763 769 770 771|8 11 18 21 46 65 70 137 170 192 199 308 323 416 434 435 438 439 463 570 573 639 763 768 769 771
enroque|rn2k1nr/N3p1bp/2p2p2/8/7P/1p3b2/PP1BPP2/R3KB2 b Qkq - 0 15|10 11 14 15 24 119 130 140 199 323 406 426 429 432 435 505 510 530 561 632 639 763 769 770 771|8 11 18 21 46 65 70 137 170 192 199 323 416 434 435 438 439 463 564 570 639 763 768 769 771
enroque|rn2k1nr/N3p1b1/2p2p2/7p/7P/1p3P2/PP1B1P2/R3KB2 b Qkq - 0 16|10 14 15 18 24 119 130 140 199 323 406 416 426 429 435 505 510 561 632 639 763 769 770 771|11 18 21 24 46 65 70 137 192 199 323 416 426 434 438 439 463 564 570 639 763 768 769 771
enroque|1n2k1nr/r3p1b1/2p2p2/7p/7P/1p3P2/PP1B1P2/R3KB2 w Qk - 0 17|10 14 15 18 24 130 140 199 323 406 416 426 429 435 505 510 561 631 632 763 769 770|11 18 21 24 46 65 70 137 192 207 323 416 426 434 438 439 564 570 639 763 768 771
enroque|1n2k1nr/r3p1b1/2p2p2/7p/7P/Pp3P2/1P1B1P2/R3KB2 b Qk - 0 17|10 14 18 23 24 130 140 199 323 406 416 426 429 435 505 510 561 631 632 763 769 770|11 18 21 24 46 65 70 137 192 207 323 416 426 431 434 438 564 570 639 763 768 771
enroque|1n2k1nr/4p1b1/2p2p2/7p/7P/rp3P2/1P1B1P2/R3KB2 w Qk - 0 18|10 14 18 24 130 140 199 323 406 416 426 429 435 505 510 561 599 632 763 769 770|11 18 21 24 46 65 70 137 192 239 323 416 426 434 438 564 570 639 763 768 771
enroque|1n2k1nr/4p1b1/2p2p2/7p/7P/Pp3P2/3B1P2/R3KB2 b Qk - 0 18|10 18 23 24 130 140 199 323 406 416 426 429 435 505 510 561 632 763 769 770|11 18 21 24 46 65 70 137 192 323 416 426 431 434 564 570 639 763 768 771
enroque|1n2k1nr/4p3/2p2p1b/7p/7P/Pp3P2/3B1P2/R3KB2 w Qk - 1 19|10 18 23 24 130 140 199 323 406 416 426 429 435 505 510 552 632 763 769 770|11 18 21 24 46 65 70 144 192 323 416 426 431 434 564 570 639 763 768 771
enroque|1n2k1nr/4p3/2p2p1b/1B5p/7P/Pp3P2/3B1P2/R3K3 b Qk - 2 19|10 18 23 24 140 166 199 323 406 416 426 429 435 505 510 552 632 763 769 770|11 18 21 24 46 65 70 144 192 323 416 426 431 434 542 564 639 763 768 771
enroque|1n2k1nr/4p3/5p1b/1p5p/7P/Pp3P2/3B1P2/R3K3 w Qk - 0 20|10 18 23 24 140 199 323 406 416 422 426 435 505 510 552 632 763 769 770|11 18 24 30 46 65 70 144 192 323 416 426 431 434 564 639 763 768 771
enroque|1n2k1nr/4p3/5p1B/1p5p/7P/Pp3P2/5P2/R3K3 b Qk - 0 20|10 18 23 24 168 199 323 406 416 422 426 435 505 510 632 763 769 770|11 18 24 30 46 65 70 192 323 416 426 431 434 528 639 763 768 771
enroque|4k1nr/4p3/2n2p1B/1p5p/7P/Pp3P2/5P2/R3K3 w Qk - 1 21|10 18 23 24 168 199 323 406 416 422 426 435 493 505 632 763 769 770|11 18 24 30 46 65 85 192 323 416 426 431 434 528 639 763 768 771
enroque|4k1nr/4p1B1/2n2p2/1p5p/7P/Pp3P2/5P2/R3K3 b Qk - 2 21|10 18 23 24 177 199 323 406 416 422 426 435 493 505 632 763 769 770|11 18 24 30 46 65 85 192 323 416 426 431 434 521 639 763 768 771
enroque|4k1n1/4p1Br/2n2p2/1p5p/7P/Pp3P2/5P2/R3K3 w Q - 3 22|10 18 23 24 177 199 323 406 416 422 426 435 493 505 624 763 769|11 18 24 30 46 65 85 200 323 416 426 431 434 521 639 763 771
enroque|4k1n1/4p2r/2n2B2/1p5p/7P/Pp3P2/5P2/R3K3 b Q - 0 22|10 18 23 24 170 199 323 406 416 422 435 493 505 624 763 769|11 24 30 46 65 85 200 323 416 426 431 434 530 639 763 771
enroque|4k1n1/n3p2r/5B2/1p5p/7P/Pp3P2/5P2/R3K3 w Q - 1 23|10 18 23 24 170 199 323 406 416 422 435 503 505 624 763 769|11 24 30 46 65 79 200 323 416 426 431 434 530 639 763 771
enroque|4k1n1/n3B2r/8/1p5p/7P/Pp3P2/5P2/R3K3 b Q - 0 23|10 18 23 24 179 199 323 406 416 422 503 505 624 763 769|24 30 46 65 79 200 323 416 426 431 434 523 639 763 771
enroque|4k1n1/n3B1r1/8/1p5p/7P/Pp3P2/5P2/R3K3 w Q - 1 24|10 18 23 24 179 199 323 406 416 422 503 505 625 763 769|24 30 46 65 79 201 323 416 426 431 434 523 639 763 771
enroque|r1bqkbnr/pppppppp/n7/8/6P1/8/PPPPPP1P/RNBQKBNR w KQkq - 1 2|8 10 11 12 13 14 15 25 65 70 130 133 192 199 260 323 432 433 434 435 436 437 438 439 495 505 570 573 632 639 700 763 768 769 770 771|8 9 10 11 12 13 14 15 65 87 130 133 192 199 260 323 417 432 434 435 436 437 438 439 505 510 570 573 632 639 700 763 768 769 770 771
enroque|r1bqkbnr/pppppppp/n7/6P1/8/8/PPPPPP1P/RNBQKBNR b KQkq - 0 2|8 10 11 12 13 14 15 33 65 70 130 133 192 199 260 323 432 433 434 435 436 437 438 439 495 505 570 573 632 639 700 763 768 769 770 771|8 9 10 11 12 13 14 15 65 87 130 133 192 199 260 323 409 432 434 435 436 437 438 439 505 510 570 573 632 639 700 763 768 769 770 771
enroque|r1bqkb1r/pppppppp/n6n/6P1/8/8/PPPPPP1P/RNBQKBNR w KQkq - 1 3|8 10 11 12 13 14 15 33 65 70 130 133 192 199 260 323 432 433 434 435 436 437 438 439 488 495 570 573 632 639 700 763 768 769 770 771|8 9 10 11 12 13 14 15 80 87 130 133 192 199 260 323 409 432 434 435 436 437 438 439 505 510 570 573 632 639 700 763 768 769 770 771
enroque|r1bqkb1r/pppppppp/n6n/6P1/8/7P/PPPPPP2/RNBQKBNR b KQkq - 0 3|10 11 12 13 14 15 16 33 65 70 130 133 192 199 260 323 432 433 434 435 436 437 438 439 488 495 570 573 632 639 700 763 768 769 770 771|8 9 10 11 12 13 14 15 80 87 130 133 192 199 260 323 409 424 434 435 436 437 438 439 505 510 570 573 632 639 700 763 768 769 770 771
enroque|r1bqkb1r/pppppp1p/n5pn/6P1/8/7P/PPPPPP2/RNBQKBNR w KQkq - 0 4|10 11 12 13 14 15 16 33 65 70 130 133 192 199 260 323 425 432 434 435 436 437 438 439 488 495 570 573 632 639 700 763 768 769 770 771|8 10 11 12 13 14 15 17 80 87 130 133 192 199 260 323 409 424 434 435 436 437 438 439 505 510 570 573 632 639 700 763 768 769 770 771
enroque|r1bqkb1r/pppppp1p/n5pn/6P1/8/4P2P/PPPP1P2/RNBQKBNR b KQkq - 0 4|10 12 13 14 15 16 19 33 65 70 130 133 192 199 260 323 425 432 434 435 436 437 438 439 488 495 570 573 632 639 700 763 768 769 770 771|8 10 11 12 13 14 15 17 80 87 130 133 192 199 260 323 409 424 427 434 436 437 438 439 505 510 570 573 632 639 700 763 768 769 770 771
enroque|r1bqkb1r/pppppp1p/6pn/2n3P1/8/4P2P/PPPP1P2/RNBQKBNR w KQkq - 1 5|10 12 13 14 15 16 19 33 65 70 130 133 192 199 260 323 425 432 434 435 436 437 438 439 485 488 570 573 632 639 700 763 768 769 770 771|8 10 11 12 13 14 15 17 80 93 130 133 192 199 260 323 409 424 427 434 436 437 438 439 505 510 570 573 632 639 700 763 768 769 770 771
enroque|r1bqkb1r/pppppp1p/6pn/2n3P1/8/3PP2P/PPP2P2/RNBQKBNR b KQkq - 0 5|10 13 14 15 16 19 20 33 65 70 130 133 192 199 260 323 425 432 434 435 436 437 438 439 485 488 570 573 632 639 700 763 768 769 770 771|8 10 11 12 13 14 15 17 80 93 130 133 192 199 260 323 409 424 427 428 434 437 438 439 505 510 570 573 632 639 700 763 768 769 770 771
enroque|r1bqkb1r/pppppp1p/6pn/6P1/8/3nP2P/PPP2P2/RNBQKBNR w KQkq - 0 6|10 13 14 15 16 19 33 65 70 130 133 192 199 260 323 425 432 434 435 436 437 438 439 468 488 570 573 632 639 700 763 768 769 770 771|8 10 11 12 13 14 15 17 80 108 130 133 192 199 260 323 409 424 427 434 437 438 439 505 510 570 573 632 639 700 763 768 769 770 771
enroque|r1bqkb1r/pppppp1p/6pn/6P1/8/3PP2P/PP3P2/RNBQKBNR b KQkq - 0 6|10 14 15 16 19 20 33 65 70 130 133 192 199 260 323 425 432 434 435 436 437 438 439 488 570 573 632 639 700 763 768 769 770 771|8 10 11 12 13 14 15 17 80 130 133 192 199 260 323 409 424 427 428 434 438 439 505 510 570 573 632 639 700 763 768 769 770 771
enroque|r1bqkbnr/pppppp1p/6p1/6P1/8/3PP2P/PP3P2/RNBQKBNR w KQkq - 1 7|10 14 15 16 19 20 33 65 70 130 133 192 199 260 323 425 432 434 435 436 437 438 439 505 570 573 632 639 700 763 768 769 770 771|8 10 11 12 13 14 15 17 65 130 133 192 199 260 323 409 424 427 428 434 438 439 505 510 570 573 632 639 700 763 768 769 770 771
enroque|r1bqkbnr/pppppp1p/6p1/6P1/8/P2PP2P/1P3P2/RNBQKBNR b KQkq - 0 7|10 14 16 19 20 23 33 65 70 130 133 192 199 260 323 425 432 434 435 436 437 438 439 505 570 573 632 639 700 763 768 769 770 771|8 10 11 12 13 14 15 17 65 130 133 192 199 260 323 409 424 427 428 431 434 438 505 510 570 573 632 639 700 763 768 769 770 771
enroque|r1bqkbnr/p1pppp1p/6p1/1p4P1/4P3/P2P3P/1P3P2/RNBQKBNR b KQkq - 0 8|10 14 16 20 23 27 33 65 70 130 133 192 199 260 323 422 425 432 434 435 436 437 439 505 570 573 632 639 700 763 768 769 770 771|8 10 11 12 13 15 17 30 65 130 133 192 199 260 323 409 419 424 428 431 434 438 505 510 570 573 632 639 700 763 768 769 770 771
enroque|r1bqkbnr/2pppp1p/p5p1/1p4P1/4P3/P2P3P/1P3P2/RNBQKBNR w KQkq - 0 9|10 14 16 20 23 27 33 65 70 130 133 192 199 260 323 422 425 431 432 434 435 436 437 505 570 573 632 639 700 763 768 769 770 771|8 10 11 12 13 17 23 30 65 130 133 192 199 260 323 409 419 424 428 431 434 438 505 510 570 573 632 639 700 763 768 769 770 771
enroque|r1bqkbnr/2pppp1p/p5p1/1p4P1/4P3/P2PB2P/1P3P2/RN1QKBNR b KQkq - 1 9|10 14 16 20 23 27 33 65 70 130 147 192 199 260 323 422 425 431 432 434 435 436 437 505 570 573 632 639 700 763 768 769 770 771|8 10 11 12 13 17 23 30 65 130 133 192 199 260 323 409 419 424 428 431 434 438 505 510 555 570 632 639 700 763 768 769 770 771
enroque|r1bqkb1r/2pppp1p/p5pn/1p4P1/4P3/P2PB2P/1P3P2/RN1QKBNR w KQkq - 2 10|10 14 16 20 23 27 33 65 70 130 147 192 199 260 323 422 425 431 432 434 435 436 437 488 570 573 632 639 700 763 768 769 770 771|8 10 11 12 13 17 23 30 80 130 133 192 199 260 323 409 419 424 428 431 434 438 505 510 555 570 632 639 700 763 768 769 770 771
enroque|r1bqkb1r/2pppp1p/p5pP/1p6/4P3/P2PB2P/1P3P2/RN1QKBNR b KQkq - 0 10|10 14 16 20 23 27 40 65 70 130 147 192 199 260 323 422 425 431 432 434 435 436 437 570 573 632 639 700 763 768 769 770 771|8 10 11 12 13 17 23 30 130 133 192 199 260 323 400 419 424 428 431 434 438 505 510 555 570 632 639 700 763 768 769 770 771
enroque|r1bqk2r/2pppp1p/p5pb/1p6/4P3/P2PB2P/1P3P2/RN1QKBNR w KQkq - 0 11|10 14 16 20 23 27 65 70 130 147 192 199 260 323 422 425 431 432 434 435 436 437 552 573 632 639 700 763 768 769 770 771|8 10 11 12 13 17 23 30 133 144 192 199 260 323 419 424 428 431 434 438 505 510 555 570 632 639 700 763 768 769 770 771
enroque|r1bqk2r/2pppp1p/p5pb/1p6/4P3/P2PBQ1P/1P3P2/RN2KBNR b KQkq - 1 11|10 14 16 20 23 27 65 70 130 147 192 199 274 323 422 425 431 432 434 435 436 437 552 573 632 639 700 763 768 769 770 771|8 10 11 12 13 17 23 30 133 144 192 199 260 323 419 424 428 431 434 438 505 510 555 570 632 639 682 763 768 769 770 771
enroque|r1bqk2r/2pppp1p/p5p1/1p6/4P3/P2PbQ1P/1P3P2/RN2KBNR w KQkq - 0 12|10 14 16 20 23 27 65 70 130 192 199 274 323 422 425 431 432 434 435 436 437 531 573 632 639 700 763 768 769 770 771|8 10 11 12 13 17 23 30 133 171 192 199 260 323 419 424 428 431 434 438 505 510 570 632 639 682 763 768 769 770 771
enroque|r1bqk2r/2pppp1p/p5p1/1p6/4P3/P2PbQ1P/RP3P2/1N2KBNR b Kkq - 1 12|10 14 16 20 23 27 65 70 130 192 207 274 323 422 425 431 432 434 435 436 437 531 573 632 639 700 763 768 770 771|8 10 11 12 13 17 23 30 133 171 192 199 260 323 419 424 428 431 434 438 505 510 570 631 632 682 763 768 769 770
enroque|r1bqk2r/2pppp1p/p5p1/1p6/4Pb2/P2P1Q1P/RP3P2/1N2KBNR w Kkq - 2 13|10 14 16 20 23 27 65 70 130 192 207 274 323 422 425 431 432 434 435 436 437 538 573 632 639 700 763 768 770 771|8 10 11 12 13 17 23 30 133 162 192 199 260 323 419 424 428 431 434 438 505 510 570 631 632 682 763 768 769 770
enroque|r1bqk2r/2pppp1p/p5p1/1p6/4PQ2/P2P3P/RP3P2/1N2KBNR b Kkq - 0 13|10 14 16 20 23 27 65 70 130 192 207 282 323 422 425 431 432 434 435 436 437 573 632 639 700 763 768 770 771|8 10 11 12 13 17 23 30 133 192 199 260 323 419 424 428 431 434 438 505 510 570 631 632 674 763 768 769 770
enroque|r1bqk2r/2pppp1p/6p1/pp6/4PQ2/P2P3P/RP3P2/1N2KBNR w Kkq - 0 14|10 14 16 20 23 27 65 70 130 192 207 282 323 422 423 425 432 434 435 436 437 573 632 639 700 763 768 770 771|8 10 11 12 13 17 30 31 133 192 199 260 323 419 424 428 431 434 438 505 510 570 631 632 674 763 768 769 770
enroque|r1bqk2r/2pppp1p/6p1/pp6/4PQ2/P2P1N1P/RP3P2/1N2KB1R b Kkq - 1 14|10 14 16 20 23 27 70 82 130 192 207 282 323 422 423 425 432 434 435 436 437 573 632 639 700 763 768 770 771|8 10 11 12 13 17 30 31 133 192 199 260 323 419 424 428 431 434 438 490 510 570 631 632 674 763 768 769 770
enroque|2bqk2r/r1pppp1p/6p1/pp6/4PQ2/P2P1N1P/RP3P2/1N2KB1R w Kk - 2 15|10 14 16 20 23 27 70 82 130 192 207 282 323 422 423 425 432 434 435 436 437 573 631 632 700 763 768 770|8 10 11 12 13 17 30 31 133 192 207 260 323 419 424 428 431 434 438 490 510 570 631 632 674 763 768 770
enroque|2bqk2r/r1pppp1p/6p1/pp6/4PQ2/P2P1N1P/RP3P1R/1N2KB2 b k - 3 15|10 14 16 20 23 27 70 82 130 200 207 282 323 422 423 425 432 434 435 436 437 573 631 632 700 763 770|8 10 11 12 13 17 30 31 133 192 207 260 323 419 424 428 431 434 438 490 510 570 624 631 674 763 768
enroque|2bqk2r/r1pppp1p/6p1/1p6/p3PQ2/P2P1N1P/RP3P1R/1N2KB2 w k - 0 16|10 14 16 20 23 27 70 82 130 200 207 282 323 415 422 425 432 434 435 436 437 573 631 632 700 763 770|8 10 11 12 13 17 30 39 133 192 207 260 323 419 424 428 431 434 438 490 510 570 624 631 674 763 768
enroque|2bqk2r/r1Qppp1p/6p1/1p6/p3P3/P2P1N1P/RP3P1R/1N2KB2 b k - 0 16|10 14 16 20 23 27 70 82 130 200 207 309 323 415 422 425 432 434 435 436 573 631 632 700 763 770|8 10 11 12 17 30 39 133 192 207 260 323 419 424 428 431 434 438 490 510 570 624 631 653 763 768
enroque|2bqk2r/2rppp1p/6p1/1p6/p3P3/P2P1N1P/RP3P1R/1N2KB2 w k - 0 17|10 14 16 20 23 27 70 82 130 200 207 323 415 422 425 432 434 435 436 573 629 632 700 763 770|8 10 11 12 17 30 39 133 192 205 260 323 419 424 428 431 434 438 490 510 570 624 631 763 768
enroque|2bqk2r/2rppp1p/6p1/1p6/p2NP3/P2P3P/RP3P1R/1N2KB2 b k - 1 17|10 14 16 20 23 27 70 92 130 200 207 323 415 422 425 432 434 435 436 573 629 632 700 763 770|8 10 11 12 17 30 39 133 192 205 260 323 419 424 428 431 434 438 484 510 570 624 631 763 768
enroque|2bqk2r/3ppp1p/6p1/1p6/p2NP3/P2P3P/RP3P1R/1Nr1KB2 w k - 2 18|10 14 16 20 23 27 70 92 130 200 207 323 415 422 425 432 434 435 436 573 581 632 700 763 770|8 10 11 12 17 30 39 133 192 253 260 323 419 424 428 431 434 438 484 510 570 624 631 763 768
enroque|2bqk2r/3ppp1p/6p1/1p6/p2NP3/P2P3P/RP2KP1R/1Nr2B2 b k - 3 18|10 14 16 20 23 27 70 92 130 200 207 331 415 422 425 432 434 435 436 573 581 632 700 763 770|8 10 11 12 17 30 39 133 192 253 260 323 419 424 428 431 434 438 484 510 570 624 631 755 768
enroque|2bqk2r/3ppp1p/6p1/1p6/p2NP3/P2P3P/RP2KP1R/1r3B2 w k - 0 19|10 14 16 20 23 27 92 130 200 207 331 415 422 425 432 434 435 436 573 582 632 700 763 770|8 10 11 12 17 30 39 133 192 254 260 323 419 424 428 431 434 438 484 570 624 631 755 768
enroque|2bqk2r/3ppp1p/6p1/1p6/p2NP3/P2P3P/RP2KPBR/1r6 b k - 1 19|10 14 16 20 23 27 92 137 200 207 331 415 422 425 432 434 435 436 573 582 632 700 763 770|8 10 11 12 17 30 39 133 192 254 260 323 419 424 428 431 434 438 484 561 624 631 755 768
enroque|rnbqkbnr/pppppppp/8/8/8/5P2/PPPPP1PP/RNBQKBNR b KQkq - 0 1|8 9 11 12 13 14 15 18 65 70 130 133 192 199 260 323 432 433 434 435 436 437 438 439 505 510 570 573 632 639 700 763 768 769 770 771|8 9 10 11 12 13 14 15 65 70 130 133 192 199 260 323 426 432 433 435 436 437 438 439 505 510 570 573 632 639 700 763 768 769 770 771
enroque|rnbqkb1r/pppppppp/7n/8/8/5P2/PPPPP1PP/RNBQKBNR w KQkq - 1 2|8 9 11 12 13 14 15 18 65 70 130 133 192 199 260 323 432 433 434 435 436 437 438 439 488 510 570 573 632 639 700 763 768 769 770 771|8 9 10 11 12 13 14 15 70 80 130 133 192 199 260 323 426 432 433 435 436 437 438 439 505 510 570 573 632 639 700 763 768 769 770 771
enroque|rnbqkb1r/pppppppp/7n/8/8/5P2/PPPPPKPP/RNBQ1BNR b kq - 2 2|8 9 11 12 13 14 15 18 65 70 130 133 192 199 260 330 432 433 434 435 436 437 438 439 488 510 570 573 632 639 700 763 770 771|8 9 10 11 12 13 14 15 70 80 130 133 192 199 260 323 426 432 433 435 436 437 438 439 505 510 570 573 632 639 700 754 768 769
enroque|rnbqkb1r/1ppppppp/7n/p7/8/N4P2/PPPPPKPP/R1BQ1BNR b kq - 1 3|8 9 11 12 13 14 15 18 65 87 130 133 192 199 260 330 423 432 433 434 435 436 437 438 488 510 570 573 632 639 700 763 770 771|8 9 10 11 12 13 14 31 70 80 130 133 192 199 260 323 426 432 433 435 436 437 438 439 495 505 570 573 632 639 700 754 768 769
enroque|rnbqkb1r/1ppppp1p/7n/p7/7p/N4P2/PPPPPKP1/R1BQ1BNR w kq - 0 5|9 11 12 13 14 15 18 65 87 130 133 192 199 260 330 408 423 432 434 435 436 437 438 488 510 570 573 632 639 700 763 770 771|8 10 11 12 13 14 31 32 70 80 130 133 192 199 260 323 426 433 435 436 437 438 439 495 505 570 573 632 639 700 754 768 769
enroque|rnbqkb1r/1ppppp1p/7n/p7/7R/N4P2/PPPPPKP1/R1BQ1BN1 b kq - 0 5|9 11 12 13 14 15 18 65 87 130 133 199 216 260 330 423 432 434 435 436 437 438 488 510 570 573 632 639 700 763 770 771|8 10 11 12 13 14 31 70 80 130 133 192 199 260 323 426 433 435 436 437 438 439 495 505 570 573 608 639 700 754 768 769
enroque|r1bqkb1r/1ppppp1p/2n4n/p7/7R/N4P2/PPPPPKP1/R1BQ1BN1 w kq - 1 6|9 11 12 13 14 15 18 65 87 130 133 199 216 260 330 423 432 434 435 436 437 438 488 493 570 573 632 639 700 763 770 771|8 10 11 12 13 14 31 80 85 130 133 192 199 260 323 426 433 435 436 437 438 439 495 505 570 573 608 639 700 754 768 769
enroque|r1bqkb1r/1ppppp1p/2n4R/p7/8/N4P2/PPPPPKP1/R1BQ1BN1 b kq - 0 6|9 11 12 13 14 15 18 65 87 130 133 199 232 260 330 423 432 434 435 436 437 438 493 570 573 632 639 700 763 770 771|8 10 11 12 13 14 31 85 130 133 192 199 260 323 426 433 435 436 437 438 439 495 505 570 573 592 639 700 754 768 769
enroque|r1bqk2r/1ppppp1p/2n4b/p7/8/N4P2/PPPPPKP1/R1BQ1BN1 w kq - 0 7|9 11 12 13 14 15 18 65 87 130 133 199 260 330 423 432 434 435 436 437 438 493 552 573 632 639 700 763 770 771|8 10 11 12 13 14 31 85 133 144 192 199 260 323 426 433 435 436 437 438 439 495 505 570 573 639 700 754 768 769
enroque|r1bqk2r/1ppppp1p/2n5/p7/2P5/N3bP2/PP1PPKP1/R1BQ1BN1 w kq - 1 8|9 11 12 14 15 18 29 65 87 130 133 199 260 330 423 432 434 435 436 437 438 493 531 573 632 639 700 763 770 771|8 10 11 12 13 14 31 85 133 171 192 199 260 323 421 426 433 435 436 438 439 495 505 570 573 639 700 754 768 769
enroque|r1bqk2r/1ppppp1p/2n5/p7/2P5/N3bPK1/PP1PP1P1/R1BQ1BN1 b kq - 2 8|9 11 12 14 15 18 29 65 87 130 133 199 260 337 423 432 434 435 436 437 438 493 531 573 632 639 700 763 770 771|8 10 11 12 13 14 31 85 133 171 192 199 260 323 421 426 433 435 436 438 439 495 505 570 573 639 700 745 768 769
enroque|r1bqk2r/1ppppp1p/2n5/p7/2P5/N4PK1/PP1PP1P1/R1BQ1Bb1 w kq - 0 9|9 11 12 14 15 18 29 87 130 133 199 260 337 423 432 434 435 436 437 438 493 513 573 632 639 700 763 770 771|8 10 11 12 13 14 31 85 133 185 192 199 260 323 421 426 433 435 436 438 439 495 570 573 639 700 745 768 769
enroque|r1bqk2r/1ppppp1p/2n5/p1P5/8/N4PK1/PP1PP1P1/R1BQ1Bb1 b kq - 0 9|9 11 12 14 15 18 37 87 130 133 199 260 337 423 432 434 435 436 437 438 493 513 573 632 639 700 763 770 771|8 10 11 12 13 14 31 85 133 185 192 199 260 323 413 426 433 435 436 438 439 495 570 573 639 700 745 768 769
enroque|r1bqk1r1/1ppppp1p/2n5/p1P5/8/N4PK1/PP1PP1P1/R1BQ1Bb1 w q - 1 10|9 11 12 14 15 18 37 87 130 133 199 260 337 423 432 434 435 436 437 438 493 513 573 633 639 700 763 771|8 10 11 12 13 14 31 85 133 185 193 199 260 323 413 426 433 435 436 438 439 495 570 573 639 700 745 769
enroque|r1bqk1r1/1ppppp1p/2n5/p1P5/7K/N4P2/PP1PP1P1/R1BQ1Bb1 b q - 2 10|9 11 12 14 15 18 37 87 130 133 199 260 344 423 432 434 435 436 437 438 493 513 573 633 639 700 763 771|8 10 11 12 13 14 31 85 133 185 193 199 260 323 413 426 433 435 436 438 439 495 570 573 639 700 736 769
enroque|r1bqk1r1/1ppppp1p/2n5/p1b5/7K/N4P2/PP1PP1P1/R1BQ1B2 w q - 0 11|9 11 12 14 15 18 87 130 133 199 260 344 423 432 434 435 436 437 438 493 549 573 633 639 700 763 771|8 10 11 12 13 14 31 85 133 157 193 199 260 323 426 433 435 436 438 439 495 570 573 639 700 736 769
enroque|r1bqk1r1/1ppppp1p/2n5/p1b5/7K/N2P1P2/PP2P1P1/R1BQ1B2 b q - 0 11|9 11 14 15 18 20 87 130 133 199 260 344 423 432 434 435 436 437 438 493 549 573 633 639 700 763 771|8 10 11 12 13 14 31 85 133 157 193 199 260 323 426 428 433 435 438 439 495 570 573 639 700 736 769
enroque|r1bqkbnr/pppppppp/2n5/8/8/5N2/PPPPPPPP/RNBQKB1R w KQkq - 2 2|8 9 10 11 12 13 14 15 70 82 130 133 192 199 260 323 432 433 434 435 436 437 438 439 493 505 570 573 632 639 700 763 768 769 770 771|8 9 10 11 12 13 14 15 65 85 130 133 192 199 260 323 432 433 434 435 436 437 438 439 490 510 570 573 632 639 700 763 768 769 770 771
enroque|r1bqkbnr/pppppppp/2n5/8/8/N4N2/PPPPPPPP/R1BQKB1R b KQkq - 3 2|8 9 10 11 12 13 14 15 82 87 130 133 192 199 260 323 432 433 434 435 436 437 438 439 493 505 570 573 632 639 700 763 768 769 770 771|8 9 10 11 12 13 14 15 65 85 130 133 192 199 260 323 432 433 434 435 436 437 438 439 490 495 570 573 632 639 700 763 768 769 770 771
enroque|r1bqkbnr/pppp1ppp/2n1p3/8/8/N4N2/PPPPPPPP/R1BQKB1R w KQkq - 0 3|8 9 10 11 12 13 14 15 82 87 130 133 192 199 260 323 427 432 433 434 436 437 438 439 493 505 570 573 632 639 700 763 768 769 770 771|8 9 10 12 13 14 15 19 65 85 130 133 192 199 260 323 432 433 434 435 436 437 438 439 490 495 570 573 632 639 700 763 768 769 770 771
enroque|r1bqkbnr/pppp1ppp/2n1p3/8/3N4/N7/PPPPPPPP/R1BQKB1R b KQkq - 1 3|8 9 10 11 12 13 14 15 87 92 130 133 192 199 260 323 427 432 433 434 436 437 438 439 493 505 570 573 632 639 700 763 768 769 770 771|8 9 10 12 13 14 15 19 65 85 130 133 192 199 260 323 432 433 434 435 436 437 438 439 484 495 570 573 632 639 700 763 768 769 770 771
enroque|r1b1kbnr/pppp1ppp/2n1p3/6q1/3N4/N7/PPPPPPPP/R1BQKB1R w KQkq - 2 4|8 9 10 11 12 13 14 15 87 92 130 133 192 199 260 323 427 432 433 434 436 437 438 439 493 505 570 573 632 639 673 763 768 769 770 771|8 9 10 12 13 14 15 19 65 85 130 133 192 199 281 323 432 433 434 435 436 437 438 439 484 495 570 573 632 639 700 763 768 769 770 771
enroque|r1b1kbnr/pppp1ppp/2n1p3/6q1/2NN4/8/PPPPPPPP/R1BQKB1R b KQkq - 3 4|8 9 10 11 12 13 14 15 92 93 130 133 192 199 260 323 427 432 433 434 436 437 438 439 493 505 570 573 632 639 673 763 768 769 770 771|8 9 10 12 13 14 15 19 65 85 130 133 192 199 281 323 432 433 434 435 436 437 438 439 484 485 570 573 632 639 700 763 768 769 770 771
enroque|r1b1kbnr/pppp1ppp/2n1p3/8/2NN4/8/PPPqPPPP/R1BQKB1R w KQkq - 0 5|8 9 10 11 13 14 15 92 93 130 133 192 199 260 323 427 432 433 434 436 437 438 439 493 505 570 573 632 639 652 763 768 769 770 771|8 9 10 12 13 14 15 19 65 85 130 133 192 199 308 323 432 433 434 435 437 438 439 484 485 570 573 632 639 700 763 768 769 770 771
enroque|r1b1kbnr/pppp1ppp/2n1p3/8/2NN4/8/PPPKPPPP/R1BQ1B1R b kq - 0 5|8 9 10 12 13 14 15 90 91 130 133 192 199 259 331 428 432 433 434 435 437 438 439 490 510 570 573 632 639 764 770 771|8 9 10 12 13 14 15 19 65 85 130 133 192 199 323 432 433 434 435 437 438 439 484 485 570 573 632 639 700 756 768 769
enroque|r1b1kbnr/pppp1ppp/4p3/8/2Nn4/8/PPPKPPPP/R1BQ1B1R w kq - 0 6|8 9 10 12 13 14 15 90 130 133 192 199 259 331 428 432 433 434 435 437 438 439 475 510 570 573 632 639 764 770 771|8 9 10 12 13 14 15 19 65 100 130 133 192 199 323 432 433 434 435 437 438 439 485 570 573 632 639 700 756 768 769
enroque|r1b1kbnr/pppp1ppp/4p3/8/2Nn4/2K5/PPP1PPPP/R1BQ1B1R b kq - 1 6|8 9 10 12 13 14 15 90 130 133 192 199 259 338 428 432 433 434 435 437 438 439 475 510 570 573 632 639 764 770 771|8 9 10 12 13 14 15 19 65 100 130 133 192 199 323 432 433 434 435 437 438 439 485 570 573 632 639 700 749 768 769
enroque|r1b1kbnr/pppp1ppp/4p3/8/2N5/2K5/PPn1PPPP/R1BQ1B1R w kq - 0 7|8 9 12 13 14 15 90 130 133 192 199 259 338 428 432 433 434 435 437 438 439 458 510 570 573 632 639 764 770 771|8 9 10 12 13 14 15 19 65 117 130 133 192 199 323 432 433 434 435 438 439 485 570 573 632 639 700 749 768 769
enroque|r1b1kbnr/pppp1ppp/4p3/8/2N5/2K5/PPnBPPPP/R2Q1B1R b kq - 1 7|8 9 12 13 14 15 90 133 139 192 199 259 338 428 432 433 434 435 437 438 439 458 510 570 573 632 639 764 770 771|8 9 10 12 13 14 15 19 65 117 130 133 192 199 323 432 433 434 435 438 439 485 564 570 632 639 700 749 768 769
enroque|r1b1kbnr/pppp1ppp/4p3/8/2N5/2K5/PP1BPPPP/n2Q1B1R w kq - 0 8|8 9 12 13 14 15 90 133 139 199 259 338 428 432 433 434 435 437 438 439 448 510 570 573 632 639 764 770 771|8 9 10 12 13 14 15 19 65 127 130 133 192 199 323 432 433 434 435 438 439 485 564 570 632 700 749 768 769
enroque|r1b1kbnr/pppp1ppp/4p3/8/2N5/2K5/PP1BPPPP/Q4B1R b kq - 0 8|8 9 12 13 14 15 90 133 139 199 256 338 428 432 433 434 435 437 438 439 510 570 573 632 639 764 770 771|8 9 10 12 13 14 15 19 65 130 133 192 199 323 432 433 434 435 438 439 485 564 570 632 703 749 768 769
enroque|r1b1kbnr/pppp2pp/4pp2/8/2N5/2K5/PP1BPPPP/Q4B1R w kq - 0 9|8 9 12 13 14 15 90 133 139 199 256 338 428 429 432 433 434 435 438 439 510 570 573 632 639 764 770 771|8 9 12 13 14 15 18 19 65 130 133 192 199 323 432 433 434 435 438 439 485 564 570 632 703 749 768 769
enroque|r1b1kbnr/pppp2pp/4pp2/N7/8/2K5/PP1BPPPP/Q4B1R b kq - 1 9|8 9 12 13 14 15 96 133 139 199 256 338 428 429 432 433 434 435 438 439 510 570 573 632 639 764 770 771|8 9 12 13 14 15 18 19 65 130 133 192 199 323 432 433 434 435 438 439 479 564 570 632 703 749 768 769
enroque|r1b1k1nr/p1pp2pp/4pp2/Np6/1b6/2K5/P2BPPPP/Q4B1R w kq - 0 11|8 12 13 14 15 96 133 139 199 256 338 417 428 429 432 434 435 438 439 510 537 570 632 639 764 770 771|8 9 12 13 15 18 19 30 65 133 166 192 199 323 432 433 434 435 439 479 564 570 632 703 749 768 769
enroque|r1b1k1nr/p1pp2pp/4pp2/Np6/1b6/1K6/P2BPPPP/Q4B1R b kq - 1 11|8 12 13 14 15 96 133 139 199 256 337 417 428 429 432 434 435 438 439 510 537 570 632 639 764 770 771|8 9 12 13 15 18 19 30 65 133 166 192 199 323 432 433 434 435 439 479 564 570 632 703 750 768 769
enroque|r1b1k1nr/p1pp2pp/4pp2/bp6/8/1K6/P2BPPPP/Q4B1R w kq - 0 12|8 12 13 14 15 133 139 199 256 337 417 428 429 432 434 435 438 439 510 544 570 632 639 764 770 771|8 9 12 13 15 18 19 30 65 133 159 192 199 323 432 433 434 435 439 564 570 632 703 750 768 769
enroque|r1b1k1nr/p1pp2pp/4pQ2/bp6/8/1K6/P2BPPPP/5B1R b kq - 0 12|8 12 13 14 15 133 139 199 301 337 417 428 432 434 435 438 439 510 544 570 632 639 764 770 771|8 9 12 13 15 19 30 65 133 159 192 199 323 432 433 434 435 439 564 570 632 658 750 768 769
enroque|r1b1k1nr/p1p3pp/3ppQ2/bp6/8/1K6/P2BPPPP/5B1R w kq - 0 13|8 12 13 14 15 133 139 199 301 337 417 427 428 432 434 438 439 510 544 570 632 639 764 770 771|8 9 13 15 19 20 30 65 133 159 192 199 323 432 433 434 435 439 564 570 632 658 750 768 769
enroque|r1b1k1nr/p1p3pp/3ppQ2/bp6/8/K7/P2BPPPP/5B1R b kq - 1 13|8 12 13 14 15 133 139 199 301 336 417 427 428 432 434 438 439 510 544 570 632 639 764 770 771|8 9 13 15 19 20 30 65 133 159 192 199 323 432 433 434 435 439 564 570 632 658 751 768 769
enroque|r1b1k2r/p1p3pp/3ppn2/bp6/8/K7/P2BPPPP/5B1R w kq - 0 14|8 12 13 14 15 133 139 199 336 417 427 428 432 434 438 439 493 544 570 632 639 764 770 771|8 9 13 15 19 20 30 82 133 159 192 199 323 432 433 434 435 439 564 570 632 751 768 769
enroque|r1b1k2r/p1p3pp/3ppn2/bp6/1B6/K7/P3PPPP/5B1R b kq - 1 14|8 12 13 14 15 133 153 199 336 417 427 428 432 434 438 439 493 544 570 632 639 764 770 771|8 9 13 15 19 20 30 82 133 159 192 199 323 432 433 434 435 439 550 570 632 751 768 769
enroque|r1b1k2r/p1p3p1/3Bpn2/bp5p/8/K7/P3PPPP/5B1R b kq - 0 15|8 12 13 14 15 133 171 199 336 417 423 428 432 434 438 493 544 570 632 639 764 770 771|9 13 15 19 24 30 82 133 159 192 199 323 432 433 434 435 439 532 570 632 751 768 769
enroque|r1b1k2r/p5p1/3ppn2/bp5p/8/K7/P3PPPP/5B1R w kq - 0 16|8 12 13 14 15 133 199 336 417 423 427 428 432 438 493 544 570 632 639 764 770 771|9 15 19 20 24 30 82 133 159 192 199 323 432 433 434 435 439 570 632 751 768 769
enroque|rnbqkbnr/p1pppppp/8/1P6/8/8/PP1PPPPP/RNBQKBNR b KQkq - 0 2|8 9 10 11 12 14 15 38 65 70 130 133 192 199 260 323 432 433 434 435 436 437 439 505 510 570 573 632 639 700 763 768 769 770 771|8 9 10 11 12 13 15 65 70 130 133 192 199 260 323 414 432 433 434 435 436 438 439 505 510 570 573 632 639 700 763 768 769 770 771
enroque|rnbqkb1r/p1pppppp/7n/1P6/8/8/PP1PPPPP/RNBQKBNR w KQkq - 1 3|8 9 10 11 12 14 15 38 65 70 130 133 192 199 260 323 432 433 434 435 436 437 439 488 510 570 573 632 639 700 763 768 769 770 771|8 9 10 11 12 13 15 70 80 130 133 192 199 260 323 414 432 433 434 435 436 438 439 505 510 570 573 632 639 700 763 768 769 770 771
enroque|rnbqkb1r/p1pppp1p/6pn/1P6/1P6/8/P2PPPPP/RNBQKBNR w KQkq - 0 4|8 9 10 11 12 15 30 38 65 70 130 133 192 199 260 323 425 432 434 435 436 437 439 488 510 570 573 632 639 700 763 768 769 770 771|8 10 11 12 13 15 17 70 80 130 133 192 199 260 323 414 422 432 433 434 435 436 439 505 510 570 573 632 639 700 763 768 769 770 771
enroque|rnbqkb1r/p1pppp1p/6pn/1P6/QP6/8/P2PPPPP/RNB1KBNR b KQkq - 1 4|8 9 10 11 12 15 30 38 65 70 130 133 192 199 287 323 425 432 434 435 436 437 439 488 510 570 573 632 639 700 763 768 769 770 771|8 10 11 12 13 15 17 70 80 130 133 192 199 260 323 414 422 432 433 434 435 436 439 505 510 570 573 632 639 679 763 768 769 770 771
enroque|rnbqkbnr/p1pppp1p/6p1/1P6/QP6/8/P2PPPPP/RNB1KBNR w KQkq - 2 5|8 9 10 11 12 15 30 38 65 70 130 133 192 199 287 323 425 432 434 435 436 437 439 505 510 570 573 632 639 700 763 768 769 770 771|8 10 11 12 13 15 17 65 70 130 133 192 199 260 323 414 422 432 433 434 435 436 439 505 510 570 573 632 639 679 763 768 769 770 771
desequilibrio|2q1kn2/1p2pp2/1p1p4/8/8/5K2/r2PP3/nN3B2 w - - 0 20|11 12 70 130 338 428 430 434 435 438 455 506 591 701 763|10 11 14 20 22 66 127 247 261 323 435 436 510 570 746
desequilibrio|2q1kn2/1p2pp2/1p1p4/8/4K3/8/r2PP3/nN3B2 b - - 1 20|11 12 70 130 347 428 430 434 435 438 455 506 591 701 763|10 11 14 20 22 66 127 247 261 323 435 436 510 570 739
desequilibrio|4kn2/1p2pp2/1pqp4/8/4K3/8/r2PP3/nN3B2 w - - 2 21|11 12 70 130 347 428 430 434 435 438 455 506 591 685 763|10 11 14 20 22 66 127 247 277 323 435 436 510 570 739
desequilibrio|4kn2/1p2pp2/1pqp4/8/5K2/8/r2PP3/nN3B2 b - - 3 21|11 12 70 130 346 428 430 434 435 438 455 506 591 685 763|10 11 14 20 22 66 127 247 277 323 435 436 510 570 738
desequilibrio|4kn2/1p3p2/1pqpp3/8/5K2/8/r2PP3/nN3B2 w - - 0 22|11 12 70 130 346 427 428 430 434 438 455 506 591 685 763|10 14 19 20 22 66 127 247 277 323 435 436 510 570 738
desequilibrio|4kn2/1p3p2/1pqpp3/6K1/8/8/r2PP3/nN3B2 b - - 1 22|11 12 70 130 353 427 428 430 434 438 455 506 591 685 763|10 14 19 20 22 66 127 247 277 323 435 436 510 570 729
desequilibrio|4kn2/1p3p2/rpqpp3/6K1/8/8/3PP3/nN3B2 w - - 2 23|11 12 70 130 353 427 428 430 434 438 455 506 623 685 763|10 14 19 20 22 66 127 215 277 323 435 436 510 570 729
desequilibrio|4kn2/1p3p2/rpqppK2/8/8/8/3PP3/nN3B2 b - - 3 23|11 12 70 130 362 427 428 430 434 438 455 506 623 685 763|10 14 19 20 22 66 127 215 277 323 435 436 510 570 722
desequilibrio|4kn2/1p3p2/rp1ppK2/3q4/8/8/3PP3/nN3B2 w - - 4 24|11 12 70 130 362 427 428 430 434 438 455 506 623 676 763|10 14 19 20 22 66 127 215 284 323 435 436 510 570 722
desequilibrio|4kn2/1p3p2/rp1ppK2/3q4/8/8/3PP1B1/nN6 b - - 5 24|11 12 70 137 362 427 428 430 434 438 455 506 623 676 763|10 14 19 20 22 66 127 215 284 323 435 436 510 561 722
desequilibrio|4kn2/1p3p2/rp1ppK2/8/8/8/3PP1q1/nN6 w - - 0 25|11 12 70 362 427 428 430 434 438 455 506 623 649 763|10 14 19 20 22 66 127 215 305 323 435 436 510 722
desequilibrio|4kn2/1p3p2/rp1ppK2/8/8/N7/3PP1q1/n7 b - - 1 25|11 12 87 362 427 428 430 434 438 455 506 623 649 763|10 14 19 20 22 66 127 215 305 323 435 436 495 722
desequilibrio|4kn2/1p3p2/rp1ppK2/8/8/N7/3Pq3/n7 w - - 0 26|12 87 362 427 428 430 434 438 455 506 623 651 763|10 14 19 20 22 66 127 215 307 323 436 495 722
desequilibrio|4kn2/1p3p2/rp1ppK2/1N6/8/8/3Pq3/n7 b - - 1 26|12 102 362 427 428 430 434 438 455 506 623 651 763|10 14 19 20 22 66 127 215 307 323 436 478 722
desequilibrio|4kn2/1p3p2/rp1ppK2/1N6/8/8/3q4/n7 w - - 0 27|102 362 427 428 430 434 438 455 506 623 652 763|10 14 19 20 22 66 127 215 308 323 478 722
desequilibrio|4kn2/1p3p2/rp1NpK2/8/8/8/3q4/n7 b - - 0 27|108 362 427 430 434 438 455 506 623 652 763|10 14 19 22 66 127 215 308 323 468 722
desequilibrio|3k1n2/1p3p2/rp1NpK2/8/8/8/3q4/n7 w - - 1 28|108 362 427 430 434 438 455 506 623 652 764|9 13 17 20 69 120 208 307 323 467 725
desequilibrio|3k1n2/1p3N2/rp2pK2/8/8/8/3q4/n7 b - - 0 28|114 362 427 430 438 455 506 623 652 764|9 17 20 69 120 208 307 323 461 725
desequilibrio|5n2/1pk2N2/rp2pK2/8/8/8/3q4/n7 w - - 1 29|114 362 427 430 438 455 506 623 652 757|9 17 20 69 120 208 307 330 461 725
desequilibrio|5n2/1pk5/rp2pK2/4N3/8/8/3q4/n7 b - - 2 29|99 362 427 430 438 455 506 623 652 757|9 17 20 69 120 208 307 330 476 725
desequilibrio|5n2/1pk5/rp2pK2/4N3/8/8/1q6/n7 w - - 3 30|99 362 427 430 438 455 506 623 654 757|9 17 20 69 120 208 305 330 476 725
desequilibrio|5n2/1pk2K2/rp2p3/4N3/8/8/1q6/n7 b - - 4 30|99 370 427 430 438 455 506 623 654 757|9 17 20 69 120 208 305 330 476 717
desequilibrio|5n2/1pk2K2/rp2p3/4q3/8/8/8/n7 w - - 0 31|370 427 430 438 455 506 623 675 757|9 17 20 69 120 208 284 330 717
desequilibrio|1rq4r/p1pkp2p/4p3/1p6/1P3N1P/2P1P1P1/P4K2/7R w - - 1 20|15 17 19 21 24 30 90 192 330 422 427 432 435 437 439 632 638 701 756|8 10 12 15 20 25 193 199 258 331 417 423 426 428 430 432 485 639 757
desequilibrio|1rq4r/p1pkp2p/4N3/1p6/1P5P/2P1P1P1/P4K2/7R b - - 0 20|15 17 19 21 24 30 107 192 330 422 432 435 437 439 632 638 701 756|8 10 12 15 25 193 199 258 331 417 423 426 428 430 432 468 639 757
desequilibrio|1rq4r/p1p1p2p/4k3/1p6/1P5P/2P1P1P1/P4K2/7R w - - 0 21|15 17 19 21 24 30 192 330 422 432 435 437 439 632 638 701 747|8 11 13 15 30 192 198 261 339 416 422 425 427 429 439 632 754
desequilibrio|1rq4r/p1p1p2p/4k3/1p6/1P4PP/2P1P3/P4K2/7R b - - 0 21|15 19 21 24 25 30 192 330 422 432 435 437 439 632 638 701 747|8 11 13 15 30 192 198 261 339 416 417 422 427 429 439 632 754
desequilibrio|1r5r/p1p1p2p/q3k3/1p6/1P4PP/2P1P3/P4K2/7R w - - 1 22|15 19 21 24 25 30 192 330 422 432 435 437 439 632 638 687 747|8 11 13 15 30 192 198 279 339 416 417 422 427 429 439 632 754
desequilibrio|1r5r/p1p1p2p/q3k3/1p6/1P4PP/2P1P3/P7/4K2R b - - 2 22|15 19 21 24 25 30 192 323 422 432 435 437 439 632 638 687 747|8 11 13 15 30 192 198 279 339 416 417 422 427 429 439 632 763
desequilibrio|1r5r/p1p1p2p/4k3/1p6/1P4PP/2P1P3/q7/4K2R w - - 0 23|19 21 24 25 30 192 323 422 432 435 437 439 632 638 655 747|8 11 13 15 30 192 198 311 339 416 417 422 427 429 632 763
desequilibrio|1r5r/p1p1p2p/4k3/1p6/1P4PP/2P1P3/q6R/4K3 b - - 1 23|19 21 24 25 30 200 323 422 432 435 437 439 632 638 655 747|8 11 13 15 30 192 198 311 339 416 417 422 427 429 624 763
desequilibrio|1r5r/p1p1p3/4k2p/1p6/1P4PP/2P1P3/q6R/4K3 w - - 0 24|19 21 24 25 30 200 323 422 424 435 437 439 632 638 655 747|11 13 15 16 30 192 198 311 339 416 417 422 427 429 624 763
desequilibrio|1r5r/p1p1p3/4k2p/1p6/1P4PP/2P1P3/R7/4K3 b - - 0 24|19 21 24 25 30 207 323 422 424 435 437 439 632 638 747|11 13 15 16 30 192 198 339 416 417 422 427 429 631 763
desequilibrio|5r1r/p1p1p3/4k2p/1p6/1P4PP/2P1P3/R7/4K3 w - - 1 25|19 21 24 25 30 207 323 422 424 435 437 439 632 634 747|11 13 15 16 30 192 194 339 416 417 422 427 429 631 763
desequilibrio|5r1r/R1p1p3/4k2p/1p6/1P4PP/2P1P3/8/4K3 b - - 0 25|19 21 24 25 30 247 323 422 424 435 437 632 634 747|11 13 16 30 192 194 339 416 417 422 427 429 591 763
desequilibrio|5r1r/R1p1p3/4k3/1p5p/1P4PP/2P1P3/8/4K3 w - - 0 26|19 21 24 25 30 247 323 416 422 435 437 632 634 747|11 13 24 30 192 194 339 416 417 422 427 429 591 763
desequilibrio|5r1r/R1p1p3/4k3/1p5P/1P5P/2P1P3/8/4K3 b - - 0 26|19 21 24 30 32 247 323 422 435 437 632 634 747|11 13 30 192 194 339 408 416 422 427 429 591 763
desequilibrio|5r2/R1p1p3/4k2r/1p5P/1P5P/2P1P3/8/4K3 w - - 1 27|19 21 24 30 32 247 323 422 435 437 616 634 747|11 13 30 194 208 339 408 416 422 427 429 591 763
desequilibrio|5r2/4k3/5r2/1p5P/1P5P/2P1P3/8/4K3 w - - 0 29|19 21 24 30 32 323 422 618 634 755|30 194 210 331 408 416 422 427 429 763
desequilibrio|5r2/4k3/5r2/1p5P/1P5P/2P1P3/3K4/8 b - - 1 29|18 20 25 31 39 331 417 621 637 756|30 194 210 331 408 416 422 427 429 756
desequilibrio|5r2/4k3/r7/1p5P/1P5P/2P1P3/3K4/8 w - - 2 30|18 20 25 31 39 331 417 616 637 756|30 194 215 331 408 416 422 427 429 756
desequilibrio|5r2/4k3/r6P/1p6/1P5P/2P1P3/3K4/8 b - - 0 30|18 20 25 31 47 331 417 616 637 756|30 194 215 331 400 416 422 427 429 756
desequilibrio|5r2/4k3/7r/1p6/1P5P/2P1P3/3K4/8 w - - 0 31|18 20 25 31 331 417 623 637 756|30 194 208 331 416 422 427 429 756
desequilibrio|5r2/4k3/7r/1p6/1P2P2P/2P5/3K4/8 b - - 0 31|18 25 28 31 331 417 623 637 756|30 194 208 331 416 419 422 429 756
desequilibrio|5r2/4k2r/8/1p6/1P2P2P/2P5/3K4/8 w - - 1 32|18 25 28 31 331 417 631 637 756|30 194 200 331 416 419 422 429 756
desequilibrio|5r2/4k2r/8/1p2P3/1P5P/2P5/3K4/8 b - - 0 32|18 25 31 36 331 417 631 637 756|30 194 200 331 411 416 422 429 756
desequilibrio|7B/2p2k2/8/8/6nP/8/4K3/1R3BNR b - - 0 23|24 65 130 184 192 198 331 437 473 754|13 97 330 416 505 512 570 632 638 755
desequilibrio|6kB/2p5/8/8/6nP/8/4K3/1R3BNR w - - 1 24|24 65 130 184 192 198 331 437 473 761|13 97 321 416 505 512 570 632 638 755
desequilibrio|6kB/2p5/8/8/1R4nP/8/4K3/5BNR b - - 2 24|24 65 130 184 192 222 331 437 473 761|13 97 321 416 505 512 570 614 632 755
desequilibrio|7B/2p2k2/8/8/1R4nP/8/4K3/5BNR w - - 3 25|24 65 130 184 192 222 331 437 473 754|13 97 330 416 505 512 570 614 632 755
desequilibrio|7B/2p2k2/8/8/6RP/8/4K3/5BNR b - - 0 25|24 65 130 184 192 217 331 437 754|13 330 416 505 512 570 609 632 755
desequilibrio|7B/2p1k3/8/8/6RP/8/4K3/5BNR w - - 1 26|24 65 130 184 192 217 331 437 755|13 331 416 505 512 570 609 632 755
desequilibrio|7B/2p1k3/8/8/5R1P/8/4K3/5BNR b - - 2 26|24 65 130 184 192 218 331 437 755|13 331 416 505 512 570 610 632 755
desequilibrio|7B/4k3/8/2p5/7P/5R2/4K3/5BNR b - - 1 27|24 65 130 184 192 210 331 421 755|29 331 416 505 512 570 618 632 755
desequilibrio|4k2B/8/8/2p5/7P/5R2/4K3/5BNR w - - 2 28|24 65 130 184 192 210 331 421 763|29 323 416 505 512 570 618 632 755
desequilibrio|4k3/8/5B2/2p5/7P/5R2/4K3/5BNR b - - 3 28|24 65 130 170 192 210 331 421 763|29 323 416 505 530 570 618 632 755
desequilibrio|8/5k2/5B2/2p5/7P/5R2/4K3/5BNR w - - 4 29|24 65 130 170 192 210 331 421 754|29 330 416 505 530 570 618 632 755
desequilibrio|8/5k2/5B2/2p5/7P/6R1/4K3/5BNR b - - 5 29|24 65 130 170 192 209 331 421 754|29 330 416 505 530 570 617 632 755
desequilibrio|2r1k3/p1p1pp2/1n6/7p/1P3P2/4P2P/P1PK4/RN4Nq b - - 1 14|8 10 20 23 25 29 65 70 192 331 423 432 434 436 437 489 634 647 764|10 11 13 15 24 86 197 312 323 418 422 424 427 437 439 505 510 639 756
desequilibrio|2r1k3/p1p1pp2/1n6/7p/1P3P2/4P2P/P1PK4/RN4q1 w - - 0 15|8 10 20 23 25 29 65 192 331 423 432 434 436 437 489 634 646 764|10 11 13 15 24 86 197 313 323 418 422 424 427 437 439 510 639 756
desequilibrio|2r1k3/p1p1pp2/1n6/7p/1P2PP2/7P/P1PK4/RN4q1 b - - 0 15|8 10 23 25 28 29 65 192 331 423 432 434 436 437 489 634 646 764|10 11 13 15 24 86 197 313 323 418 419 422 424 437 439 510 639 756
desequilibrio|2r1k3/p1p1pp2/1n6/7p/1P2PP2/7P/P1PK4/RNq5 w - - 1 16|8 10 23 25 28 29 65 192 331 423 432 434 436 437 489 634 642 764|10 11 13 15 24 86 197 317 323 418 419 422 424 437 439 510 639 756
desequilibrio|4k3/4pp2/pn6/5P1p/P3P3/7P/2K5/RN6 b - - 0 21|23 24 28 37 65 192 330 423 424 436 437 489 764|10 11 23 24 86 323 410 419 423 424 510 639 757
desequilibrio|4k3/4pp2/p7/5P1p/n3P3/7P/2K5/RN6 w - - 0 22|23 28 37 65 192 330 423 424 436 437 472 764|10 11 23 24 103 323 410 419 424 510 639 757
desequilibrio|4k3/4pp2/p7/5P1p/n3P3/R6P/2K5/1N6 b - - 1 22|23 28 37 65 208 330 423 424 436 437 472 764|10 11 23 24 103 323 410 419 424 510 623 757
desequilibrio|4k3/5p2/p7/4pP1p/n3P3/7P/R1K5/1N6 b - - 1 23|23 28 37 65 200 330 420 423 424 437 472 764|10 23 24 27 103 323 410 419 424 510 631 757
desequilibrio|5k2/5p2/p7/4pP1p/n3P3/7P/R1K5/1N6 w - - 2 24|23 28 37 65 200 330 420 423 424 437 472 765|10 23 24 27 103 322 410 419 424 510 631 757
desequilibrio|5k2/5p2/p7/4pP1p/R3P3/7P/2K5/1N6 b - - 0 24|23 28 37 65 216 330 420 423 424 437 765|10 23 24 27 322 410 419 424 510 615 757
desequilibrio|4k3/5p2/p7/4pP1p/R3P3/7P/2K5/1N6 w - - 1 25|23 28 37 65 216 330 420 423 424 437 764|10 23 24 27 323 410 419 424 510 615 757
desequilibrio|4k3/5p2/p7/4pP1p/4P3/R6P/2K5/1N6 b - - 2 25|23 28 37 65 208 330 420 423 424 437 764|10 23 24 27 323 410 419 424 510 623 757
desequilibrio|5k2/5p2/p7/4pP1p/4P3/R6P/2K5/1N6 w - - 3 26|23 28 37 65 208 330 420 423 424 437 765|10 23 24 27 322 410 419 424 510 623 757
desequilibrio|5k2/5p2/R7/4pP1p/4P3/7P/2K5/1N6 b - - 0 26|23 28 37 65 232 330 420 423 437 765|10 24 27 322 410 419 424 510 599 757
desequilibrio|8/4kp2/R7/4pP1p/4P3/7P/2K5/1N6 w - - 1 27|23 28 37 65 232 330 420 423 437 756|10 24 27 331 410 419 424 510 599 757
desequilibrio|8/4kp2/4R3/4pP1p/4P3/7P/2K5/1N6 b - - 2 27|23 28 37 65 236 330 420 423 437 756|10 24 27 331 410 419 424 510 595 757
desequilibrio|8/4k3/4p3/4pP1p/4P3/7P/2K5/1N6 w - - 0 28|23 28 37 65 330 420 423 428 756|19 24 27 331 410 419 424 510 757
desequilibrio|1n3bnr/r3p1pp/1p2b3/6k1/4P3/2P4P/PP3P1P/RN1K1B1R b - - 1 13|8 9 13 15 18 23 28 65 133 192 199 323 425 436 438 439 505 510 556 573 624 639 742|8 9 11 22 65 70 130 147 192 207 345 419 424 429 432 434 438 439 510 570 632 639 764
desequilibrio|1n3bnr/r3p1pp/1p6/6k1/4P3/2P4b/PP3P1P/RN1K1B1R w - - 0 14|8 9 13 15 18 28 65 133 192 199 323 425 436 438 439 505 510 535 573 624 639 742|8 9 11 22 65 70 130 168 192 207 345 419 429 432 434 438 439 510 570 632 639 764
desequilibrio|1n3bnr/r3p1pp/1p6/6k1/4P3/N1P4b/PP3P1P/R2K1B1R b - - 1 14|8 9 13 15 18 28 80 133 192 199 323 425 436 438 439 505 510 535 573 624 639 742|8 9 11 22 65 70 130 168 192 207 345 419 429 432 434 438 439 495 570 632 639 764
desequilibrio|1n3bnr/3rp1pp/1p6/6k1/4P3/N1P4b/PP3P1P/R2K1B1R w - - 2 15|8 9 13 15 18 28 80 133 192 199 323 425 436 438 439 505 510 535 573 627 639 742|8 9 11 22 65 70 130 168 192 204 345 419 429 432 434 438 439 495 570 632 639 764
desequilibrio|1n3bnr/3rp1pp/1p6/6k1/4P3/N1P4b/PP3P1P/R3KB1R b - - 3 15|8 10 14 15 21 27 87 130 192 199 323 430 432 433 435 505 510 528 570 628 632 737|8 9 11 22 65 70 130 168 192 204 345 419 429 432 434 438 439 495 570 632 639 763
desequilibrio|1n3bnr/3rp1pp/1p6/6k1/4P3/N1P5/PP3P1P/R3Kb1R w - - 0 16|8 10 14 15 21 27 87 192 199 323 430 432 433 435 505 510 514 570 628 632 737|8 9 11 22 65 70 130 186 192 204 345 419 429 432 434 438 439 495 632 639 763
desequilibrio|1n3bnr/3rp1pp/1p6/6k1/4P3/N1P5/PP3P1P/R3KR2 b - - 0 16|8 10 14 15 21 27 87 194 199 323 430 432 433 435 505 510 570 628 632 737|8 9 11 22 65 70 130 192 204 345 419 429 432 434 438 439 495 634 639 763
desequilibrio|5bnr/3rp1pp/1pn5/6k1/4P3/N1P5/PP3P1P/R3KR2 w - - 1 17|8 10 14 15 21 27 87 194 199 323 430 432 433 435 493 505 570 628 632 737|8 9 11 22 65 85 130 192 204 345 419 429 432 434 438 439 495 634 639 763
desequilibrio|5bnr/3rp1pp/1pn5/1N4k1/4P3/2P5/PP3P1P/R3KR2 b - - 2 17|8 10 14 15 21 27 102 194 199 323 430 432 433 435 493 505 570 628 632 737|8 9 11 22 65 85 130 192 204 345 419 429 432 434 438 439 478 634 639 763
desequilibrio|5bnr/4p1pp/1pn5/1N4k1/4P3/2P5/PP3P1P/R2rKR2 w - - 3 18|8 10 14 15 21 27 102 194 199 323 430 432 433 435 493 505 570 580 632 737|8 9 11 22 65 85 130 192 252 345 419 429 432 434 438 439 478 634 639 763
desequilibrio|7r/6p1/1pnbp2k/4n3/7p/2P1K3/PP3P1P/1RR5 w - - 0 28|8 10 14 15 21 197 198 339 408 427 430 433 483 493 556 632 744|9 19 22 32 85 91 148 192 336 429 432 434 438 439 637 638 747
desequilibrio|7r/6p1/1pnbp2k/4n3/7p/P1P1K3/1P3P1P/1RR5 b - - 0 28|8 10 14 21 23 197 198 339 408 427 430 433 483 493 556 632 744|9 19 22 32 85 91 148 192 336 429 431 432 434 438 637 638 747
desequilibrio|7r/6p1/1pn1p2k/4n3/7p/b1P1K3/1P3P1P/1RR5 w - - 0 29|8 10 14 21 197 198 339 408 427 430 433 483 493 535 632 744|9 19 22 32 85 91 175 192 336 429 432 434 438 637 638 747
desequilibrio|7r/6p1/1pn1p2k/4n3/7p/b1P1K3/1P3P1P/R1R5 b - - 1 29|8 10 14 21 197 199 339 408 427 430 433 483 493 535 632 744|9 19 22 32 85 91 175 192 336 429 432 434 438 637 639 747
desequilibrio|7r/4n1p1/1p2p2k/4n3/7p/b1P1K3/1P3P1P/R1R5 w - - 2 30|8 10 14 21 197 199 339 408 427 430 433 483 499 535 632 744|9 19 22 32 75 91 175 192 336 429 432 434 438 637 639 747
desequilibrio|7r/4n1p1/1p2p2k/4n3/7p/b1P1K3/1P3P1P/R5R1 b - - 3 30|8 10 14 21 193 199 339 408 427 430 433 483 499 535 632 744|9 19 22 32 75 91 175 192 336 429 432 434 438 633 639 747
desequilibrio|7r/4n1p1/1p2p2k/4n3/7p/2P1K3/1b3P1P/R5R1 w - - 0 31|8 10 21 193 199 339 408 427 430 433 483 499 526 632 744|9 19 22 32 75 91 182 192 336 429 432 434 633 639 747
desequilibrio|7r/4n1R1/1p2p2k/4n3/7p/2P1K3/1b3P1P/R7 b - - 0 31|8 10 21 199 241 339 408 427 430 483 499 526 632 744|19 22 32 75 91 182 192 336 429 432 434 585 639 747
desequilibrio|7r/4n1R1/1p2p2k/4n3/7p/2P1K3/5P1P/b7 w - - 0 32|8 10 21 241 339 408 427 430 483 499 519 632 744|19 22 32 75 91 191 192 336 429 432 434 585 747
desequilibrio|7r/4R3/1p2p2k/4n3/7p/2P1K3/5P1P/b7 b - - 0 32|8 10 21 243 339 408 427 430 483 519 632 744|19 22 32 91 191 192 336 429 432 434 587 747
desequilibrio|6r1/4R3/1p2p2k/4n3/7p/2P1K3/5P1P/b7 w - - 1 33|8 10 21 243 339 408 427 430 483 519 633 744|19 22 32 91 191 193 336 429 432 434 587 747
desequilibrio|6r1/8/1p2R2k/4n3/7p/2P1K3/5P1P/b7 b - - 0 33|8 10 21 235 339 408 430 483 519 633 744|22 32 91 191 193 336 429 432 434 595 747
desequilibrio|6r1/6k1/1p2R3/4n3/7p/2P1K3/5P1P/b7 w - - 1 34|8 10 21 235 339 408 430 483 519 633 753|22 32 91 191 193 329 429 432 434 595 747
desequilibrio|8/5k2/8/p7/2P2K1p/8/5P1P/b5r1 w - - 0 38|8 10 29 346 408 423 519 577 754|31 32 191 249 330 421 432 434 738
desequilibrio|8/5k2/8/p4K2/2P4p/8/5P1P/b5r1 b - - 1 38|8 10 29 354 408 423 519 577 754|31 32 191 249 330 421 432 434 730
desequilibrio|8/5kb1/8/p4K2/2P4p/8/5P1P/6r1 w - - 2 39|8 10 29 354 408 423 561 577 754|31 32 137 249 330 421 432 434 730
desequilibrio|5b2/5k2/8/p4K2/2P2P1p/8/7P/6r1 w - - 1 40|8 26 29 354 408 423 570 577 754|31 32 130 249 330 418 421 432 730
desequilibrio|5b2/5k2/8/p3K3/2P2P1p/8/7P/6r1 b - - 2 40|8 26 29 355 408 423 570 577 754|31 32 130 249 330 418 421 432 731
desequilibrio|8/4bk2/8/p3K3/2P2P1p/8/7P/6r1 w - - 3 41|8 26 29 355 408 423 563 577 754|31 32 139 249 330 418 421 432 731
desequilibrio|8/4bk2/8/p4K2/2P2P1p/8/7P/6r1 b - - 4 41|8 26 29 354 408 423 563 577 754|31 32 139 249 330 418 421 432 730
desequilibrio|8/4bk2/8/p4K2/2P2P1p/6r1/7P/8 w - - 5 42|8 26 29 354 408 423 563 593 754|31 32 139 233 330 418 421 432 730
desequilibrio|8/4bk2/8/p1P2K2/5P1p/6r1/7P/8 b - - 0 42|8 26 37 354 408 423 563 593 754|31 32 139 233 330 413 418 432 730
desequilibrio|Rnbq1knr/1ppp1p1p/4p3/6p1/8/2P5/3PPPPR/2Q1KB2 b - - 1 11|9 10 11 12 21 130 200 255 261 323 417 427 432 434 436 437 438 505 510 573 632 700 762|8 10 12 13 14 19 25 65 70 133 192 260 322 429 433 434 435 436 570 583 624 701 763
desequilibrio|Rnbqk1nr/1ppp1p1p/4p3/6p1/8/2P5/3PPPPR/2Q1KB2 w - - 2 12|9 10 11 12 21 130 200 255 261 323 417 427 432 434 436 437 438 505 510 573 632 700 763|8 10 12 13 14 19 25 65 70 133 192 260 323 429 433 434 435 436 570 583 624 701 763
desequilibrio|Rnbqk1nr/1ppp1p1p/4p3/6p1/8/2P5/3PPPP1/2Q1KB1R b - - 3 12|9 10 11 12 21 130 192 255 261 323 417 427 432 434 436 437 438 505 510 573 632 700 763|8 10 12 13 14 19 25 65 70 133 192 260 323 429 433 434 435 436 570 583 632 701 763
desequilibrio|Rnb1k1nr/1pppqp1p/4p3/6p1/8/2P5/3PPPP1/2Q1KB1R w - - 4 13|9 10 11 12 21 130 192 255 261 323 417 427 432 434 436 437 438 505 510 573 632 691 763|8 10 12 13 14 19 25 65 70 133 192 267 323 429 433 434 435 436 570 583 632 701 763
desequilibrio|1nb1k1nr/Rpppqp1p/4p3/6p1/8/2P5/3PPPP1/2Q1KB1R b - - 5 13|9 10 11 12 21 130 192 247 261 323 417 427 432 434 436 437 438 505 510 573 632 691 763|8 10 12 13 14 19 25 65 70 133 192 267 323 429 433 434 435 436 570 591 632 701 763
desequilibrio|1nbk2nr/Rpppqp1p/4p3/6p1/8/2P5/3PPPP1/2Q1KB1R w - - 6 14|9 10 11 12 21 130 192 247 261 323 417 427 432 434 436 437 438 505 510 573 632 691 764|9 10 11 13 15 20 30 65 70 130 199 268 323 426 435 436 437 438 573 584 639 698 764
desequilibrio|1nbk2nr/Rpppqp1p/4p2R/6p1/8/2P5/3PPPP1/2Q1KB2 b - - 7 14|9 10 11 12 21 130 232 247 261 323 417 427 432 434 436 437 438 505 510 573 632 691 764|9 10 11 13 15 20 30 65 70 130 199 268 323 426 435 436 437 438 573 584 599 698 764
desequilibrio|1nbk3r/Rpppqp1p/4p2n/6p1/8/2P5/3PPPP1/2Q1KB2 w - - 0 15|9 10 11 12 21 130 247 261 323 417 427 432 434 436 437 438 488 510 573 632 691 764|9 10 11 13 15 20 30 65 87 130 199 268 323 426 435 436 437 438 573 584 698 764
desequilibrio|1nbk3r/1pppqp1p/4p2n/6p1/8/2P5/3PPPP1/R1Q1KB2 b - - 1 15|9 10 11 12 21 130 199 261 323 417 427 432 434 436 437 438 488 510 573 632 691 764|9 10 11 13 15 20 30 65 87 130 199 268 323 426 435 436 437 438 573 632 698 764
desequilibrio|1nbk3r/1pppqp1p/4p3/5np1/8/2P5/3PPPP1/R1Q1KB2 w - - 2 16|9 10 11 12 21 130 199 261 323 417 427 432 434 436 437 438 482 510 573 632 691 764|9 10 11 13 15 20 30 65 93 130 199 268 323 426 435 436 437 438 573 632 698 764
desequilibrio|1nbk3r/1pppqp1p/4p3/5n2/5p2/2P5/3PP1P1/R1Q1KB2 w - - 0 17|9 11 12 21 130 199 261 323 410 427 432 434 436 437 438 482 510 573 632 691 764|9 10 11 13 15 20 37 65 93 130 199 268 323 426 435 436 438 573 632 698 764
desequilibrio|1nbk3r/1pppqp1p/4p3/5n2/R4p2/2P5/3PP1P1/2Q1KB2 b - - 1 17|9 11 12 21 130 223 261 323 410 427 432 434 436 437 438 482 510 573 632 691 764|9 10 11 13 15 20 37 65 93 130 199 268 323 426 435 436 438 573 608 698 764
desequilibrio|1nbk3r/1pppqpnp/4p3/8/R4p2/2P5/3PP1P1/2Q1KB2 w - - 2 18|9 11 12 21 130 223 261 323 410 427 432 434 436 437 438 497 510 573 632 691 764|9 10 11 13 15 20 37 65 78 130 199 268 323 426 435 436 438 573 608 698 764
desequilibrio|1nbk3r/1pppqpnp/4p3/8/5p2/2P5/R2PP1P1/2Q1KB2 b - - 3 18|9 11 12 21 130 207 261 323 410 427 432 434 436 437 438 497 510 573 632 691 764|9 10 11 13 15 20 37 65 78 130 199 268 323 426 435 436 438 573 624 698 764
desequilibrio|1nbk3r/1ppp1pnp/4p3/8/1q3p2/2P5/R2PP1P1/2Q1KB2 w - - 4 19|9 11 12 21 130 207 261 323 410 427 432 434 436 437 438 497 510 573 632 670 764|9 10 11 13 15 20 37 65 78 130 199 289 323 426 435 436 438 573 624 698 764
desequilibrio|1nb1kr2/2pp1pQ1/4p3/1p6/1P3p2/8/R2PP1P1/4KB2 b - - 0 22|9 11 12 30 130 207 305 323 410 422 427 434 436 437 510 573 634 763|10 12 13 19 30 34 70 133 194 323 422 433 435 436 570 631 649 763
desequilibrio|1nb1kr2/2p2pQ1/3pp3/1p6/1P3p2/8/R2PP1P1/4KB2 w - - 0 23|9 11 12 30 130 207 305 323 410 422 427 428 434 437 510 573 634 763|10 13 19 20 30 34 70 133 194 323 422 433 435 436 570 631 649 763
desequilibrio|1nb1kr2/2p2p2/3pp2Q/1p6/1P3p2/8/R2PP1P1/4KB2 b - - 1 23|9 11 12 30 130 207 296 323 410 422 427 428 434 437 510 573 634 763|10 13 19 20 30 34 70 133 194 323 422 433 435 436 570 631 656 763
desequilibrio|1n2kr2/1bp2p2/3pp2Q/1p6/1P3p2/8/R2PP1P1/4KB2 w - - 2 24|9 11 12 30 130 207 296 323 410 422 427 428 434 437 510 566 634 763|10 13 19 20 30 34 70 142 194 323 422 433 435 436 570 631 656 763
desequilibrio|1n2kQ2/1bp2p2/3pp3/1p6/1P3p2/8/R2PP1P1/4KB2 b - - 0 24|9 11 12 30 130 207 314 323 410 422 427 428 434 437 510 566 763|10 13 19 20 30 34 70 142 323 422 433 435 436 570 631 642 763
desequilibrio|Rn3k2/2p2p2/3pp3/1p6/1P3p2/8/3PP1P1/4KB2 b - - 0 26|9 11 12 30 130 255 323 410 422 427 428 434 437 510 762|10 13 19 20 30 34 70 322 422 433 435 436 570 583 763
desequilibrio|Rn3k2/2p2p2/3p4/1p2p3/1P3p2/8/3PP1P1/4KB2 w - - 0 27|9 11 12 30 130 255 323 410 419 422 428 434 437 510 762|10 13 20 27 30 34 70 322 422 433 435 436 570 583 763
desequilibrio|1n3k2/2p2p2/3p4/1p2p3/1P3p2/R7/3PP1P1/4KB2 b - - 1 27|9 11 12 30 130 215 323 410 419 422 428 434 437 510 762|10 13 20 27 30 34 70 322 422 433 435 436 570 623 763
desequilibrio|5k2/2p2p2/2np4/1p2p3/1P3p2/R7/3PP1P1/4KB2 w - - 2 28|9 11 12 30 130 215 323 410 419 422 428 434 437 493 762|10 13 20 27 30 34 85 322 422 433 435 436 570 623 763
desequilibrio|5k2/2p2p2/2np4/1p2p3/1P3p2/2R5/3PP1P1/4KB2 b - - 3 28|9 11 12 30 130 213 323 410 419 422 428 434 437 493 762|10 13 20 27 30 34 85 322 422 433 435 436 570 621 763
desequilibrio|5k2/2p2p2/3p4/1p2p3/1P1n1p2/2R5/3PP1P1/4KB2 w - - 4 29|9 11 12 30 130 213 323 410 419 422 428 434 437 476 762|10 13 20 27 30 34 100 322 422 433 435 436 570 621 763
desequilibrio|5k2/2R2p2/3p4/1p2p3/1P1n1p2/8/3PP1P1/4KB2 b - - 0 29|9 11 12 30 130 245 323 410 419 422 428 434 476 762|10 20 27 30 34 100 322 422 433 435 436 570 589 763
desequilibrio|5k2/2R5/3p4/1p2pp2/1P1n1p2/8/3PP1P1/3K1B2 b - - 1 30|11 12 14 25 133 242 323 413 417 420 421 427 475 765|20 26 27 30 34 100 322 422 433 435 436 570 589 764
desequilibrio|5k2/2R5/8/1p1ppp2/1P1n1p2/8/3PP1P1/3K1B2 w - - 0 31|11 12 14 25 133 242 323 413 417 419 420 421 475 765|26 27 28 30 34 100 322 422 433 435 436 570 589 764
desequilibrio|5k2/4R3/8/1p1ppp2/1P1n1p2/8/3PP1P1/3K1B2 b - - 1 31|11 12 14 25 133 244 323 413 417 419 420 421 475 765|26 27 28 30 34 100 322 422 433 435 436 570 587 764
desequilibrio|5k2/4R3/8/1p1p1p2/1P1npp2/8/3PP1P1/3K1B2 w - - 0 32|11 12 14 25 133 244 323 412 413 417 419 421 475 765|26 28 30 34 35 100 322 422 433 435 436 570 587 764
desequilibrio|5k2/1R6/8/1p1p1p2/1P1npp2/8/3PP1P1/3K1B2 b - - 1 32|11 12 14 25 133 241 323 412 413 417 419 421 475 765|26 28 30 34 35 100 322 422 433 435 436 570 590 764
desequilibrio|6k1/1R6/8/1p1p1p2/1P1npp2/8/3PP1P1/3K1B2 w - - 2 33|11 12 14 25 133 241 323 412 413 417 419 421 475 766|26 28 30 34 35 100 321 422 433 435 436 570 590 764
desequilibrio|6k1/6R1/8/1p1p1p2/1P1npp2/8/3PP1P1/3K1B2 b - - 3 33|11 12 14 25 133 246 323 412 413 417 419 421 475 766|26 28 30 34 35 100 321 422 433 435 436 570 585 764
desequilibrio|5k2/6R1/8/1p1p1p2/1P1npp2/8/3PP1P1/3K1B2 w - - 4 34|11 12 14 25 133 246 323 412 413 417 419 421 475 765|26 28 30 34 35 100 322 422 433 435 436 570 585 764
desequilibrio|5k2/6R1/8/1p1p1p2/1P1npp2/6P1/3PP3/3K1B2 b - - 0 34|11 12 22 25 133 246 323 412 413 417 419 421 475 765|26 28 30 34 35 100 322 422 425 435 436 570 585 764
desequilibrio|5k2/6R1/8/1p1p1p2/1P1np3/6p1/3PP3/3K1B2 w - - 0 35|11 12 25 133 246 323 406 412 417 419 421 475 765|26 28 30 35 41 100 322 422 435 436 570 585 764
desequilibrio|5k2/8/8/1p1p1p2/1P1np3/6R1/3PP3/3K1B2 b - - 0 35|11 12 25 133 214 323 412 417 419 421 475 765|26 28 30 35 100 322 422 435 436 570 617 764
desequilibrio|5k2/8/8/1p1p1p2/1P2p3/6R1/3Pn3/3K1B2 w - - 0 36|11 25 133 214 323 412 417 419 421 460 765|26 28 30 35 115 322 422 436 570 617 764
desequilibrio|5k2/8/8/1p1p1p2/1P2p3/6R1/3PB3/3K4 b - - 0 36|11 25 140 214 323 412 417 419 421 765|26 28 30 35 322 422 436 563 617 764
desequilibrio|8/4k3/8/1p1p1p2/1P2p3/6R1/3PB3/3K4 w - - 1 37|11 25 140 214 323 412 417 419 421 756|26 28 30 35 331 422 436 563 617 764
desequilibrio|8/4k1R1/8/1p1p1p2/1P2p3/8/3PB3/3K4 b - - 2 37|11 25 140 246 323 412 417 419 421 756|26 28 30 35 331 422 436 563 585 764
desequilibrio|8/6R1/4k3/1p1p1p2/1P2p3/8/3PB3/3K4 w - - 3 38|11 25 140 246 323 412 417 419 421 748|26 28 30 35 339 422 436 563 585 764
desequilibrio|8/8/4k3/1p1p1p2/1P2p3/8/3PB1R1/3K4 b - - 4 38|11 25 140 206 323 412 417 419 421 748|26 28 30 35 339 422 436 563 625 764
desequilibrio|8/8/4k3/1p1p4/1P2pp2/8/3PB1R1/3K4 w - - 0 39|11 25 140 206 323 412 413 417 419 748|28 30 34 35 339 422 436 563 625 764
desequilibrio|8/8/4k3/1B1p4/1P2pp2/8/3P2R1/3K4 b - - 0 39|11 25 161 206 323 412 413 419 748|28 34 35 339 422 436 542 625 764
desequilibrio|8/5k2/8/1B1p4/1P2pp2/8/3P2R1/3K4 w - - 1 40|11 25 161 206 323 412 413 419 757|28 34 35 330 422 436 542 625 764
desequilibrio|8/5k2/8/1B1p4/1P2pp2/3P4/6R1/3K4 b - - 0 40|19 25 161 206 323 412 413 419 757|28 34 35 330 422 428 542 625 764
desequilibrio|2bq1b1r/p1pk1p2/p3pn2/3p2B1/4P1PP/5N2/P1PKQP2/RN5R b - - 0 14|8 10 13 28 30 31 65 85 166 192 199 268 331 419 424 428 432 434 437 493 570 573 639 699 755|8 10 13 16 20 27 85 130 133 199 259 331 420 422 423 432 434 437 493 505 542 632 639 692 755
desequilibrio|2bq1b2/p1pk1p2/p3pn2/3p2B1/4P1Pr/5N2/P1PKQP2/RN5R w - - 0 15|8 10 13 28 30 65 85 166 192 199 268 331 419 424 428 432 434 437 493 570 573 607 699 755|8 10 13 16 20 27 85 130 133 231 259 331 420 422 432 434 437 493 505 542 632 639 692 755
desequilibrio|2bq1b2/p1pk1p2/p3pn2/3p4/4P1PB/5N2/P1PKQP2/RN5R b - - 0 15|8 10 13 28 30 65 85 159 192 199 268 331 419 424 428 432 434 437 493 570 573 699 755|8 10 13 16 20 27 85 130 133 259 331 420 422 432 434 437 493 505 551 632 639 692 755
desequilibrio|2bq4/p1pk1pb1/p3pn2/3p4/4P1PB/5N2/P1PKQP2/RN5R w - - 1 16|8 10 13 28 30 65 85 159 192 199 268 331 419 424 428 432 434 437 493 566 570 699 755|8 10 13 16 20 27 85 130 142 259 331 420 422 432 434 437 493 505 551 632 639 692 755
desequilibrio|2bq4/p1pk1pb1/Q3pn2/3p4/4P1PB/5N2/P1PK1P2/RN5R b - - 0 16|8 10 13 28 30 65 85 159 192 199 296 331 419 428 432 434 437 493 566 570 699 755|8 10 13 20 27 85 130 142 259 331 420 422 432 434 437 493 505 551 632 639 656 755
desequilibrio|2bq3b/p1pk1p2/Q3pn2/3p4/4P1PB/5N2/P1PK1P2/RN5R w - - 1 17|8 10 13 28 30 65 85 159 192 199 296 331 419 428 432 434 437 493 570 575 699 755|8 10 13 20 27 85 130 135 259 331 420 422 432 434 437 493 505 551 632 639 656 755
desequilibrio|2bq3b/p1pk1p2/2Q1pn2/3p4/4P1PB/5N2/P1PK1P2/RN5R b - - 2 17|8 10 13 28 30 65 85 159 192 199 298 331 419 428 432 434 437 493 570 575 699 755|8 10 13 20 27 85 130 135 259 331 420 422 432 434 437 493 505 551 632 639 658 755
desequilibrio|3q3b/p1p2p2/2k2n2/8/2Pp3B/N4b2/P2K1P1R/R7 w - - 0 22|8 13 26 80 159 192 207 331 411 432 434 437 493 533 575 699 746|8 10 13 35 85 135 173 259 338 418 432 437 488 551 631 632 755
desequilibrio|3q3b/p1p2p2/2k2n2/6B1/2Pp4/N4b2/P2K1P1R/R7 b - - 1 22|8 13 26 80 166 192 207 331 411 432 434 437 493 533 575 699 746|8 10 13 35 85 135 173 259 338 418 432 437 488 542 631 632 755
desequilibrio|3q3b/p1p2p2/2k2n2/6B1/2P5/N2p1b2/P2K1P1R/R7 w - - 0 23|8 13 26 80 166 192 207 331 403 432 434 437 493 533 575 699 746|8 10 13 43 85 135 173 259 338 418 432 437 488 542 631 632 755
desequilibrio|3q3b/p1p2p2/2k2n2/6B1/2P5/N2p1b2/P4P1R/R1K5 b - - 1 23|8 13 26 80 166 192 207 322 403 432 434 437 493 533 575 699 746|8 10 13 43 85 135 173 259 338 418 432 437 488 542 631 632 762
desequilibrio|3q3b/p1p2p2/2k2n2/6B1/2P5/N2p4/P4P1R/R1K4b w - - 2 24|8 13 26 80 166 192 207 322 403 432 434 437 493 519 575 699 746|8 10 13 43 85 135 191 259 338 418 432 437 488 542 631 632 762
desequilibrio|3q3b/p1p2p2/2k2n1B/8/2P5/N2p4/P4P1R/R1K4b b - - 3 24|8 13 26 80 175 192 207 322 403 432 434 437 493 519 575 699 746|8 10 13 43 85 135 191 259 338 418 432 437 488 535 631 632 762
desequilibrio|7b/p1p1qp2/2k2n1B/8/2P5/N2p4/P4P1R/R1K4b w - - 4 25|8 13 26 80 175 192 207 322 403 432 434 437 493 519 575 692 746|8 10 13 43 85 135 191 268 338 418 432 437 488 535 631 632 762
desequilibrio|7b/p1p2p2/2k2n1B/8/2P5/q2p4/P4P2/R1K4R w - - 0 26|8 13 26 175 192 199 322 403 432 434 437 493 575 656 746|8 10 13 43 85 135 296 338 418 432 437 535 632 639 762
desequilibrio|7b/p1p2p2/2k2n1B/8/2P5/q2p4/P4P2/R2K3R b - - 1 26|8 13 26 175 192 199 323 403 432 434 437 493 575 656 746|8 10 13 43 85 135 296 338 418 432 437 535 632 639 763
desequilibrio|7b/p1p2p2/3k1n1B/8/2P5/q2p4/P4P2/R2K3R w - - 2 27|8 13 26 175 192 199 323 403 432 434 437 493 575 656 747|8 10 13 43 85 135 296 339 418 432 437 535 632 639 763
desequilibrio|7b/p1p2p2/3k1n1B/8/2P5/q2p1P2/P7/R2K3R b - - 0 27|8 21 26 175 192 199 323 403 432 434 437 493 575 656 747|8 10 13 43 85 135 296 339 418 429 432 535 632 639 763
desequilibrio|7b/p1p2p2/3k1n1B/8/2P5/3p1P2/q7/R2K3R w - - 0 28|21 26 175 192 199 323 403 432 434 437 493 575 648 747|8 10 13 43 85 135 304 339 418 429 535 632 639 763
desequilibrio|7b/p1p2p2/3k1n1B/8/2P5/3p1P2/R7/3K3R b - - 0 28|21 26 175 199 200 323 403 432 434 437 493 575 747|8 10 13 43 85 135 339 418 429 535 624 639 763
desequilibrio|7b/p1p2p2/2k2n1B/8/2P5/3p1P2/R7/3K3R w - - 1 29|21 26 175 199 200 323 403 432 434 437 493 575 746|8 10 13 43 85 135 338 418 429 535 624 639 763
desequilibrio|7b/R1p2p2/2k2n1B/8/2P5/3p1P2/8/3K3R b - - 0 29|21 26 175 199 240 323 403 434 437 493 575 746|10 13 43 85 135 338 418 429 535 584 639 763
desequilibrio|4n2b/R1p2p2/2k4B/8/2P5/3p1P2/8/3K3R w - - 1 30|21 26 175 199 240 323 403 434 437 508 575 746|10 13 43 68 135 338 418 429 535 584 639 763
desequilibrio|4n2b/2p2p2/2k4B/8/2P5/3p1P2/R7/3K3R b - - 2 30|21 26 175 199 200 323 403 434 437 508 575 746|10 13 43 68 135 338 418 429 535 624 639 763
desequilibrio|4n2b/2pk1p2/7B/8/2P5/3p1P2/R7/3K3R w - - 3 31|21 26 175 199 200 323 403 434 437 508 575 755|10 13 43 68 135 331 418 429 535 624 639 763
desequilibrio|4n2b/2pk1p2/8/6B1/2P5/3p1P2/R7/3K3R b - - 4 31|21 26 166 199 200 323 403 434 437 508 575 755|10 13 43 68 135 331 418 429 542 624 639 763
desequilibrio|4n3/2pk1pb1/8/6B1/2P5/3p1P2/R7/3K3R w - - 5 32|21 26 166 199 200 323 403 434 437 508 566 755|10 13 43 68 142 331 418 429 542 624 639 763
desequilibrio|4n3/2pk1pb1/8/6B1/2P5/3p1P2/R6R/3K4 b - - 6 32|21 26 166 200 207 323 403 434 437 508 566 755|10 13 43 68 142 331 418 429 542 624 631 763
desequilibrio|4n3/3k1pb1/8/2p3B1/2P5/R2p1P2/7R/3K4 b - - 1 33|21 26 166 207 208 323 403 418 437 508 566 755|13 26 43 68 142 331 418 429 542 616 631 763
desequilibrio|4n3/2k2pb1/8/2p3B1/2P5/R2p1P2/7R/3K4 w - - 2 34|21 26 166 207 208 323 403 418 437 508 566 754|13 26 43 68 142 330 418 429 542 616 631 763
desequilibrio|4n3/2k2pb1/8/2p3B1/2P5/3R1P2/7R/3K4 b - - 0 34|21 26 166 207 211 323 418 437 508 566 754|13 26 68 142 330 418 429 542 619 631 763
desequilibrio|2k1n3/5pb1/8/2p3B1/2P5/3R1P2/7R/3K4 w - - 1 35|21 26 166 207 211 323 418 437 508 566 762|13 26 68 142 322 418 429 542 619 631 763
desequilibrio|2k1n3/5pb1/8/2p3B1/2P4R/3R1P2/8/3K4 b - - 2 35|21 26 166 211 223 323 418 437 508 566 762|13 26 68 142 322 418 429 542 615 619 763
desequilibrio|2k5/2n2pb1/8/2p3B1/2P4R/3R1P2/8/3K4 w - - 3 36|21 26 166 211 223 323 418 437 498 566 762|13 26 74 142 322 418 429 542 615 619 763
desequilibrio|2k5/2n2pb1/8/2p3B1/2P4R/2R2P2/8/3K4 b - - 4 36|21 26 166 210 223 323 418 437 498 566 762|13 26 74 142 322 418 429 542 615 618 763
desequilibrio|2k5/8/1R6/b1pP1pB1/8/5P2/8/3K4 b - - 0 40|21 35 166 233 323 418 421 544 762|26 29 152 322 411 429 542 593 763
desequilibrio|8/2k5/1R6/b1pP1pB1/8/5P2/8/3K4 w - - 1 41|21 35 166 233 323 418 421 544 754|26 29 152 330 411 429 542 593 763
desequilibrio|8/2k5/8/bRpP1pB1/8/5P2/8/3K4 b - - 2 41|21 35 166 225 323 418 421 544 754|26 29 152 330 411 429 542 601 763
desequilibrio|8/2k5/8/1RpP1pB1/8/5P2/8/3Kb3 w - - 3 42|21 35 166 225 323 418 421 516 754|26 29 188 330 411 429 542 601 763
desequilibrio|r4bnr/p1p1q3/2p1k3/3p3p/P3N3/8/1PPPP3/R1BQ1K2 w - - 0 17|11 12 13 14 31 91 133 199 260 322 416 420 429 437 439 505 570 632 639 691 747|13 15 21 24 28 65 130 192 199 267 339 423 435 436 437 438 483 573 639 700 762
desequilibrio|r4bnr/p1p1q3/2p1k3/3p3p/P3N3/8/1PPPP3/R1BQ2K1 b - - 1 17|11 12 13 14 31 91 133 199 260 321 416 420 429 437 439 505 570 632 639 691 747|13 15 21 24 28 65 130 192 199 267 339 423 435 436 437 438 483 573 639 700 761
desequilibrio|r4bnr/p1p1q3/2p1k3/7p/P3p3/8/1PPPP3/R1BQ2K1 w - - 0 18|11 12 13 14 31 133 199 260 321 411 416 429 437 439 505 570 632 639 691 747|13 15 21 24 35 65 130 192 199 267 339 423 435 436 437 438 573 639 700 761
desequilibrio|r4bnr/p1p1q3/2p1k3/7p/P3p3/8/1PPPP2K/R1BQ4 b - - 1 18|11 12 13 14 31 133 199 260 328 411 416 429 437 439 505 570 632 639 691 747|13 15 21 24 35 65 130 192 199 267 339 423 435 436 437 438 573 639 700 752
desequilibrio|4rbnr/p1p1q3/2p1k3/7p/P3p3/8/1PPPP2K/R1BQ4 w - - 2 19|11 12 13 14 31 133 199 260 328 411 416 429 437 439 505 570 632 635 691 747|13 15 21 24 35 65 130 192 195 267 339 423 435 436 437 438 573 639 700 752
desequilibrio|4rbnr/p1p1q3/2p1k3/7p/P3p3/8/1PPPP2K/R1B1Q3 b - - 3 19|11 12 13 14 31 133 199 259 328 411 416 429 437 439 505 570 632 635 691 747|13 15 21 24 35 65 130 192 195 267 339 423 435 436 437 438 573 639 699 752
desequilibrio|4rbnr/2p1q3/p1p1k3/7p/P3p3/8/1PPPP2K/R1B1Q3 w - - 0 20|11 12 13 14 31 133 199 259 328 411 416 429 431 437 505 570 632 635 691 747|13 21 23 24 35 65 130 192 195 267 339 423 435 436 437 438 573 639 699 752
desequilibrio|4rbnr/2p1q3/p1p1k3/7p/P3p3/2P5/1P1PP2K/R1B1Q3 b - - 0 20|11 12 14 21 31 133 199 259 328 411 416 429 431 437 505 570 632 635 691 747|13 21 23 24 35 65 130 192 195 267 339 423 429 435 436 438 573 639 699 752
desequilibrio|4rbnr/2p1q3/p1p2k2/7p/P3p3/2P5/1P1PP2K/R1B1Q3 w - - 1 21|11 12 14 21 31 133 199 259 328 411 416 429 431 437 505 570 632 635 691 746|13 21 23 24 35 65 130 192 195 267 338 423 429 435 436 438 573 639 699 752
desequilibrio|4rbnr/2p5/p1p2k2/7p/Pq2p3/2P5/3PP2K/R1B1Q3 w - - 0 22|11 12 21 31 133 199 259 328 411 416 429 431 437 505 570 632 635 670 746|13 21 23 24 35 65 130 192 195 294 338 423 429 435 436 573 639 699 752
desequilibrio|4rbnr/2p5/p1p2k2/P6p/1q2p3/2P5/3PP2K/R1B1Q3 b - - 0 22|11 12 21 39 133 199 259 328 411 416 429 431 437 505 570 632 635 670 746|13 21 23 24 35 65 130 192 195 294 338 415 429 435 436 573 639 699 752
desequilibrio|4r1nr/2p5/p1p2k1b/P6p/1q2p3/2P5/3PP2K/R1B1Q3 w - - 1 23|11 12 21 39 133 199 259 328 411 416 429 431 437 505 552 632 635 670 746|13 21 23 24 35 65 144 192 195 294 338 415 429 435 436 573 639 699 752
desequilibrio|8/2p4r/4Rk1n/P6p/1P6/8/4P2K/4Q3 b - - 0 29|11 30 39 235 259 328 416 437 488 624 746|13 24 80 200 338 415 422 435 595 699 752
desequilibrio|8/2p1k2r/8/P6p/1P4Q1/8/4P2K/8 b - - 0 32|11 30 39 281 328 416 437 624 755|13 24 200 331 415 422 435 673 752
desequilibrio|8/2p1k2r/8/P7/1P4p1/8/4P2K/8 w - - 0 33|11 30 39 328 409 437 624 755|13 33 200 331 415 422 435 752
desequilibrio|8/2p1k2r/8/P7/1P4p1/8/4P1K1/8 b - - 1 33|11 30 39 329 409 437 624 755|13 33 200 331 415 422 435 753
desequilibrio|5k2/2p4r/8/P7/1P4p1/8/4P1K1/8 w - - 2 34|11 30 39 329 409 437 624 762|13 33 200 322 415 422 435 753
desequilibrio|5k2/2p4r/8/P7/1P4p1/4P3/6K1/8 b - - 0 34|19 30 39 329 409 437 624 762|13 33 200 322 415 422 427 753
desequilibrio|4k3/2p4r/8/P7/1P4p1/4P3/6K1/8 w - - 1 35|19 30 39 329 409 437 624 763|13 33 200 323 415 422 427 753
desequilibrio|4k3/2p4r/8/PP6/6p1/4P3/6K1/8 b - - 0 35|19 38 39 329 409 437 624 763|13 33 200 323 414 415 427 753
desequilibrio|4k3/2p2r2/8/PP6/6p1/4P3/6K1/8 w - - 1 36|19 38 39 329 409 437 626 763|13 33 202 323 414 415 427 753
desequilibrio|4k3/2p2r2/P7/1P6/6p1/4P3/6K1/8 b - - 0 36|19 38 47 329 409 437 626 763|13 33 202 323 407 414 427 753
desequilibrio|4k3/2p5/P7/1P3r2/6p1/4P3/6K1/8 w - - 1 37|19 38 47 329 409 437 610 763|13 33 218 323 407 414 427 753
desequilibrio|4k3/2p5/P7/1P3r2/4P1p1/8/6K1/8 b - - 0 37|27 38 47 329 409 437 610 763|13 33 218 323 407 414 419 753
desequilibrio|4k3/2p5/P7/1P2r3/4P1p1/8/6K1/8 w - - 1 38|27 38 47 329 409 437 611 763|13 33 219 323 407 414 419 753
desequilibrio|1rk5/8/8/8/8/5p2/6K1/8 w - - 0 49|329 402 638 765|45 193 322 758
desequilibrio|1rk5/8/8/8/8/5p2/8/6K1 b - - 1 49|321 402 638 765|45 193 322 766
desequilibrio|1r6/1k6/8/8/8/5p2/8/6K1 w - - 2 50|321 402 638 758|45 193 329 766
desequilibrio|1r6/1k6/8/8/8/5p2/7K/8 b - - 3 50|328 402 638 758|45 193 329 759
desequilibrio|1rk5/8/8/8/8/5p2/7K/8 w - - 4 51|328 402 638 765|45 193 322 759
desequilibrio|1rk5/8/8/8/8/5pK1/8/8 b - - 5 51|337 402 638 765|45 193 322 750
desequilibrio|2k5/8/8/8/8/8/5K2/6r1 b - - 0 54|330 577 765|254 322 757
desequilibrio|2k5/8/8/8/8/8/5K2/r7 w - - 1 55|330 583 765|248 322 757
desequilibrio|2k5/8/8/8/8/8/4K3/r7 b - - 2 55|331 583 765|248 322 756
desequilibrio|2k5/8/8/8/8/8/4K3/7r w - - 3 56|331 576 765|255 322 756
desequilibrio|2k5/8/8/8/8/3K4/8/7r b - - 4 56|339 583 762|255 322 747
desequilibrio|2k5/8/8/8/8/3K4/8/6r1 w - - 5 57|339 582 762|254 322 747
desequilibrio|2k5/8/8/8/8/8/2K5/6r1 b - - 6 57|330 582 762|254 322 754
desequilibrio|2k5/8/8/8/8/8/2K5/1r6 w - - 7 58|330 577 762|249 322 754
desequilibrio|2k5/8/8/8/8/3K4/8/1r6 b - - 8 58|339 577 762|249 322 747
desequilibrio|2k5/8/8/1r6/8/3K4/8/8 w - - 9 59|339 609 762|217 322 747
desequilibrio|2k5/8/8/1r6/2K5/8/8/8 b - - 10 59|346 609 762|217 322 738
desequilibrio|2k5/8/8/7r/2K5/8/8/8 w - - 11 60|346 615 762|223 322 738
desequilibrio|2k5/8/8/7r/3K4/8/8/8 b - - 12 60|347 615 762|223 322 739
desequilibrio|8/2k5/8/7r/3K4/8/8/8 w - - 13 61|347 615 754|223 330 739
desequilibrio|8/2k5/8/7r/8/2K5/8/8 b - - 14 61|338 615 754|223 330 746
desequilibrio|8/3k4/8/7r/8/2K5/8/8 w - - 15 62|338 615 755|223 331 746
desequilibrio|8/3k4/8/7r/8/8/2K5/8 b - - 16 62|330 615 755|223 331 754
desequilibrio|8/3k3r/8/8/8/8/2K5/8 w - - 17 63|330 631 755|207 331 754
desequilibrio|8/3k3r/8/8/8/8/1K6/8 b - - 18 63|329 631 755|207 331 753
desequilibrio|7r/3k4/8/8/8/8/1K6/8 w - - 19 64|329 639 755|199 331 753
desequilibrio|7r/3k4/8/8/8/2K5/8/8 b - - 20 64|338 639 755|199 331 746
desequilibrio|6r1/3k4/8/8/8/2K5/8/8 w - - 21 65|338 638 755|198 331 746
desequilibrio|6r1/3k4/8/8/8/1K6/8/8 b - - 22 65|337 638 755|198 331 745
desequilibrio|5r2/3k4/8/8/8/1K6/8/8 w - - 23 66|337 637 755|197 331 745
desequilibrio|5r2/3k4/8/8/8/8/K7/8 b - - 24 66|328 637 755|197 331 752
desequilibrio|8/3k4/5r2/8/8/8/K7/8 w - - 25 67|328 621 755|213 331 752
desequilibrio|8/3k4/5r2/8/8/K7/8/8 b - - 26 67|336 621 755|213 331 744
desequilibrio|8/4k3/5r2/8/8/K7/8/8 w - - 27 68|336 621 756|210 331 751
desequilibrio|8/4k3/5r2/8/8/1K6/8/8 b - - 28 68|337 621 756|210 331 750
desequilibrio|8/4k3/3r4/8/8/1K6/8/8 w - - 29 69|337 619 756|212 331 750
desequilibrio|8/4k3/3r4/8/8/8/K7/8 b - - 30 69|328 619 756|212 331 759
desequilibrio|8/4k3/8/8/8/8/K7/3r4 w - - 31 70|328 579 756|252 331 759
desequilibrio|8/4k3/8/8/8/8/1K6/3r4 b - - 32 70|329 579 756|252 331 758
desequilibrio|8/4k3/8/8/8/8/1K6/4r3 w - - 33 71|329 580 756|251 331 758
desequilibrio|8/4k3/8/8/8/K7/8/4r3 b - - 34 71|336 580 756|251 331 751
desequilibrio|8/4k3/8/8/8/K7/8/5r2 w - - 35 72|336 581 756|250 331 751
desequilibrio|8/4k3/8/8/K7/8/8/5r2 b - - 36 72|344 581 756|250 331 743
desequilibrio|8/4k3/8/8/K7/8/8/1r6 w - - 37 73|344 577 756|254 331 743
desequilibrio|8/4k3/8/8/8/K7/8/1r6 b - - 38 73|336 577 756|254 331 751
desequilibrio|8/4k3/8/8/8/K7/8/6r1 w - - 39 74|336 582 756|249 331 751
desequilibrio|8/4k3/8/8/8/1K6/8/6r1 b - - 40 74|337 582 756|249 331 750
desequilibrio|8/5k2/8/8/8/1K6/8/6r1 w - - 41 75|337 582 757|249 330 750
desequilibrio|8/5k2/8/8/8/2K5/8/6r1 b - - 42 75|338 582 757|249 330 749
desequilibrio|6k1/8/8/8/8/2K5/8/6r1 w - - 43 76|338 582 766|249 321 749
desequilibrio|6k1/8/8/8/8/8/2K5/6r1 b - - 44 76|330 582 766|249 321 757
desequilibrio|6k1/8/8/8/8/8/2K5/4r3 w - - 45 77|330 580 766|251 321 757
desequilibrio|6k1/8/8/8/8/8/1K6/4r3 b - - 46 77|329 580 766|251 321 758
desequilibrio|6k1/8/8/8/8/8/1K6/3r4 w - - 47 78|329 579 766|252 321 758
desequilibrio|6k1/8/8/8/8/8/K7/3r4 b - - 48 78|328 579 766|252 321 759
desequilibrio|6k1/8/8/8/8/8/K2r4/8 w - - 49 79|328 587 766|244 321 759
desequilibrio|6k1/8/8/8/8/1K6/3r4/8 b - - 50 79|337 587 766|244 321 750
desequilibrio|8/5k2/8/8/8/1K6/3r4/8 w - - 51 80|337 587 757|244 330 750
desequilibrio|8/5k2/8/8/1K6/8/3r4/8 b - - 52 80|345 587 757|244 330 742
desequilibrio|3r4/5k2/8/8/1K6/8/8/8 w - - 53 81|345 635 757|196 330 742
desequilibrio|3r4/5k2/8/8/8/1K6/8/8 b - - 54 81|337 635 757|196 330 750
desequilibrio|8/3r1k2/8/8/8/1K6/8/8 w - - 55 82|337 627 757|204 330 750
desequilibrio|8/3r1k2/8/8/1K6/8/8/8 b - - 56 82|345 627 757|204 330 742
desequilibrio|8/3r4/5k2/8/1K6/8/8/8 w - - 57 83|345 627 749|204 338 742
desequilibrio|8/3r4/5k2/1K6/8/8/8/8 b - - 58 83|353 627 749|204 338 734
desequilibrio|8/3r2k1/8/1K6/8/8/8/8 w - - 59 84|353 627 758|204 329 734
desequilibrio|8/3r2k1/8/8/K7/8/8/8 b - - 60 84|344 627 758|204 329 743
desequilibrio|8/6k1/8/8/K7/8/3r4/8 w - - 61 85|344 587 758|244 329 743
desequilibrio|8/6k1/8/8/8/K7/3r4/8 b - - 62 85|336 587 758|244 329 751
desequilibrio|8/5k2/8/8/8/K7/3r4/8 w - - 63 86|336 587 757|244 330 751
desequilibrio|8/5k2/8/8/8/1K6/3r4/8 b - - 64 86|337 587 757|244 330 750
desequilibrio|8/5k2/8/8/8/1K6/r7/8 w - - 65 87|337 584 757|247 330 750
desequilibrio|r4b1r/2p1p2p/1pp2pk1/p7/2b5/4PP1P/3K2P1/RN4NR w - - 0 18|14 20 21 23 65 70 192 199 331 416 425 426 429 434 436 439 538 573 632 639 750|8 11 13 18 21 22 31 130 165 192 199 337 424 426 427 433 505 510 632 639 756
desequilibrio|r4b1r/2p1p2p/2p2pk1/p7/2b5/4PP1P/3K2P1/1N4NR w - - 0 19|14 20 21 23 65 70 199 331 416 426 429 434 436 439 538 573 632 639 750|8 11 13 18 21 31 130 165 192 199 337 424 426 427 433 505 510 632 756
desequilibrio|r4b1r/2p1p2p/2p2pk1/p7/2b5/N3PP1P/3K2P1/6NR b - - 1 19|14 20 21 23 70 80 199 331 416 426 429 434 436 439 538 573 632 639 750|8 11 13 18 21 31 130 165 192 199 337 424 426 427 433 495 505 632 756
desequilibrio|r4bbr/2p1p2p/2p2pk1/p7/8/N3PP1P/3K2P1/6NR w - - 2 20|14 20 21 23 70 80 199 331 416 426 429 434 436 439 573 574 632 639 750|8 11 13 18 21 31 129 130 192 199 337 424 426 427 433 495 505 632 756
desequilibrio|r4bbr/2p1p2p/2p2pk1/p7/8/N3PP1P/6P1/3K2NR b - - 3 20|14 20 21 23 70 80 199 323 416 426 429 434 436 439 573 574 632 639 750|8 11 13 18 21 31 129 130 192 199 337 424 426 427 433 495 505 632 764
desequilibrio|r4bbr/2p1p2p/2p2p2/p6k/8/N3PP1P/6P1/3K2NR w - - 4 21|14 20 21 23 70 80 199 323 416 426 429 434 436 439 573 574 632 639 743|8 11 13 18 21 31 129 130 192 199 344 424 426 427 433 495 505 632 764
desequilibrio|r4bbr/2p1p2p/2p2p2/p6k/8/N3PP1P/6P1/4K1NR b - - 5 21|9 16 18 19 65 87 192 323 423 426 429 432 435 437 569 570 632 639 736|8 11 13 18 21 31 129 130 192 199 344 424 426 427 433 495 505 632 763
desequilibrio|r4b1r/2p1p2p/2p2p2/p2b3k/8/N3PP1P/6P1/4K1NR w - - 6 22|9 16 18 19 65 87 192 323 423 426 429 432 435 437 548 570 632 639 736|8 11 13 18 21 31 130 156 192 199 344 424 426 427 433 495 505 632 763
desequilibrio|r4b1r/2p1p2p/2p2p2/p2b3k/2N5/4PP1P/6P1/4K1NR b - - 7 22|9 16 18 19 65 93 192 323 423 426 429 432 435 437 548 570 632 639 736|8 11 13 18 21 31 130 156 192 199 344 424 426 427 433 485 505 632 763
desequilibrio|r4b1r/2p1p2p/2p2p2/p6k/2b5/4PP1P/6P1/4K1NR w - - 0 23|9 16 18 19 65 192 323 423 426 429 432 435 437 541 570 632 639 736|8 11 13 18 21 31 130 165 192 199 344 424 426 427 433 505 632 763
desequilibrio|r4b1r/2p1p2p/2p2p2/p6k/2b2P2/4P2P/6P1/4K1NR b - - 0 23|9 16 19 26 65 192 323 423 426 429 432 435 437 541 570 632 639 736|8 11 13 18 21 31 130 165 192 199 344 418 424 427 433 505 632 763
desequilibrio|r4b1r/2p1pb1p/2p2p2/p6k/5P2/4P2P/6P1/4K1NR w - - 1 24|9 16 19 26 65 192 323 423 426 429 432 435 437 562 570 632 639 736|8 11 13 18 21 31 130 138 192 199 344 418 424 427 433 505 632 763
desequilibrio|r4b1r/2p1pb1p/2p2p2/p6k/5P2/4PN1P/6P1/4K2R b - - 2 24|9 16 19 26 82 192 323 423 426 429 432 435 437 562 570 632 639 736|8 11 13 18 21 31 130 138 192 199 344 418 424 427 433 490 632 763
desequilibrio|r4b1r/2p1pb1p/2p2pk1/p7/5P2/4PN1P/6P1/4K2R w - - 3 25|9 16 19 26 82 192 323 423 426 429 432 435 437 562 570 632 639 745|8 11 13 18 21 31 130 138 192 199 337 418 424 427 433 490 632 763
desequilibrio|r4b1r/2p1pb1p/2p2pk1/p7/5P2/4PN1P/3K2P1/7R b - - 4 25|14 20 23 29 85 199 331 416 426 429 434 436 439 565 573 632 639 750|8 11 13 18 21 31 130 138 192 199 337 418 424 427 433 490 632 756
desequilibrio|r3bb1r/2p1p2p/2p2pk1/p7/5P2/4PN1P/3K2P1/7R w - - 5 26|14 20 23 29 85 199 331 416 426 429 434 436 439 572 573 632 639 750|8 11 13 18 21 31 130 131 192 199 337 418 424 427 433 490 632 756
desequilibrio|r3bb1r/2p1p2p/2p2pk1/p7/5P2/4PN1P/3K2P1/5R2 b - - 6 26|14 20 23 29 85 197 331 416 426 429 434 436 439 572 573 632 639 750|8 11 13 18 21 31 130 131 192 199 337 418 424 427 433 490 634 756
desequilibrio|3rbb1r/2p1p2p/2p2pk1/p7/5P2/4PN1P/3K2P1/5R2 w - - 7 27|14 20 23 29 85 197 331 416 426 429 434 436 439 572 573 635 639 750|8 11 13 18 21 31 130 131 192 196 337 418 424 427 433 490 634 756
desequilibrio|3rbb1r/2p1p2p/2p2pk1/p7/5P2/2K1PN1P/6P1/5R2 b - - 8 27|14 20 23 29 85 197 338 416 426 429 434 436 439 572 573 635 639 750|8 11 13 18 21 31 130 131 192 196 337 418 424 427 433 490 634 749
desequilibrio|4bb1r/2p1p2p/2p2pk1/p7/3r1P2/2K1PN1P/6P1/5R2 w - - 9 28|14 20 23 29 85 197 338 416 426 429 434 436 439 572 573 603 639 750|8 11 13 18 21 31 130 131 192 228 337 418 424 427 433 490 634 749
desequilibrio|4bb1r/2p1p2p/2p2pk1/p7/3N1P2/2K1P2P/6P1/5R2 b - - 0 28|14 20 23 29 91 197 338 416 426 429 434 436 439 572 573 639 750|8 11 13 18 21 31 130 131 192 337 418 424 427 433 484 634 749
desequilibrio|4b2r/2p1p1bp/2p2pk1/p7/3N1P2/2K1P2P/6P1/5R2 w - - 1 29|14 20 23 29 91 197 338 416 426 429 434 436 439 566 572 639 750|8 11 13 18 21 31 131 137 192 337 418 424 427 433 484 634 749
desequilibrio|4b2r/2p1p1bp/2N2pk1/p7/5P2/2K1P2P/6P1/5R2 b - - 0 29|14 20 23 29 106 197 338 416 429 434 436 439 566 572 639 750|8 11 13 18 31 131 137 192 337 418 424 427 433 469 634 749
desequilibrio|4bb1r/2p1p2p/2N2pk1/p7/5P2/2K1P2P/6P1/5R2 w - - 1 30|14 20 23 29 106 197 338 416 429 434 436 439 572 573 639 750|8 11 13 18 31 130 131 192 337 418 424 427 433 469 634 749
desequilibrio|4bb1r/2p1p2p/2N2pk1/p7/5P2/2K1P2P/6P1/4R3 b - - 2 30|14 20 23 29 106 196 338 416 429 434 436 439 572 573 639 750|8 11 13 18 31 130 131 192 337 418 424 427 433 469 635 749
desequilibrio|4bb1r/2p1p2p/2N2p2/p6k/5P2/2K1P2P/6P1/4R3 w - - 3 31|14 20 23 29 106 196 338 416 429 434 436 439 572 573 639 743|8 11 13 18 31 130 131 192 344 418 424 427 433 469 635 749
desequilibrio|4bb1r/2p1p2p/2N2p2/p4P1k/8/2K1P2P/6P1/4R3 b - - 0 31|14 20 23 37 106 196 338 416 429 434 436 439 572 573 639 743|8 11 13 18 31 130 131 192 344 410 424 427 433 469 635 749
desequilibrio|5b1r/2p1p2p/2N2pb1/p4P1k/8/2K1P2P/6P1/4R3 w - - 1 32|14 20 23 37 106 196 338 416 429 434 436 439 558 573 639 743|8 11 13 18 31 130 145 192 344 410 424 427 433 469 635 749
desequilibrio|5b1r/2p1p2p/2N2pb1/p4P1k/8/4P2P/2K3P1/4R3 b - - 2 32|14 20 23 37 106 196 330 416 429 434 436 439 558 573 639 743|8 11 13 18 31 130 145 192 344 410 424 427 433 469 635 757
desequilibrio|5b1r/2p1p2p/2N2p2/p4b1k/8/4P2P/2K3P1/4R3 w - - 0 33|14 20 23 106 196 330 416 429 434 436 439 549 573 639 743|8 11 13 18 31 130 154 192 344 424 427 433 469 635 757
desequilibrio|5b1r/2p1p2p/2N2p2/p4b1k/8/2K1P2P/6P1/4R3 b - - 1 33|14 20 23 106 196 338 416 429 434 436 439 549 573 639 743|8 11 13 18 31 130 154 192 344 424 427 433 469 635 749
desequilibrio|5b1r/2p1p2p/2N2pb1/p6k/8/2K1P2P/6P1/4R3 w - - 2 34|14 20 23 106 196 338 416 429 434 436 439 558 573 639 743|8 11 13 18 31 130 145 192 344 424 427 433 469 635 749
desequilibrio|5b1r/2p1N2p/5pb1/p6k/8/2K1P2P/6P1/4R3 b - - 0 34|14 20 23 116 196 338 416 429 434 439 558 573 639 743|8 13 18 31 130 145 192 344 424 427 433 459 635 749
desequilibrio|7r/2p1b2p/5pb1/p6k/8/2K1P2P/6P1/4R3 w - - 0 35|14 20 23 196 338 416 429 434 439 558 564 639 743|8 13 18 31 139 145 192 344 424 427 433 635 749
desequilibrio|7r/2p1b2p/5pb1/p6k/8/2K1P2P/6P1/5R2 b - - 1 35|14 20 23 197 338 416 429 434 439 558 564 639 743|8 13 18 31 139 145 192 344 424 427 433 634 749
desequilibrio|7r/2p1bb1p/5p2/p6k/8/2K1P2P/6P1/5R2 w - - 2 36|14 20 23 197 338 416 429 434 439 564 565 639 743|8 13 18 31 138 139 192 344 424 427 433 634 749
desequilibrio|7r/2p1bb1p/5p2/p6k/8/2K1PR1P/6P1/8 b - - 3 36|14 20 23 213 338 416 429 434 439 564 565 639 743|8 13 18 31 138 139 192 344 424 427 433 618 749
desequilibrio|3r4/2p1bb1p/5p2/p6k/8/2K1PR1P/6P1/8 w - - 4 37|14 20 23 213 338 416 429 434 439 564 565 635 743|8 13 18 31 138 139 196 344 424 427 433 618 749
desequilibrio|3r4/2p1bb1p/5p2/p6k/4P3/2K2R1P/6P1/8 b - - 0 37|14 23 28 213 338 416 429 434 439 564 565 635 743|8 13 18 31 138 139 196 344 419 424 433 618 749
desequilibrio|8/2p1bb1p/5p2/p6k/4P3/2Kr1R1P/6P1/8 w - - 1 38|14 23 28 213 338 416 429 434 439 564 565 595 743|8 13 18 31 138 139 236 344 419 424 433 618 749
desequilibrio|2b5/7p/8/8/p1K1P1Pk/7P/3b4/8 w - - 0 49|23 28 30 346 408 439 523 570 735|8 39 133 180 352 417 419 424 741
desequilibrio|2b5/7p/8/6P1/p1K1P2k/7P/3b4/8 b - - 0 49|23 28 38 346 408 439 523 570 735|8 39 133 180 352 409 419 424 741
desequilibrio|2b5/7p/8/6b1/p1K1P2k/7P/8/8 w - - 0 50|23 28 346 408 439 550 570 735|8 39 133 153 352 419 424 741
desequilibrio|2b5/7p/8/6b1/pK2P2k/7P/8/8 b - - 1 50|23 28 345 408 439 550 570 735|8 39 133 153 352 419 424 742
desequilibrio|2b5/7p/8/6b1/pK2P3/6kP/8/8 w - - 2 51|23 28 345 408 439 550 570 726|8 39 133 153 361 419 424 742
desequilibrio|2b5/7p/8/6b1/K3P3/6kP/8/8 b - - 0 51|23 28 344 439 550 570 726|8 133 153 361 419 424 743
desequilibrio|8/7p/8/6b1/K3P3/6kb/8/8 w - - 0 52|28 344 439 535 550 726|8 153 168 361 419 743
desequilibrio|8/7p/8/6b1/1K2P3/6kb/8/8 b - - 1 52|28 345 439 535 550 726|8 153 168 361 419 742
desequilibrio|8/7p/8/6b1/1K2Pk2/7b/8/8 w - - 2 53|28 345 439 535 550 733|8 153 168 354 419 742
desequilibrio|8/7p/8/6b1/4Pk2/1K5b/8/8 b - - 3 53|28 337 439 535 550 733|8 153 168 354 419 750
desequilibrio|8/7p/8/6b1/4k3/1K5b/8/8 w - - 0 54|337 439 535 550 732|8 153 168 355 750
desequilibrio|8/7p/8/6b1/4k3/7b/2K5/8 b - - 1 54|330 439 535 550 732|8 153 168 355 757
desequilibrio|8/7p/8/6b1/4k3/8/2K5/5b2 w - - 2 55|330 439 517 550 732|8 153 186 355 757
desequilibrio|8/7p/8/6b1/4k3/8/1K6/5b2 b - - 3 55|329 439 517 550 732|8 153 186 355 758
desequilibrio|8/7p/8/6b1/2b1k3/8/1K6/8 w - - 4 56|329 439 538 550 732|8 153 165 355 758
desequilibrio|8/7p/8/6b1/2b1k3/8/2K5/8 b - - 5 56|330 439 538 550 732|8 153 165 355 757
desequilibrio|8/7p/4b3/6b1/4k3/8/2K5/8 w - - 6 57|330 439 550 556 732|8 147 153 355 757
desequilibrio|8/7p/4b3/6b1/4k3/2K5/8/8 b - - 7 57|338 439 550 556 732|8 147 153 355 749
desequilibrio|6b1/7p/8/6b1/4k3/2K5/8/8 w - - 8 58|338 439 550 574 732|8 129 153 355 749
desequilibrio|6b1/7p/8/6b1/1K2k3/8/8/8 b - - 9 58|345 439 550 574 732|8 129 153 355 742
desequilibrio|6b1/7p/8/6b1/1K6/3k4/8/8 w - - 10 59|345 439 550 574 723|15 134 158 363 737
desequilibrio|6b1/7p/8/2K3b1/8/3k4/8/8 b - - 11 59|354 439 550 574 723|15 134 158 363 730
desequilibrio|6b1/7p/8/2K5/8/3k4/3b4/8 w - - 12 60|354 439 523 574 723|15 134 179 363 730
desequilibrio|6b1/7p/2K5/8/8/3k4/3b4/8 b - - 13 60|362 439 523 574 723|15 134 179 363 722
desequilibrio|6b1/7p/2K5/8/4k3/8/3b4/8 w - - 14 61|362 439 523 574 732|8 129 180 355 725
desequilibrio|6b1/1K5p/8/8/4k3/8/3b4/8 b - - 15 61|369 439 523 574 732|8 129 180 355 718
desequilibrio|6b1/1K5p/8/8/4kb2/8/8/8 w - - 16 62|369 439 541 574 732|8 129 162 355 718
desequilibrio|6b1/7p/1K6/8/4kb2/8/8/8 b - - 17 62|361 439 541 574 732|8 129 162 355 726
desequilibrio|8/7p/1K6/8/4kb2/8/b7/8 w - - 18 63|361 439 520 541 732|8 162 183 355 726
desequilibrio|8/7p/8/1K6/4kb2/8/b7/8 b - - 19 63|353 439 520 541 732|8 162 183 355 734
desequilibrio|8/7p/8/1K1k4/5b2/8/b7/8 w - - 20 64|353 439 520 541 739|15 165 176 347 729
desequilibrio|8/7p/8/3k4/K4b2/8/b7/8 b - - 21 64|344 439 520 541 739|15 165 176 347 736
desequilibrio|8/7p/3b4/3k4/K7/8/b7/8 w - - 22 65|344 439 520 555 739|15 147 176 347 736
desequilibrio|8/7p/3b4/K2k4/8/8/b7/8 b - - 23 65|352 439 520 555 739|15 147 176 347 728
desequilibrio|8/2b4p/8/K2k4/8/8/b7/8 w - - 24 66|352 439 520 562 739|15 138 176 347 728
desequilibrio|8/2b4p/8/3k4/K7/8/b7/8 b - - 25 66|344 439 520 562 739|15 138 176 347 736
desequilibrio|8/2b4p/8/8/K3k3/8/b7/8 w - - 26 67|344 439 520 562 732|8 141 183 355 743
desequilibrio|8/2b4p/8/1K6/4k3/8/b7/8 b - - 27 67|353 439 520 562 732|8 141 183 355 734
desequilibrio|8/2b2b1p/8/1K6/4k3/8/8/8 w - - 28 68|353 439 562 565 732|8 138 141 355 734
desequilibrio|8/2b2b1p/2K5/8/4k3/8/8/8 b - - 29 68|362 439 562 565 732|8 138 141 355 725
desequilibrio|8/2b2b2/2K4p/8/4k3/8/8/8 w - - 0 69|362 431 562 565 732|16 138 141 355 725
desequilibrio|8/2b2b2/7p/2K5/4k3/8/8/8 b - - 1 69|354 431 562 565 732|16 138 141 355 733
desequilibrio|3b4/5b2/7p/2K5/4k3/8/8/8 w - - 2 70|354 431 565 571 732|16 132 138 355 733
desequilibrio|3b4/5b2/7p/8/1K2k3/8/8/8 b - - 3 70|345 431 565 571 732|16 132 138 355 742
desequilibrio|3b4/5b2/7p/3k4/1K6/8/8/8 w - - 4 71|345 431 565 571 739|23 131 141 347 737
desequilibrio|3b4/5b2/7p/1K1k4/8/8/8/8 b - - 5 71|353 431 565 571 739|23 131 141 347 729
desequilibrio|3b4/5b2/7p/1K6/4k3/8/8/8 w - - 6 72|353 431 565 571 732|16 132 138 355 734
desequilibrio|3b4/5b2/7p/2K5/4k3/8/8/8 b - - 7 72|354 431 565 571 732|16 132 138 355 733
desequilibrio|8/5b2/7p/2K3b1/4k3/8/8/8 w - - 8 73|354 431 550 565 732|16 138 153 355 733
desequilibrio|8/5b2/7p/6b1/1K2k3/8/8/8 b - - 9 73|345 431 550 565 732|16 138 153 355 742
desequilibrio|8/5b2/7p/8/1K2k2b/8/8/8 w - - 10 74|345 431 543 565 732|16 138 160 355 742
desequilibrio|8/5b2/7p/1K6/4k2b/8/8/8 b - - 11 74|353 431 543 565 732|16 138 160 355 734
desequilibrio|8/5b2/7p/1K1k4/7b/8/8/8 w - - 12 75|353 431 543 565 739|23 141 167 347 729
desequilibrio|8/5b2/7p/3k4/K6b/8/8/8 b - - 13 75|344 431 543 565 739|23 141 167 347 736
desequilibrio|8/4bb2/7p/3k4/K7/8/8/8 w - - 14 76|344 431 564 565 739|23 140 141 347 736
desequilibrio|8/4bb2/7p/1K1k4/8/8/8/8 b - - 15 76|353 431 564 565 739|23 140 141 347 729
desequilibrio|8/4bb2/3k3p/1K6/8/8/8/8 w - - 16 77|353 431 564 565 747|23 140 141 339 729
desequilibrio|8/4bb2/3k3p/8/1K6/8/8/8 b - - 17 77|345 431 564 565 747|23 140 141 339 737
desequilibrio|8/4b3/3k3p/3b4/1K6/8/8/8 w - - 18 78|345 431 547 564 747|23 140 155 339 737
desequilibrio|8/4b3/3k3p/3b4/8/K7/8/8 b - - 19 78|336 431 547 564 747|23 140 155 339 744
desequilibrio|8/4b3/7p/3bk3/8/K7/8/8 w - - 20 79|336 431 547 564 740|16 139 156 347 751
desequilibrio|8/4b3/7p/3bk3/K7/8/8/8 b - - 21 79|344 431 547 564 740|16 139 156 347 743
desequilibrio|8/8/5b1p/3bk3/K7/8/8/8 w - - 22 80|344 431 547 557 740|16 146 156 347 743
desequilibrio|8/8/5b1p/K2bk3/8/8/8/8 b - - 23 80|352 431 547 557 740|16 146 156 347 735
desequilibrio|8/8/4kb1p/K2b4/8/8/8/8 w - - 24 81|352 431 547 557 748|16 146 156 339 735
desequilibrio|8/8/K3kb1p/3b4/8/8/8/8 b - - 25 81|360 431 547 557 748|16 146 156 339 727
desequilibrio|7b/8/K3k2p/3b4/8/8/8/8 w - - 26 82|360 431 547 575 748|16 128 156 339 727
desequilibrio|7b/K7/4k2p/3b4/8/8/8/8 b - - 27 82|368 431 547 575 748|16 128 156 339 719
desequilibrio|7b/K7/5k1p/3b4/8/8/8/8 w - - 28 83|368 431 547 575 749|16 128 156 338 719
desequilibrio|1K5b/8/5k1p/3b4/8/8/8/8 b - - 29 83|377 431 547 575 749|16 128 156 338 710
desequilibrio|1K5b/6k1/7p/3b4/8/8/8/8 w - - 30 84|377 431 547 575 758|16 128 156 329 710
desequilibrio|2K4b/6k1/7p/3b4/8/8/8/8 b - - 31 84|378 431 547 575 758|16 128 156 329 709
desequilibrio|2K4b/6k1/7p/8/2b5/8/8/8 w - - 32 85|378 431 538 575 758|16 128 165 329 709
desequilibrio|7b/3K2k1/7p/8/2b5/8/8/8 b - - 33 85|371 431 538 575 758|16 128 165 329 716
desequilibrio|7b/3K2k1/7p/8/8/8/4b3/8 w - - 34 86|371 431 524 575 758|16 128 179 329 716
desequilibrio|7b/6k1/2K4p/8/8/8/4b3/8 b - - 35 86|362 431 524 575 758|16 128 179 329 725
desequilibrio|7b/6k1/2K4p/8/8/8/8/5b2 w - - 36 87|362 431 517 575 758|16 128 186 329 725
desequilibrio|7b/1K4k1/7p/8/8/8/8/5b2 b - - 37 87|369 431 517 575 758|16 128 186 329 718
desequilibrio|6kb/1K6/7p/8/8/8/8/5b2 w - - 38 88|369 431 517 575 766|16 128 186 321 718
desequilibrio|6kb/8/2K4p/8/8/8/8/5b2 b - - 39 88|362 431 517 575 766|16 128 186 321 725
desequilibrio|7b/2K3k1/7p/8/8/8/8/5b2 b - - 41 89|370 431 517 575 758|16 128 186 329 717
desequilibrio|7b/2K3k1/7p/8/8/7b/8/8 w - - 42 90|370 431 535 575 758|16 128 168 329 717
desequilibrio|3K3b/6k1/7p/8/8/7b/8/8 b - - 43 90|379 431 535 575 758|16 128 168 329 708
desequilibrio|3K3b/5k2/7p/8/8/7b/8/8 w - - 44 91|379 431 535 575 757|16 128 168 330 708
desequilibrio|7b/2K2k2/7p/8/8/7b/8/8 b - - 45 91|370 431 535 575 757|16 128 168 330 717
desequilibrio|2b4b/2K2k2/7p/8/8/8/8/8 w - - 46 92|370 431 570 575 757|16 128 133 330 717
desequilibrio|2b4b/5k2/2K4p/8/8/8/8/8 b - - 47 92|362 431 570 575 757|16 128 133 330 725
desequilibrio|7b/5k2/2K1b2p/8/8/8/8/8 w - - 48 93|362 431 556 575 757|16 128 147 330 725
desequilibrio|7b/5k2/4b2p/2K5/8/8/8/8 b - - 49 93|354 431 556 575 757|16 128 147 330 733
desequilibrio|8/5k2/4b2p/2K5/8/8/1b6/8 w - - 50 94|354 431 521 556 757|16 147 182 330 733
desequilibrio|8/5k2/4b2p/8/1K6/8/1b6/8 b - - 51 94|345 431 521 556 757|16 147 182 330 742
desequilibrio|8/5k2/4b2p/8/1K6/b7/8/8 w - - 52 95|345 431 528 556 757|16 147 175 330 742
desequilibrio|8/5k2/4b2p/8/8/K7/8/8 b - - 0 95|336 431 556 757|16 147 330 751
desequilibrio|6k1/8/4b2p/8/8/K7/8/8 w - - 1 96|336 431 556 766|16 147 321 751
desequilibrio|6k1/8/4b2p/8/8/8/1K6/8 b - - 2 96|329 431 556 766|16 147 321 758
desequilibrio|6k1/8/4b3/7p/8/8/1K6/8 w - - 0 97|329 423 556 766|24 147 321 758
desequilibrio|6k1/8/4b3/7p/8/8/2K5/8 b - - 1 97|330 423 556 766|24 147 321 757
desequilibrio|7k/8/4b3/7p/8/8/2K5/8 w - - 2 98|330 423 556 767|24 147 320 757
desequilibrio|7k/8/4b3/7p/8/8/3K4/8 b - - 3 98|331 423 556 767|24 147 320 756
desequilibrio|8/7k/4b3/7p/8/8/3K4/8 w - - 4 99|331 423 556 759|24 147 328 756
desequilibrio|8/7k/4b3/7p/8/8/8/2K5 b - - 5 99|322 423 556 759|24 147 328 765
desequilibrio|2b5/7k/8/7p/8/8/8/2K5 w - - 6 100|322 423 570 759|24 133 328 765
desequilibrio|2b5/7k/8/7p/8/8/8/1K6 b - - 7 100|321 423 570 759|24 133 328 766
desequilibrio|2b3k1/8/8/7p/8/8/8/1K6 w - - 8 101|321 423 570 766|24 133 321 766
desequilibrio|2b3k1/8/8/7p/8/8/8/2K5 b - - 9 101|322 423 570 766|24 133 321 765
desequilibrio|2b5/6k1/8/7p/8/8/8/2K5 w - - 10 102|322 423 570 758|24 133 329 765
desequilibrio|2b5/6k1/8/7p/8/8/1K6/8 b - - 11 102|329 423 570 758|24 133 329 758
desequilibrio|2b5/8/5k2/7p/8/8/1K6/8 w - - 12 103|329 423 570 749|24 133 338 758
desequilibrio|2b5/8/5k2/7p/8/8/2K5/8 b - - 13 103|330 423 570 749|24 133 338 757
desequilibrio|2b5/8/8/6kp/8/8/2K5/8 w - - 14 104|330 423 570 742|24 133 345 757
desequilibrio|2b5/8/8/6kp/8/8/8/1K6 b - - 15 104|321 423 570 742|24 133 345 766
desequilibrio|2b5/8/8/7p/6k1/8/8/1K6 w - - 16 105|321 423 570 734|24 133 353 766
desequilibrio|2b5/8/8/7p/6k1/8/2K5/8 b - - 17 105|330 423 570 734|24 133 353 757
desequilibrio|8/1b6/8/7p/6k1/8/2K5/8 w - - 18 106|330 423 561 734|24 142 353 757
desequilibrio|8/1b6/8/7p/6k1/2K5/8/8 b - - 19 106|338 423 561 734|24 142 353 749
desequilibrio|8/8/8/7p/6k1/2K5/8/7b w - - 20 107|338 423 519 734|24 184 353 749
desequilibrio|8/8/8/7p/3K2k1/8/8/7b b - - 21 107|347 423 519 734|24 184 353 740
desequilibrio|8/8/8/6kp/3K4/8/8/7b w - - 22 108|347 423 519 742|24 184 345 740
desequilibrio|8/8/8/6kp/8/4K3/8/7b b - - 23 108|339 416 512 737|24 184 345 747
desequilibrio|8/8/6k1/7p/8/4K3/8/7b w - - 24 109|339 416 512 745|24 184 337 747
desequilibrio|8/8/6k1/7p/3K4/8/8/7b b - - 25 109|347 423 519 750|24 184 337 740
desequilibrio|8/8/6k1/8/3K3p/8/8/7b w - - 0 110|347 415 519 750|32 184 337 740
desequilibrio|8/8/6k1/2K5/7p/8/8/7b b - - 1 110|354 415 519 750|32 184 337 733
desequilibrio|8/1b6/6k1/2K5/7p/8/8/8 w - - 2 111|354 415 561 750|32 142 337 733
desequilibrio|8/1b6/3K2k1/8/7p/8/8/8 b - - 3 111|363 415 561 750|32 142 337 724
desequilibrio|8/1b3k2/3K4/8/7p/8/8/8 w - - 4 112|363 415 561 757|32 142 330 724
desequilibrio|8/1bK2k2/8/8/7p/8/8/8 b - - 5 112|370 415 561 757|32 142 330 717
desequilibrio|8/1bK3k1/8/8/7p/8/8/8 w - - 6 113|370 415 561 758|32 142 329 717
desequilibrio|8/8/1K5k/8/8/8/8/7r w - - 0 122|361 583 751|248 336 726
desequilibrio|8/8/7k/2K5/8/8/8/7r b - - 1 122|354 583 751|248 336 733
desequilibrio|8/8/6k1/2K5/8/8/8/7r w - - 2 123|354 583 750|248 337 733
desequilibrio|8/8/3K2k1/8/8/8/8/7r b - - 3 123|363 583 750|248 337 724
desequilibrio|8/8/3K1k2/8/8/8/8/7r w - - 4 124|363 583 749|248 338 724
desequilibrio|8/2K5/5k2/8/8/8/8/7r b - - 5 124|370 583 749|248 338 717
desequilibrio|8/2K5/5k2/8/8/8/8/5r2 w - - 6 125|370 581 749|250 338 717
desequilibrio|3K4/8/5k2/8/8/8/8/5r2 b - - 7 125|379 581 749|250 338 708
desequilibrio|3K4/5k2/8/8/8/8/8/5r2 w - - 8 126|379 581 757|250 330 708
desequilibrio|8/2K2k2/8/8/8/8/8/5r2 b - - 9 126|370 581 757|250 330 717
desequilibrio|1K6/8/5k2/8/8/8/8/5r2 b - - 11 127|377 581 749|250 338 710
desequilibrio|1K6/8/5k2/8/8/8/8/2r5 w - - 12 128|377 578 749|253 338 710
desequilibrio|K7/8/5k2/8/8/8/8/2r5 b - - 13 128|376 578 749|253 338 711
desequilibrio|K7/8/5k2/8/8/8/8/5r2 w - - 14 129|376 581 749|250 338 711
desequilibrio|8/K7/5k2/8/8/8/8/5r2 b - - 15 129|368 581 749|250 338 719
desequilibrio|8/K7/5k2/5r2/8/8/8/8 w - - 16 130|368 613 749|218 338 719
desequilibrio|8/1K6/5k2/5r2/8/8/8/8 b - - 17 130|369 613 749|218 338 718
desequilibrio|8/1K6/5k2/8/8/8/8/5r2 w - - 18 131|369 581 749|250 338 718
desequilibrio|2K5/8/5k2/8/8/8/8/5r2 b - - 19 131|378 581 749|250 338 709
desequilibrio|2K5/8/5k2/8/8/8/8/r7 w - - 20 132|378 576 749|255 338 709
desequilibrio|8/2K5/5k2/8/8/8/8/r7 b - - 21 132|370 576 749|255 338 717
desequilibrio|8/2K5/5k2/8/8/8/8/1r6 w - - 22 133|370 577 749|254 338 717
desequilibrio|2K5/8/5k2/8/8/8/8/1r6 b - - 23 133|378 577 749|254 338 709
desequilibrio|2K5/8/5k2/8/8/8/8/4r3 w - - 24 134|378 580 749|251 338 709
desequilibrio|8/3K4/5k2/8/8/8/8/4r3 b - - 25 134|371 580 749|251 338 716
desequilibrio|8/3K4/8/5k2/8/8/8/4r3 w - - 26 135|371 580 741|251 346 716
desequilibrio|8/8/2K5/5k2/8/8/8/4r3 b - - 27 135|362 580 741|251 346 725
desequilibrio|8/8/2K5/5k2/8/8/8/6r1 w - - 28 136|362 582 741|249 346 725
desequilibrio|8/8/8/3K1k2/8/8/8/6r1 b - - 29 136|355 582 741|249 346 732
desequilibrio|8/8/8/3K1k2/8/8/8/2r5 w - - 30 137|355 578 741|253 346 732
desequilibrio|8/8/3K4/5k2/8/8/8/2r5 b - - 31 137|363 578 741|253 346 724
desequilibrio|8/8/2rK4/5k2/8/8/8/8 w - - 32 138|363 618 741|213 346 724
desequilibrio|2b1k1n1/2R5/2p5/3p4/5N2/B5P1/2PKPP1P/5B1R b - - 0 19|10 12 13 15 22 93 133 144 199 242 331 419 426 510 570 764|21 28 65 133 323 425 432 434 435 437 482 559 570 589 632 756
desequilibrio|2bk2n1/2R5/2p5/3p4/5N2/B5P1/2PKPP1P/5B1R w - - 1 20|10 12 13 15 22 93 133 144 199 242 331 419 426 510 570 763|18 27 70 130 323 430 434 436 437 439 485 552 573 586 639 755
desequilibrio|2bk2n1/8/2R5/3p4/5N2/B5P1/2PKPP1P/5B1R b - - 0 20|10 12 13 15 22 93 133 144 199 234 331 419 510 570 763|27 70 130 323 430 434 436 437 439 485 552 573 594 639 755
desequilibrio|3k2n1/8/2R5/3p4/5Nb1/B5P1/2PKPP1P/5B1R w - - 1 21|10 12 13 15 22 93 133 144 199 234 331 419 510 542 763|27 70 166 323 430 434 436 437 439 485 552 573 594 639 755
desequilibrio|3k2n1/8/8/3p4/5Nb1/B1R3P1/2PKPP1P/5B1R b - - 2 21|10 12 13 15 22 93 133 144 199 210 331 419 510 542 763|27 70 166 323 430 434 436 437 439 485 552 573 618 639 755
desequilibrio|3k4/8/5n2/3p4/5Nb1/B1R3P1/2PKPP1P/5B1R w - - 3 22|10 12 13 15 22 93 133 144 199 210 331 419 493 542 763|27 85 166 323 430 434 436 437 439 485 552 573 618 639 755
desequilibrio|3k4/8/5n2/3p4/5Nb1/B1R3PB/2PKPP1P/7R b - - 4 22|10 12 13 15 22 93 144 151 199 210 331 419 493 542 763|27 85 166 323 430 434 436 437 439 485 552 559 618 639 755
desequilibrio|3k4/8/5n2/3p4/5N2/B1R3PB/2PKbP1P/7R w - - 0 23|10 13 15 22 93 144 151 199 210 331 419 493 524 763|27 85 180 323 430 434 437 439 485 552 559 618 639 755
desequilibrio|3k4/4B3/5n2/3p4/5N2/2R3PB/2PKbP1P/7R b - - 1 23|10 13 15 22 93 151 180 199 210 331 419 493 524 763|27 85 180 323 430 434 437 439 485 524 559 618 639 755
desequilibrio|8/4k3/5n2/3p4/5N2/2R3PB/2PKbP1P/7R w - - 0 24|10 13 15 22 93 151 199 210 331 419 493 524 756|28 82 179 331 425 432 434 437 482 552 621 632 756
desequilibrio|8/4k3/5n2/3p4/5N2/2R3PB/2P1KP1P/7R b - - 0 24|8 10 13 17 90 144 192 213 331 420 490 755|28 82 331 425 432 434 437 482 552 621 632 755
desequilibrio|6n1/4k3/8/3p4/5N2/2R3PB/2P1KP1P/7R w - - 1 25|8 10 13 17 90 144 192 213 331 420 505 755|28 65 331 425 432 434 437 482 552 621 632 755
desequilibrio|6n1/4k3/8/3N4/8/2R3PB/2P1KP1P/7R b - - 0 25|8 10 13 17 100 144 192 213 331 505 755|65 331 425 432 434 437 476 552 621 632 755
general|5r2/2R1p3/4k2r/1p5P/1P5P/2P1P3/8/4K3 b - - 0 27|19 21 24 30 32 245 323 422 435 616 634 747|11 30 194 208 339 408 416 422 427 429 589 763
general|5r2/2R1p3/4kr2/1p5P/1P5P/2P1P3/8/4K3 w - - 1 28|19 21 24 30 32 245 323 422 435 618 634 747|11 30 194 210 339 408 416 422 427 429 589 763
general|5r2/4R3/4kr2/1p5P/1P5P/2P1P3/8/4K3 b - - 0 28|19 21 24 30 32 243 323 422 618 634 747|30 194 210 339 408 416 422 427 429 587 763
general|2r1k3/p1p1pp2/1n6/7p/1P2PP2/7P/P1P5/RNK5 b - - 0 16|8 10 23 25 28 29 65 192 322 423 432 434 436 437 489 634 764|10 11 13 15 24 86 197 323 418 419 422 424 437 439 510 639 765
general|2r1k3/2p1pp2/pn6/7p/1P2PP2/7P/P1P5/RNK5 w - - 0 17|8 10 23 25 28 29 65 192 322 423 424 434 436 437 489 634 764|10 11 13 23 24 86 197 323 418 419 422 424 437 439 510 639 765
general|2r1k3/2p1pp2/pn6/7p/1P2PP2/7P/PKP5/RN6 b - - 1 17|8 10 23 25 28 29 65 192 329 423 424 434 436 437 489 634 764|10 11 13 23 24 86 197 323 418 419 422 424 437 439 510 639 758
general|2r1k3/4pp2/pnp5/7p/1P2PP2/7P/PKP5/RN6 w - - 0 18|8 10 23 25 28 29 65 192 329 423 424 426 436 437 489 634 764|10 11 21 23 24 86 197 323 418 419 422 424 437 439 510 639 758
general|2r1k3/4pp2/pnp5/5P1p/1P2P3/7P/PKP5/RN6 b - - 0 18|8 10 23 25 28 37 65 192 329 423 424 426 436 437 489 634 764|10 11 21 23 24 86 197 323 410 419 422 424 437 439 510 639 758
general|2r1k3/4pp2/pn6/2p2P1p/1P2P3/7P/PKP5/RN6 w - - 0 19|8 10 23 25 28 37 65 192 329 418 423 424 436 437 489 634 764|10 11 23 24 29 86 197 323 410 419 422 424 437 439 510 639 758
general|2r1k3/4pp2/pn6/2P2P1p/4P3/7P/PKP5/RN6 b - - 0 19|8 10 23 28 34 37 65 192 329 423 424 436 437 489 634 764|10 11 23 24 86 197 323 410 413 419 424 437 439 510 639 758
general|4k3/4pp2/pn6/2r2P1p/4P3/7P/PKP5/RN6 w - - 0 20|8 10 23 28 37 65 192 329 423 424 436 437 489 610 764|10 11 23 24 86 221 323 410 419 424 437 439 510 639 758
general|4k3/4pp2/pn6/5P1p/P3P3/7P/1Kr5/RN6 w - - 0 21|23 24 28 37 65 192 329 423 424 436 437 489 586 764|10 11 23 24 86 245 323 410 419 423 424 510 639 758
general|5bnr/4p1pp/1pn5/1N4k1/4P3/2P5/PP3P1P/R2K1R2 b - - 0 18|8 9 13 15 18 28 97 192 197 323 425 436 438 439 490 510 573 639 742|8 9 11 22 65 85 130 192 345 419 429 432 434 438 439 478 634 639 764
general|5bnr/4p1p1/1pn5/1N4kp/4P3/2P5/PP2KP1P/R4R2 b - - 1 19|8 10 14 15 21 27 102 194 199 331 416 430 433 435 493 505 570 632 737|9 11 22 24 65 85 130 192 345 419 429 432 434 438 439 478 634 639 755
general|5bnr/6p1/1pn1p3/1N4kp/4P3/2P5/PP2KP1P/R4R2 w - - 0 20|8 10 14 15 21 27 102 194 199 331 416 427 430 433 493 505 570 632 737|9 19 22 24 65 85 130 192 345 419 429 432 434 438 439 478 634 639 755
general|5bnr/6p1/1pn1p3/1N4kp/4P3/2P5/PP2KP1P/2R2R2 b - - 1 20|8 10 14 15 21 27 102 194 197 331 416 427 430 433 493 505 570 632 737|9 19 22 24 65 85 130 192 345 419 429 432 434 438 439 478 634 637 755
general|5bnr/4n1p1/1p2p3/1N4kp/4P3/2P5/PP2KP1P/2R2R2 w - - 2 21|8 10 14 15 21 27 102 194 197 331 416 427 430 433 499 505 570 632 737|9 19 22 24 65 75 130 192 345 419 429 432 434 438 439 478 634 637 755
general|5bnr/4n1p1/1p2p3/1N4kp/4P3/2P5/PP2KP1P/1R3R2 b - - 3 21|8 10 14 15 21 27 102 194 198 331 416 427 430 433 499 505 570 632 737|9 19 22 24 65 75 130 192 345 419 429 432 434 438 439 478 634 638 755
general|5bnr/4n1p1/1p2p3/1N4k1/4P2p/2P5/PP2KP1P/1R3R2 w - - 0 22|8 10 14 15 21 27 102 194 198 331 408 427 430 433 499 505 570 632 737|9 19 22 32 65 75 130 192 345 419 429 432 434 438 439 478 634 638 755
general|5bnr/4n1p1/1p2p3/1N4k1/4P2p/2P1K3/PP3P1P/1R3R2 b - - 1 22|8 10 14 15 21 27 102 194 198 339 408 427 430 433 499 505 570 632 737|9 19 22 32 65 75 130 192 345 419 429 432 434 438 439 478 634 638 747
general|5bnr/4n1p1/1p2p2k/1N6/4P2p/2P1K3/PP3P1P/1R3R2 w - - 2 23|8 10 14 15 21 27 102 194 198 339 408 427 430 433 499 505 570 632 744|9 19 22 32 65 75 130 192 336 419 429 432 434 438 439 478 634 638 747
general|5bnr/4n1p1/1p1Np2k/8/4P2p/2P1K3/PP3P1P/1R3R2 b - - 3 23|8 10 14 15 21 27 108 194 198 339 408 427 430 433 499 505 570 632 744|9 19 22 32 65 75 130 192 336 419 429 432 434 438 439 468 634 638 747
general|5bnr/6p1/1pnNp2k/8/4P2p/2P1K3/PP3P1P/1R3R2 w - - 4 24|8 10 14 15 21 27 108 194 198 339 408 427 430 433 493 505 570 632 744|9 19 22 32 65 85 130 192 336 419 429 432 434 438 439 468 634 638 747
general|5bnr/6p1/1pnNp2k/8/4P2p/2P1K3/PP3P1P/1RR5 b - - 5 24|8 10 14 15 21 27 108 197 198 339 408 427 430 433 493 505 570 632 744|9 19 22 32 65 85 130 192 336 419 429 432 434 438 439 468 637 638 747
general|5b1r/4n1p1/1pnNp2k/8/4P2p/2P1K3/PP3P1P/1RR5 w - - 6 25|8 10 14 15 21 27 108 197 198 339 408 427 430 433 493 499 570 632 744|9 19 22 32 75 85 130 192 336 419 429 432 434 438 439 468 637 638 747
general|5b1r/4n1p1/1pnNp2k/4P3/7p/2P1K3/PP3P1P/1RR5 b - - 0 25|8 10 14 15 21 35 108 197 198 339 408 427 430 433 493 499 570 632 744|9 19 22 32 75 85 130 192 336 411 429 432 434 438 439 468 637 638 747
general|5b1r/4n1p1/1p1Np2k/4n3/7p/2P1K3/PP3P1P/1RR5 w - - 0 26|8 10 14 15 21 108 197 198 339 408 427 430 433 483 499 570 632 744|9 19 22 32 75 91 130 192 336 429 432 434 438 439 468 637 638 747
general|5b1r/4n1p1/1p1Np2k/4n3/7p/2P1K3/PP3P1P/1R2R3 b - - 1 26|8 10 14 15 21 108 195 198 339 408 427 430 433 483 499 570 632 744|9 19 22 32 75 91 130 192 336 429 432 434 438 439 468 635 638 747
general|5b1r/6p1/1pnNp2k/4n3/7p/2P1K3/PP3P1P/1R2R3 w - - 2 27|8 10 14 15 21 108 195 198 339 408 427 430 433 483 493 570 632 744|9 19 22 32 85 91 130 192 336 429 432 434 438 439 468 635 638 747
general|5b1r/6p1/1pnNp2k/4n3/7p/2P1K3/PP3P1P/1RR5 b - - 3 27|8 10 14 15 21 108 197 198 339 408 427 430 433 483 493 570 632 744|9 19 22 32 85 91 130 192 336 429 432 434 438 439 468 637 638 747
general|6r1/6k1/1p6/4R3/7p/2P1K3/5P1P/b7 b - - 0 34|8 10 21 227 339 408 430 519 633 753|22 32 191 193 329 429 432 434 603 747
general|6r1/8/1p4k1/4R3/7p/2P1K3/5P1P/b7 w - - 1 35|8 10 21 227 339 408 430 519 633 745|22 32 191 193 337 429 432 434 603 747
general|6r1/8/1p4k1/4R3/5K1p/2P5/5P1P/b7 b - - 2 35|8 10 21 227 346 408 430 519 633 745|22 32 191 193 337 429 432 434 603 738
general|6r1/5k2/1p6/4R3/5K1p/2P5/5P1P/b7 w - - 3 36|8 10 21 227 346 408 430 519 633 754|22 32 191 193 330 429 432 434 603 738
general|6r1/5k2/1p6/R7/5K1p/2P5/5P1P/b7 b - - 4 36|8 10 21 231 346 408 430 519 633 754|22 32 191 193 330 429 432 434 607 738
general|8/5k2/1p6/R7/5K1p/2P5/5P1P/b5r1 w - - 5 37|8 10 21 231 346 408 430 519 577 754|22 32 191 249 330 429 432 434 607 738
general|8/5k2/1p6/R7/2P2K1p/8/5P1P/b5r1 b - - 0 37|8 10 29 231 346 408 430 519 577 754|22 32 191 249 330 421 432 434 607 738
general|1nbk3r/1ppp1pnp/4p3/8/1P3p2/8/R2PP1P1/2Q1KB2 b - - 0 19|9 11 12 30 130 207 261 323 410 427 432 434 436 437 438 497 510 573 632 764|9 10 11 13 15 20 37 65 78 130 199 323 417 435 436 438 573 624 698 764
general|1nbk1r2/1ppp1pnp/4p3/8/1P3p2/8/R2PP1P1/2Q1KB2 w - - 1 20|9 11 12 30 130 207 261 323 410 427 432 434 436 437 438 497 510 573 634 764|9 10 11 13 15 20 37 65 78 130 197 323 417 435 436 438 573 624 698 764
general|1nbk1r2/1ppp1pnp/4p3/8/1P3p2/8/R2PP1P1/1Q2KB2 b - - 2 20|9 11 12 30 130 207 262 323 410 427 432 434 436 437 438 497 510 573 634 764|9 10 11 13 15 20 37 65 78 130 197 323 417 435 436 438 573 624 697 764
general|1nb1kr2/1ppp1pnp/4p3/8/1P3p2/8/R2PP1P1/1Q2KB2 w - - 3 21|9 11 12 30 130 207 262 323 410 427 432 434 436 437 438 497 510 573 634 763|8 10 12 13 14 19 34 70 73 133 194 323 422 433 435 436 570 631 702 763
general|1nb1kr2/1ppp1pnQ/4p3/8/1P3p2/8/R2PP1P1/4KB2 b - - 0 21|9 11 12 30 130 207 304 323 410 427 434 436 437 438 497 510 573 634 763|10 12 13 14 19 34 70 73 133 194 323 422 433 435 436 570 631 648 763
general|1n3k2/1bp2p2/3pp3/1p6/1P3p2/8/R2PP1P1/4KB2 w - - 0 25|9 11 12 30 130 207 323 410 422 427 428 434 437 510 566 762|10 13 19 20 30 34 70 142 322 422 433 435 436 570 631 763
general|1n3k2/1bp2p2/3pp3/1p6/1P3p2/8/3PP1P1/R3KB2 b - - 1 25|9 11 12 30 130 199 323 410 422 427 428 434 437 510 566 762|10 13 19 20 30 34 70 142 322 422 433 435 436 570 639 763
general|bn3k2/2p2p2/3pp3/1p6/1P3p2/8/3PP1P1/R3KB2 w - - 2 26|9 11 12 30 130 199 323 410 422 427 428 434 437 510 575 762|10 13 19 20 30 34 70 135 322 422 433 435 436 570 639 763
general|2bq3b/p1p2p2/2k1pn2/3p4/4P1PB/5N2/P1PK1P2/RN5R w - - 0 18|8 10 13 28 30 65 85 159 192 199 331 419 428 432 434 437 493 570 575 699 746|8 10 13 20 27 85 130 135 259 338 420 422 432 434 437 493 505 551 632 639 755
general|2bq3b/p1p2p2/2k1pn2/3P4/6PB/5N2/P1PK1P2/RN5R b - - 0 18|8 10 13 30 35 65 85 159 192 199 331 428 432 434 437 493 570 575 699 746|8 10 13 20 85 130 135 259 338 411 422 432 434 437 493 505 551 632 639 755
general|2bq3b/p1p2p2/2k2n2/3p4/6PB/5N2/P1PK1P2/RN5R w - - 0 19|8 10 13 30 65 85 159 192 199 331 419 432 434 437 493 570 575 699 746|8 10 13 27 85 130 135 259 338 422 432 434 437 493 505 551 632 639 755
general|2bq3b/p1p2p2/2k2n2/3p4/6PB/5N2/P1PK1P1R/RN6 b - - 1 19|8 10 13 30 65 85 159 192 207 331 419 432 434 437 493 570 575 699 746|8 10 13 27 85 130 135 259 338 422 432 434 437 493 505 551 631 632 755
general|2bq3b/p1p2p2/2k2n2/8/3p2PB/5N2/P1PK1P1R/RN6 w - - 0 20|8 10 13 30 65 85 159 192 207 331 411 432 434 437 493 570 575 699 746|8 10 13 35 85 130 135 259 338 422 432 434 437 493 505 551 631 632 755
general|3q3b/p1p2p2/2k2n2/8/2Pp2bB/5N2/P2K1P1R/RN6 w - - 0 21|8 13 26 65 85 159 192 207 331 411 432 434 437 493 542 575 699 746|8 10 13 35 85 135 166 259 338 418 432 437 493 505 551 631 632 755
general|3q3b/p1p2p2/2k2n2/8/2Pp2bB/N4N2/P2K1P1R/R7 b - - 1 21|8 13 26 80 85 159 192 207 331 411 432 434 437 493 542 575 699 746|8 10 13 35 85 135 166 259 338 418 432 437 488 493 551 631 632 755
general|7b/p1p1qp2/2k2n1B/8/2P5/N2p4/P4P2/R1K4R b - - 0 25|8 13 26 80 175 192 199 322 403 432 434 437 493 575 692 746|8 10 13 43 85 135 268 338 418 432 437 488 535 632 639 762
general|2k5/2n2p2/8/2p3B1/2P4R/2b2P2/8/3K4 w - - 0 37|21 26 166 223 323 418 437 498 530 762|13 26 74 170 322 418 429 542 615 763
general|2k5/2n2p2/7R/2p3B1/2P5/2b2P2/8/3K4 b - - 1 37|21 26 166 239 323 418 437 498 530 762|13 26 74 170 322 418 429 542 599 763
general|2k5/2n5/6R1/2p2pB1/2P5/2b2P2/8/3K4 b - - 1 38|21 26 166 238 323 418 421 498 530 762|26 29 74 170 322 418 429 542 598 763
general|2k5/2n5/6R1/b1p2pB1/2P5/5P2/8/3K4 w - - 2 39|21 26 166 238 323 418 421 498 544 762|26 29 74 152 322 418 429 542 598 763
general|2k5/2n5/1R6/b1p2pB1/2P5/5P2/8/3K4 b - - 3 39|21 26 166 233 323 418 421 498 544 762|26 29 74 152 322 418 429 542 593 763
general|2k5/8/1R6/b1pn1pB1/2P5/5P2/8/3K4 w - - 4 40|21 26 166 233 323 418 421 483 544 762|26 29 91 152 322 418 429 542 593 763
general|8/5k2/8/5p2/5P2/8/8/3K4 b - - 111 108|29 323 421 757|26 330 418 764
general|5k2/8/8/5p2/5P2/8/8/3K4 w - - 112 109|29 323 421 765|26 322 418 764
general|5k2/8/8/5p2/5P2/8/4K3/8 b - - 113 109|26 331 418 762|26 322 418 755
general|4k3/8/8/5p2/5P2/8/4K3/8 w - - 114 110|26 331 418 763|26 323 418 755
general|4k3/8/8/5p2/5P2/4K3/8/8 b - - 115 110|26 339 418 763|26 323 418 747
general|8/3k4/8/5p2/5P2/4K3/8/8 w - - 116 111|26 339 418 756|29 331 421 748
general|8/3k4/8/5p2/5P2/5K2/8/8 b - - 117 111|26 338 418 756|29 331 421 749
general|8/8/4k3/5p2/5P2/5K2/8/8 w - - 118 112|26 338 418 747|26 339 418 746
general|8/8/4k3/5p2/5P2/6K1/8/8 b - - 119 112|26 337 418 747|26 339 418 745
general|8/4k3/8/5p2/5P2/6K1/8/8 w - - 120 113|26 337 418 755|26 331 418 745
general|8/4k3/8/5p2/5P2/8/6K1/8 b - - 121 113|26 329 418 755|26 331 418 753
general|5k2/8/8/5p2/5P2/8/8/7K b - - 123 114|26 320 418 762|26 322 418 760
general|8/5k2/8/5p2/5P2/8/8/7K w - - 124 115|26 320 418 754|26 330 418 760
general|8/5k2/8/5p2/5P2/8/8/6K1 b - - 125 115|26 321 418 754|26 330 418 761
general|4k3/8/8/5p2/5P2/8/7K/8 b - - 127 116|26 328 418 763|26 323 418 752
general|3k4/8/8/5p2/5P2/8/7K/8 w - - 128 117|26 328 418 764|29 323 421 759
general|3k4/8/8/5p2/5P2/6K1/8/8 b - - 129 117|26 337 418 764|29 323 421 750
general|2k5/8/8/5p2/5P2/6K1/8/8 w - - 130 118|26 337 418 765|29 322 421 750
general|2k5/8/8/5p2/5P2/8/7K/8 b - - 131 118|26 328 418 765|29 322 421 759
general|8/3k4/8/5p2/5P2/8/7K/8 w - - 132 119|26 328 418 756|29 331 421 759
general|8/3k4/8/5p2/5P2/8/8/6K1 b - - 133 119|26 321 418 756|29 331 421 766
general|8/8/2k5/5p2/5P2/8/8/5K2 b - - 135 120|26 322 418 749|29 338 421 765
general|8/8/8/3k1p2/5P2/8/8/5K2 w - - 136 121|26 322 418 740|29 347 421 765
general|8/8/8/3k1p2/5P2/8/5K2/8 b - - 137 121|26 330 418 740|29 347 421 757
general|8/8/3k4/5p2/5P2/8/8/6K1 b - - 139 122|26 321 418 748|29 339 421 766
general|8/8/4k3/5p2/5P2/8/8/6K1 w - - 140 123|26 321 418 747|26 339 418 761
general|8/8/4k3/5p2/5P2/8/5K2/8 b - - 141 123|26 330 418 747|26 339 418 754
general|8/8/5k2/5p2/5P2/5K2/8/8 b - - 143 124|26 338 418 746|26 338 418 746
general|8/6k1/8/5p2/5P2/8/6K1/8 b - - 145 125|26 329 418 753|26 329 418 753
general|8/8/6k1/5p2/5P2/8/6K1/8 w - - 146 126|26 329 418 745|26 337 418 753
general|8/8/6k1/5p2/5P2/8/8/5K2 b - - 147 126|26 322 418 745|26 337 418 762
general|8/8/8/5p1k/5P2/8/8/5K2 w - - 148 127|26 322 418 736|26 344 418 762
general|8/8/8/5p1k/5P2/8/6K1/8 b - - 149 127|26 329 418 736|26 344 418 753
general|8/8/8/5p2/5P1k/8/6K1/8 w - - 150 128|26 329 418 728|26 352 418 753
general|8/8/8/5p2/5P1k/8/5K2/8 b - - 151 128|26 330 418 728|26 352 418 754
general|8/8/8/5p2/5Pk1/8/5K2/8 w - - 152 129|26 330 418 729|26 353 418 754
general|8/8/8/5p2/5Pk1/8/8/5K2 b - - 153 129|26 322 418 729|26 353 418 762
general|8/8/8/5p2/5k2/8/8/5K2 w - - 0 130|322 418 730|26 354 762
general|8/8/8/5p2/5k2/8/8/4K3 b - - 1 130|323 418 730|26 354 763
general|8/8/8/5p2/4k3/8/8/4K3 w - - 2 131|323 418 731|26 355 763
general|8/8/8/5p2/4k3/8/8/3K4 b - - 3 131|323 421 732|26 355 764
general|8/8/8/8/4kp2/8/8/3K4 w - - 0 132|323 413 732|34 355 764
general|8/8/8/8/4kp2/8/8/4K3 b - - 1 132|323 410 731|34 355 763
general|8/8/8/8/5p2/4k3/8/4K3 w - - 2 133|323 410 723|34 363 763
general|8/8/8/8/5p2/4k3/8/5K2 b - - 3 133|322 410 723|34 363 762
general|8/8/8/8/5p2/5k2/8/5K2 w - - 4 134|322 410 722|34 362 762
general|8/8/8/8/5p2/5k2/8/4K3 b - - 5 134|323 410 722|34 362 763
general|8/8/8/8/4kp2/8/8/4K3 w - - 6 135|323 410 731|34 355 763
general|8/8/8/8/4kp2/8/5K2/8 b - - 7 135|330 410 731|34 355 754
general|8/8/8/8/4k3/5p2/5K2/8 w - - 0 136|330 402 731|42 355 754
general|8/8/8/8/4k3/5p2/8/4K3 b - - 1 136|323 402 731|42 355 763
general|8/8/8/3k4/8/5p2/8/4K3 w - - 2 137|323 402 740|45 347 764
general|8/8/8/3k4/8/5p2/8/5K2 b - - 3 137|322 402 740|45 347 765
general|8/8/8/8/3k4/5p2/8/5K2 w - - 4 138|322 402 732|45 355 765
general|8/8/8/8/3k4/5p2/8/4K3 b - - 5 138|323 402 732|45 355 764
general|8/8/8/8/8/2k5/5K2/8 b - - 0 140|330 725|362 757
general|r2q1bnr/p1pkp3/2pp2N1/7p/P7/2N5/1PPPPK2/R1BQ4 w - - 1 14|11 12 13 14 31 85 105 133 199 260 330 416 428 429 435 437 439 505 570 632 639 700 756|8 10 12 18 19 31 70 133 192 199 259 331 416 433 434 435 436 470 490 570 632 699 757
general|r2q1bnr/p1pkp3/2pp2N1/7p/P7/2N5/1PPPP3/R1BQ1K2 b - - 2 14|11 12 13 14 31 85 105 133 199 260 322 416 428 429 435 437 439 505 570 632 639 700 756|8 10 12 18 19 31 70 133 192 199 259 331 416 433 434 435 436 470 490 570 632 699 765
general|r2q1bnr/p1p1p3/2ppk1N1/7p/P7/2N5/1PPPP3/R1BQ1K2 w - - 3 15|11 12 13 14 31 85 105 133 199 260 322 416 428 429 435 437 439 505 570 632 639 700 747|11 13 15 20 21 24 65 130 192 199 260 339 423 435 436 437 438 465 493 573 639 700 762
general|r2q1bnr/p1p1N3/2ppk3/7p/P7/2N5/1PPPP3/R1BQ1K2 b - - 0 15|11 12 13 14 31 85 115 133 199 260 322 416 428 429 437 439 505 570 632 639 700 747|13 15 20 21 24 65 130 192 199 260 339 423 435 436 437 438 459 493 573 639 700 762
general|r2q1bnr/p1p1N3/2p1k3/3p3p/P7/2N5/1PPPP3/R1BQ1K2 w - - 0 16|11 12 13 14 31 85 115 133 199 260 322 416 420 429 437 439 505 570 632 639 700 747|13 15 21 24 28 65 130 192 199 260 339 423 435 436 437 438 459 493 573 639 700 762
general|r2q1bnr/p1p1N3/2p1k3/3p3p/P3N3/8/1PPPP3/R1BQ1K2 b - - 1 16|11 12 13 14 31 91 115 133 199 260 322 416 420 429 437 439 505 570 632 639 700 747|13 15 21 24 28 65 130 192 199 260 339 423 435 436 437 438 459 483 573 639 700 762
general|4r1nr/2p5/p1p2k1b/P6p/1P2p3/8/3PP2K/R1B1Q3 b - - 0 23|11 12 30 39 133 199 259 328 411 416 429 431 437 505 552 632 635 746|13 21 23 24 35 65 144 192 195 338 415 422 435 436 573 639 699 752
general|4r1n1/2p4r/p1p2k1b/P6p/1P2p3/8/3PP2K/R1B1Q3 w - - 1 24|11 12 30 39 133 199 259 328 411 416 429 431 437 505 552 624 635 746|13 21 23 24 35 65 144 195 200 338 415 422 435 436 573 639 699 752
general|4r1n1/2p4r/p1p2k1b/P6p/1P2p3/3P4/4P2K/R1B1Q3 b - - 0 24|11 20 30 39 133 199 259 328 411 416 429 431 437 505 552 624 635 746|13 21 23 24 35 65 144 195 200 338 415 422 428 435 573 639 699 752
general|6n1/2p4r/p1p2k1b/P3r2p/1P2p3/3P4/4P2K/R1B1Q3 w - - 1 25|11 20 30 39 133 199 259 328 411 416 429 431 437 505 552 611 624 746|13 21 23 24 35 65 144 200 219 338 415 422 428 435 573 639 699 752
general|6n1/2p4r/p1p2k1b/P3r2p/1P2P3/8/4P2K/R1B1Q3 b - - 0 25|11 27 30 39 133 199 259 328 416 429 431 437 505 552 611 624 746|13 21 23 24 65 144 200 219 338 415 419 422 435 573 639 699 752
general|6n1/2p4r/p1p2k2/P3r2p/1P2P3/8/4P2K/R1b1Q3 w - - 0 26|11 27 30 39 199 259 328 416 429 431 437 505 517 611 624 746|13 21 23 24 65 189 200 219 338 415 419 422 435 639 699 752
general|6n1/2p4r/p1p2k2/P3r2p/1P2P3/8/4P2K/2R1Q3 b - - 0 26|11 27 30 39 197 259 328 416 429 431 437 505 611 624 746|13 21 23 24 65 200 219 338 415 419 422 435 637 699 752
general|6n1/2p4r/p1p2k2/P6p/1P2r3/8/4P2K/2R1Q3 w - - 0 27|11 30 39 197 259 328 416 429 431 437 505 603 624 746|13 21 23 24 65 200 227 338 415 422 435 637 699 752
general|6n1/2p4r/p1R2k2/P6p/1P2r3/8/4P2K/4Q3 b - - 0 27|11 30 39 237 259 328 416 431 437 505 603 624 746|13 23 24 65 200 227 338 415 422 435 597 699 752
general|6n1/2p4r/p1R1rk2/P6p/1P6/8/4P2K/4Q3 w - - 1 28|11 30 39 237 259 328 416 431 437 505 619 624 746|13 23 24 65 200 211 338 415 422 435 597 699 752
general|6n1/2p4r/R3rk2/P6p/1P6/8/4P2K/4Q3 b - - 0 28|11 30 39 239 259 328 416 437 505 619 624 746|13 24 65 200 211 338 415 422 435 599 699 752
general|8/2p4r/R3rk1n/P6p/1P6/8/4P2K/4Q3 w - - 1 29|11 30 39 239 259 328 416 437 488 619 624 746|13 24 80 200 211 338 415 422 435 599 699 752
general|8/2p4r/4k2n/P6p/1P6/8/4P2K/4Q3 w - - 0 30|11 30 39 259 328 416 437 488 624 747|13 24 80 200 339 415 422 435 699 752
general|8/2p4r/4k2n/P6p/1P6/8/4P2K/6Q1 b - - 1 30|11 30 39 257 328 416 437 488 624 747|13 24 80 200 339 415 422 435 697 752
general|8/2p1k2r/7n/P6p/1P6/8/4P2K/6Q1 w - - 2 31|11 30 39 257 328 416 437 488 624 755|13 24 80 200 331 415 422 435 697 752
general|6Q1/2p1k2r/7n/P6p/1P6/8/4P2K/8 b - - 3 31|11 30 39 313 328 416 437 488 624 755|13 24 80 200 331 415 422 435 641 752
general|6Q1/2p1k2r/8/P6p/1P4n1/8/4P2K/8 w - - 4 32|11 30 39 313 328 416 437 473 624 755|13 24 97 200 331 415 422 435 641 752
general|N2k4/2p5/8/1P6/4r1p1/8/8/5K2 b - - 0 41|38 127 322 409 437 603 764|10 38 228 323 409 448 765
general|N2k4/2p5/8/1P6/6p1/8/4r3/5K2 w - - 1 42|38 127 322 409 437 587 764|10 38 244 323 409 448 765
general|3k4/2N5/8/1P6/6p1/8/4r3/5K2 b - - 0 42|38 117 322 409 587 764|38 244 323 409 458 765
general|3k4/2N5/8/1P6/6p1/8/3r4/5K2 w - - 1 43|38 117 322 409 588 764|38 243 323 409 458 765
general|3k4/8/N7/1P6/6p1/8/3r4/5K2 b - - 2 43|38 111 322 409 588 764|38 243 323 409 464 765
general|3k4/8/N7/1P1r4/6p1/8/8/5K2 w - - 3 44|38 111 322 409 612 764|38 219 323 409 464 765
general|3k4/8/8/1P1r4/1N4p1/8/8/5K2 b - - 4 44|38 94 322 409 612 764|38 219 323 409 481 765
general|2k5/8/8/1P1r4/1N4p1/8/8/5K2 w - - 5 45|38 94 322 409 612 765|38 219 322 409 481 765
general|2k5/8/8/1P1r4/1N4p1/8/6K1/8 b - - 6 45|38 94 329 409 612 765|38 219 322 409 481 758
general|2k5/8/8/1P3r2/1N4p1/8/6K1/8 w - - 7 46|38 94 329 409 610 765|38 221 322 409 481 758
general|2k5/8/2N5/1P3r2/6p1/8/6K1/8 b - - 8 46|38 109 329 409 610 765|38 221 322 409 466 758
general|2k5/8/2N5/1r6/6p1/8/6K1/8 w - - 0 47|109 329 409 614 765|38 217 322 466 758
general|2k5/8/8/1r6/3N2p1/8/6K1/8 b - - 1 47|92 329 409 614 765|38 217 322 483 758
general|1rk5/8/8/8/3N2p1/8/6K1/8 w - - 2 48|92 329 409 638 765|38 193 322 483 758
general|1rk5/8/8/8/6p1/5N2/6K1/8 b - - 3 48|82 329 409 638 765|38 193 322 493 758
general|8/5k2/8/8/8/8/K7/8 b - - 0 87|328 757|330 759
general|r1b2b1r/2p1p2p/1pp2pk1/p7/2P5/4PP2/R2K2PP/1N4NR b - - 0 15|14 15 20 21 26 65 70 199 200 331 416 425 426 429 434 436 439 570 573 632 639 750|8 11 13 18 21 22 31 130 133 192 199 337 421 426 427 432 433 505 510 631 632 756
general|r4b1r/2p1p2p/bpp2pk1/p7/2P5/4PP2/R2K2PP/1N4NR w - - 1 16|14 15 20 21 26 65 70 199 200 331 416 425 426 429 434 436 439 552 573 632 639 750|8 11 13 18 21 22 31 130 151 192 199 337 421 426 427 432 433 505 510 631 632 756
general|r4b1r/2p1p2p/bpp2pk1/p7/2P5/4PP2/3K2PP/RN4NR b - - 2 16|14 15 20 21 26 65 70 192 199 331 416 425 426 429 434 436 439 552 573 632 639 750|8 11 13 18 21 22 31 130 151 192 199 337 421 426 427 432 433 505 510 632 639 756
general|r4b1r/2p1p2p/1pp2pk1/pb6/2P5/4PP2/3K2PP/RN4NR w - - 3 17|14 15 20 21 26 65 70 192 199 331 416 425 426 429 434 436 439 545 573 632 639 750|8 11 13 18 21 22 31 130 158 192 199 337 421 426 427 432 433 505 510 632 639 756
general|r4b1r/2p1p2p/1pp2pk1/pb6/2P5/4PP1P/3K2P1/RN4NR b - - 0 17|14 20 21 23 26 65 70 192 199 331 416 425 426 429 434 436 439 545 573 632 639 750|8 11 13 18 21 22 31 130 158 192 199 337 421 424 426 427 433 505 510 632 639 756
general|r4b1r/2p1p2p/1pp2pk1/R7/2b5/4PP1P/3K2P1/1N4NR b - - 0 18|14 20 21 23 65 70 199 224 331 425 426 429 434 436 439 538 573 632 639 750|8 11 13 18 21 22 130 165 192 199 337 424 426 427 433 505 510 607 632 756
general|8/2p1bb1p/5p2/p6k/4P3/2KR3P/6P1/8 b - - 0 38|14 23 28 211 338 416 429 434 439 564 565 743|8 13 18 31 138 139 344 419 424 433 620 749
general|8/2p1bb1p/5p2/p5k1/4P3/2KR3P/6P1/8 w - - 1 39|14 23 28 211 338 416 429 434 439 564 565 742|8 13 18 31 138 139 345 419 424 433 620 749
general|8/2p1bb1p/5p2/p5k1/3KP3/3R3P/6P1/8 b - - 2 39|14 23 28 211 347 416 429 434 439 564 565 742|8 13 18 31 138 139 345 419 424 433 620 740
general|8/4bb1p/2p2p2/p5k1/3KP3/3R3P/6P1/8 w - - 0 40|14 23 28 211 347 416 426 429 439 564 565 742|8 18 21 31 138 139 345 419 424 433 620 740
general|8/4bb1p/2p2p2/p5k1/3KP3/2R4P/6P1/8 b - - 1 40|14 23 28 210 347 416 426 429 439 564 565 742|8 18 21 31 138 139 345 419 424 433 621 740
general|8/4bb1p/2p2p2/6k1/p2KP3/2R4P/6P1/8 w - - 0 41|14 23 28 210 347 408 426 429 439 564 565 742|8 18 21 39 138 139 345 419 424 433 621 740
general|8/5b1p/2p2p2/6k1/pb1KP1P1/2R4P/8/8 w - - 1 42|23 28 30 210 347 408 426 429 439 537 565 742|8 18 21 39 138 166 345 417 419 424 621 740
general|8/5b1p/2R2p2/6k1/pb1KP1P1/7P/8/8 b - - 0 42|23 28 30 234 347 408 429 439 537 565 742|8 18 39 138 166 345 417 419 424 597 740
general|8/5b1p/2R2p2/8/pb1KP1Pk/7P/8/8 w - - 1 43|23 28 30 234 347 408 429 439 537 565 735|8 18 39 138 166 352 417 419 424 597 740
general|8/5b1p/5R2/8/pb1KP1Pk/7P/8/8 b - - 0 43|23 28 30 237 347 408 439 537 565 735|8 39 138 166 352 417 419 424 594 740
general|6b1/7p/5R2/8/pb1KP1Pk/7P/8/8 w - - 1 44|23 28 30 237 347 408 439 537 574 735|8 39 129 166 352 417 419 424 594 740
general|6b1/7p/2R5/8/pb1KP1Pk/7P/8/8 b - - 2 44|23 28 30 234 347 408 439 537 574 735|8 39 129 166 352 417 419 424 597 740
general|8/7p/2R1b3/8/pb1KP1Pk/7P/8/8 w - - 3 45|23 28 30 234 347 408 439 537 556 735|8 39 147 166 352 417 419 424 597 740
general|8/7p/4b3/2R5/pb1KP1Pk/7P/8/8 b - - 4 45|23 28 30 226 347 408 439 537 556 735|8 39 147 166 352 417 419 424 605 740
general|8/7p/4b3/2R5/p2KP1Pk/b6P/8/8 w - - 5 46|23 28 30 226 347 408 439 528 556 735|8 39 147 175 352 417 419 424 605 740
general|8/7p/4b3/3R4/p2KP1Pk/b6P/8/8 b - - 6 46|23 28 30 227 347 408 439 528 556 735|8 39 147 175 352 417 419 424 604 740
general|2b5/7p/8/3R4/p2KP1Pk/b6P/8/8 w - - 7 47|23 28 30 227 347 408 439 528 570 735|8 39 133 175 352 417 419 424 604 740
general|2b5/7p/8/3R4/p1K1P1Pk/b6P/8/8 b - - 8 47|23 28 30 227 346 408 439 528 570 735|8 39 133 175 352 417 419 424 604 741
general|2b5/7p/8/3R4/pbK1P1Pk/7P/8/8 w - - 9 48|23 28 30 227 346 408 439 537 570 735|8 39 133 166 352 417 419 424 604 741
general|2b5/7p/8/8/pbK1P1Pk/7P/3R4/8 b - - 10 48|23 28 30 203 346 408 439 537 570 735|8 39 133 166 352 417 419 424 628 741
general|8/1K4k1/8/8/7p/8/8/8 b - - 0 113|369 415 758|32 329 718
general|8/1K5k/8/8/7p/8/8/8 w - - 1 114|369 415 759|32 328 718
general|8/K6k/8/8/7p/8/8/8 b - - 2 114|368 415 759|32 328 719
general|8/K7/6k1/8/7p/8/8/8 w - - 3 115|368 415 750|32 337 719
general|8/8/K5k1/8/7p/8/8/8 b - - 4 115|360 415 750|32 337 727
general|8/8/K5k1/8/8/7p/8/8 w - - 0 116|360 407 750|40 337 727
general|8/K7/6k1/8/8/7p/8/8 b - - 1 116|368 407 750|40 337 719
general|8/K7/7k/8/8/7p/8/8 w - - 2 117|368 407 751|40 336 719
general|8/8/K6k/8/8/7p/8/8 b - - 3 117|360 407 751|40 336 727
general|8/6k1/K7/8/8/7p/8/8 w - - 4 118|360 407 758|40 329 727
general|8/1K4k1/8/8/8/7p/8/8 b - - 5 118|369 407 758|40 329 718
general|8/1K5k/8/8/8/7p/8/8 w - - 6 119|369 407 759|40 328 718
general|8/7k/K7/8/8/7p/8/8 b - - 7 119|360 407 759|40 328 727
general|8/8/K6k/8/8/7p/8/8 w - - 8 120|360 407 751|40 336 727
general|8/8/7k/K7/8/7p/8/8 b - - 9 120|352 407 751|40 336 735
general|8/8/2K5/5k2/8/8/8/8 b - - 0 138|362 741|346 725
general|6n1/5k2/8/3N4/8/2R3PB/2P1KP1P/7R w - - 1 26|8 10 13 17 100 144 192 213 331 505 754|65 330 425 432 434 437 476 552 621 632 755
general|6n1/5k2/8/3N4/8/2R3PB/2P1KP1P/R7 b - - 2 26|8 10 13 17 100 144 199 213 331 505 754|65 330 425 432 434 437 476 552 621 639 755
general|8/4nk2/8/3N4/8/2R3PB/2P1KP1P/R7 w - - 3 27|8 10 13 17 100 144 199 213 331 499 754|75 330 425 432 434 437 476 552 621 639 755
general|8/4Nk2/8/8/8/2R3PB/2P1KP1P/R7 b - - 0 27|8 10 13 17 115 144 199 213 331 754|330 425 432 434 437 459 552 621 639 755
general|8/4k3/8/8/8/2R3PB/2P1KP1P/R7 w - - 0 28|8 10 13 17 144 199 213 331 755|331 425 432 434 437 552 621 639 755
general|8/4k3/8/8/8/2R3PB/R1P1KP1P/8 b - - 1 28|8 10 13 17 144 207 213 331 755|331 425 432 434 437 552 621 631 755
general|8/8/5k2/8/8/2R3PB/R1P1KP1P/8 w - - 2 29|8 10 13 17 144 207 213 331 746|338 425 432 434 437 552 621 631 755
general|8/8/5k2/8/8/2R3PB/2P1KP1P/R7 b - - 3 29|8 10 13 17 144 199 213 331 746|338 425 432 434 437 552 621 639 755
general|8/8/8/6k1/8/2R3PB/2P1KP1P/R7 w - - 4 30|8 10 13 17 144 199 213 331 737|345 425 432 434 437 552 621 639 755
general|8/8/8/6k1/6P1/2R4B/2P1KP1P/R7 b - - 0 30|8 10 13 25 144 199 213 331 737|345 417 432 434 437 552 621 639 755
general|8/8/6k1/8/6P1/2R4B/2P1KP1P/R7 w - - 1 31|8 10 13 25 144 199 213 331 745|337 417 432 434 437 552 621 639 755
general|8/8/6k1/8/6P1/2R4B/2P1KP1P/2R5 b - - 2 31|8 10 13 25 144 197 213 331 745|337 417 432 434 437 552 621 637 755
general|8/8/5k2/8/6P1/2R4B/2P1KP1P/2R5 w - - 3 32|8 10 13 25 144 197 213 331 746|338 417 432 434 437 552 621 637 755
general|8/8/5k2/8/6P1/2R4B/2P1KP1P/3R4 b - - 4 32|8 10 13 25 144 196 213 331 746|338 417 432 434 437 552 621 636 755
general|8/8/8/6k1/6P1/2R4B/2P1KP1P/3R4 w - - 5 33|8 10 13 25 144 196 213 331 737|345 417 432 434 437 552 621 636 755
general|8/8/8/6k1/6P1/2R5/2P1KP1P/3R1B2 b - - 6 33|8 10 13 25 130 196 213 331 737|345 417 432 434 437 570 621 636 755
general|8/8/8/8/6k1/2R5/2P1KP1P/3R1B2 w - - 0 34|8 10 13 130 196 213 331 729|353 432 434 437 570 621 636 755
general|8/8/8/8/6k1/3R4/2P1KP1P/3R1B2 b - - 1 34|8 10 13 130 196 212 331 729|353 432 434 437 570 620 636 755
general|8/8/8/8/7k/3R4/2P1KP1P/3R1B2 w - - 2 35|8 10 13 130 196 212 331 728|352 432 434 437 570 620 636 755
general|8/8/3R4/8/7k/8/2P1KP1P/3R1B2 b - - 3 35|8 10 13 130 196 236 331 728|352 432 434 437 570 596 636 755
general|8/8/3R4/6k1/8/8/2P1KP1P/3R1B2 w - - 4 36|8 10 13 130 196 236 331 737|345 432 434 437 570 596 636 755
general|8/8/4R3/6k1/8/8/2P1KP1P/3R1B2 b - - 5 36|8 10 13 130 196 235 331 737|345 432 434 437 570 595 636 755
general|8/8/4R3/8/7k/8/2P1KP1P/3R1B2 w - - 6 37|8 10 13 130 196 235 331 728|352 432 434 437 570 595 636 755
general|8/8/4R3/7k/5P2/8/2P1K2P/3R1B2 w - - 1 38|8 13 26 130 196 235 331 736|344 418 432 437 570 595 636 755
general|8/4R3/8/7k/5P2/8/2P1K2P/3R1B2 b - - 2 38|8 13 26 130 196 243 331 736|344 418 432 437 570 587 636 755
general|8/4R3/8/8/5P1k/8/2P1K2P/3R1B2 w - - 3 39|8 13 26 130 196 243 331 728|352 418 432 437 570 587 636 755
general|8/4R3/8/3R4/5P1k/8/2P1K2P/5B2 b - - 4 39|8 13 26 130 228 243 331 728|352 418 432 437 570 587 604 755
general|8/4R3/8/3R4/5Pk1/8/2P1K2P/5B2 w - - 5 40|8 13 26 130 228 243 331 729|353 418 432 437 570 587 604 755
general|8/4R3/8/3R4/5Pk1/8/2P1K1BP/8 b - - 6 40|8 13 26 137 228 243 331 729|353 418 432 437 561 587 604 755
general|8/4R3/8/3R4/5k2/8/2P1K1BP/8 w - - 0 41|8 13 137 228 243 331 730|354 432 437 561 587 604 755
general|8/8/8/3R4/4Rk2/8/2P1K1BP/8 b - - 1 41|8 13 137 219 228 331 730|354 432 437 561 604 611 755
general|r1b2k2/p2p1p1p/2p2p2/Pp3P1r/P7/2P5/6B1/R1K1R3 w - - 2 20|18 24 32 37 142 192 196 322 417 426 429 432 435 437 439 570 615 632 765|8 10 12 15 18 21 30 133 199 216 322 410 415 423 429 561 635 639 765
general|r1b2k2/p2p1p1p/2B2p2/Pp3P1r/P7/2P5/8/R1K1R3 b - - 0 20|18 24 32 37 170 192 196 322 417 429 432 435 437 439 570 615 632 765|8 10 12 15 18 30 133 199 216 322 410 415 423 429 533 635 639 765
general|r1b2k2/3p1p1p/p1B2p2/Pp3P1r/P7/2P5/8/R1K1R3 w - - 0 21|18 24 32 37 170 192 196 322 417 424 429 435 437 439 570 615 632 765|8 10 12 18 23 30 133 199 216 322 410 415 423 429 533 635 639 765
general|r1b2k2/3p1p1p/p1B2p2/Pp3P1r/P7/2P5/2K5/R3R3 b - - 1 21|18 24 32 37 170 192 196 330 417 424 429 435 437 439 570 615 632 765|8 10 12 18 23 30 133 199 216 322 410 415 423 429 533 635 639 757
general|r1b2k2/3p1p1p/p1B2p2/Pp3P2/P7/2P4r/2K5/R3R3 w - - 2 22|18 24 32 37 170 192 196 330 417 424 429 435 437 439 570 599 632 765|8 10 12 18 23 30 133 199 232 322 410 415 423 429 533 635 639 757
general|B1b2k2/3p1p1p/p4p2/Pp3P2/P7/2P4r/2K5/R3R3 b - - 0 22|18 24 32 37 184 192 196 330 417 424 429 435 437 439 570 599 765|8 10 12 18 23 30 133 232 322 410 415 423 429 519 635 639 757
general|B1b2k2/5p1p/p4p2/PP1p1P2/8/2P4r/2K5/R3R3 b - - 0 23|18 32 33 37 184 192 196 330 419 424 429 437 439 570 599 765|8 10 18 23 28 133 232 322 410 414 415 429 519 635 639 757
general|B1b2k2/5p1p/5p2/Pp1p1P2/8/2P4r/2K5/R3R3 w - - 0 24|18 32 37 184 192 196 330 417 419 429 437 439 570 599 765|8 10 18 28 30 133 232 322 410 415 429 519 635 639 757
general|2b2k2/5p1p/5p2/Pp1B1P2/8/2P4r/2K5/R3R3 b - - 0 24|18 32 37 163 192 196 330 417 429 437 439 570 599 765|8 10 18 30 133 232 322 410 415 429 540 635 639 757
general|5k2/5p1p/5p2/Pp1B1b2/8/2P4r/2K5/R3R3 w - - 0 25|18 32 163 192 196 330 417 429 437 439 549 599 765|8 10 18 30 154 232 322 415 429 540 635 639 757
general|5k2/5p1p/5p2/Pp3b2/4B3/2P4r/2K5/R3R3 b - - 1 25|18 32 156 192 196 330 417 429 437 439 549 599 765|8 10 18 30 154 232 322 415 429 547 635 639 757
general|5k2/5p1p/5p2/Pp3b2/4B3/2Pr4/2K5/R3R3 w - - 2 26|18 32 156 192 196 330 417 429 437 439 549 595 765|8 10 18 30 154 236 322 415 429 547 635 639 757
general|5k2/5p1p/5p2/Pp3b2/4B3/2PK4/8/R3R3 b - - 0 26|18 32 156 192 196 339 417 429 437 439 549 765|8 10 18 30 154 322 415 429 547 635 639 748
general|5k2/5p1p/5pb1/Pp6/4B3/2PK4/8/R3R3 w - - 1 27|18 32 156 192 196 339 417 429 437 439 558 765|8 10 18 30 145 322 415 429 547 635 639 748
general|5k2/5p1p/5pb1/Pp6/4B3/2PK4/8/R1R5 b - - 2 27|18 32 156 192 194 339 417 429 437 439 558 765|8 10 18 30 145 322 415 429 547 637 639 748
general|5k2/5p1p/5p2/Pp6/4b3/2PK4/8/R1R5 w - - 0 28|18 32 192 194 339 417 429 437 439 540 765|8 10 18 30 163 322 415 429 637 639 748
general|5k2/5p1p/5p2/Pp6/4K3/2P5/8/R1R5 b - - 0 28|21 39 197 199 347 422 426 432 434 762|8 10 18 30 322 415 429 637 639 739
general|5k2/5p1p/5p2/P7/1p2K3/2P5/8/R1R5 w - - 0 29|21 39 197 199 347 414 426 432 434 762|8 10 18 38 322 415 429 637 639 739
general|5k2/5p1p/5p2/P4K2/1p6/2P5/8/R1R5 b - - 1 29|21 39 197 199 354 414 426 432 434 762|8 10 18 38 322 415 429 637 639 730
general|8/4kp1p/5p2/P4K2/1p6/2P5/8/R1R5 w - - 2 30|21 39 197 199 354 414 426 432 434 755|8 10 18 38 331 415 429 637 639 730
general|8/4kp1p/5p2/P4K2/1P6/8/8/R1R5 b - - 0 30|30 39 197 199 354 426 432 434 755|8 10 18 331 415 422 637 639 730
general|4k3/5p1p/5p2/P4K2/1P6/8/8/R1R5 w - - 1 31|30 39 197 199 354 426 432 434 763|8 10 18 323 415 422 637 639 730
general|4k3/5p1p/5K2/P7/1P6/8/8/R1R5 b - - 0 31|30 39 197 199 362 432 434 763|8 10 323 415 422 637 639 722
general|4k3/5p2/5K1p/P7/1P6/8/8/R1R5 w - - 0 32|30 39 197 199 362 424 434 763|10 16 323 415 422 637 639 722
general|4k3/5p2/5K1p/P1R5/1P6/8/8/R7 b - - 1 32|30 39 199 229 362 424 434 763|10 16 323 415 422 605 639 722
general|4k3/5p2/5K2/P1R4p/1P6/8/8/R7 w - - 0 33|30 39 199 229 362 416 434 763|10 24 323 415 422 605 639 722
general|4k3/5p2/5K2/P1R4p/1P6/8/8/2R5 b - - 1 33|30 39 197 229 362 416 434 763|10 24 323 415 422 605 637 722
general|4k3/5p2/5K2/P1R5/1P5p/8/8/2R5 w - - 0 34|30 39 197 229 362 408 434 763|10 32 323 415 422 605 637 722
general|4k3/5p2/5K2/P5R1/1P5p/8/8/2R5 b - - 1 34|30 39 197 225 362 408 434 763|10 32 323 415 422 601 637 722
general|4k3/5p2/5K2/P5R1/1P6/7p/8/2R5 w - - 0 35|30 39 197 225 362 400 434 763|10 40 323 415 422 601 637 722
general|4k3/5p2/5K2/P7/1P6/7p/8/2R3R1 b - - 1 35|30 39 193 197 362 400 434 763|10 40 323 415 422 633 637 722
general|5k2/5p2/5K2/P7/1P6/7p/8/2R3R1 w - - 2 36|30 39 193 197 362 400 434 762|10 40 322 415 422 633 637 722
general|5k2/5p2/5K2/P7/1P6/7p/8/3R2R1 b - - 3 36|30 39 193 196 362 400 434 762|10 40 322 415 422 633 636 722
general|4k3/5p2/5K2/P7/1P6/7p/8/3R2R1 w - - 4 37|30 39 193 196 362 400 434 763|10 40 323 415 422 633 636 722
general|4k3/5p2/5KR1/P7/1P6/7p/8/3R4 b - - 5 37|30 39 196 233 362 400 434 763|10 40 323 415 422 593 636 722
general|5k2/5p2/5KR1/P7/1P6/7p/8/3R4 w - - 6 38|30 39 196 233 362 400 434 762|10 40 322 415 422 593 636 722
general|5k2/5p2/5KR1/P7/1P6/7p/8/4R3 b - - 7 38|30 39 195 233 362 400 434 762|10 40 322 415 422 593 635 722
general|5k2/8/5Kp1/P7/1P6/7p/8/4R3 w - - 0 39|30 39 195 362 400 425 762|17 40 322 415 422 635 722
general|5k2/8/5Kp1/P3R3/1P6/7p/8/8 b - - 1 39|30 39 227 362 400 425 762|17 40 322 415 422 603 722
general|6k1/8/6K1/P4R2/1P6/8/8/7n w - - 0 42|30 39 226 361 448 761|120 321 415 422 602 721
general|6k1/8/6K1/P3R3/1P6/8/8/7n b - - 1 42|30 39 227 361 448 761|120 321 415 422 603 721
general|6k1/8/6K1/P3R3/1P6/8/5n2/8 w - - 2 43|30 39 227 361 458 761|114 321 415 422 603 721
general|6k1/8/6K1/PR6/1P6/8/5n2/8 b - - 3 43|30 39 230 361 458 761|114 321 415 422 606 721
general|6k1/8/6K1/PR6/1P6/3n4/8/8 w - - 4 44|30 39 230 361 468 761|108 321 415 422 606 721
general|6k1/8/5K2/PR6/1P6/3n4/8/8 b - - 5 44|30 39 230 362 468 761|108 321 415 422 606 722
general|6k1/8/5K2/PRn5/1P6/8/8/8 w - - 6 45|30 39 230 362 485 761|93 321 415 422 606 722
general|1R4k1/8/5K2/P1n5/1P6/8/8/8 b - - 7 45|30 39 254 362 485 761|93 321 415 422 582 722
general|1R6/7k/5K2/P1n5/1P6/8/8/8 w - - 8 46|30 39 254 362 485 752|93 328 415 422 582 722
general|1R6/7k/5K2/P1P5/8/8/8/8 b - - 0 46|37 39 254 362 752|328 413 415 582 722
general|1R6/8/5K1k/P1P5/8/8/8/8 w - - 1 47|37 39 254 362 744|336 413 415 582 722
general|R7/8/5K1k/P1P5/8/8/8/8 b - - 2 47|37 39 255 362 744|336 413 415 583 722
general|R7/7k/5K2/P1P5/8/8/8/8 w - - 3 48|37 39 255 362 752|328 413 415 583 722
general|7R/7k/5K2/P1P5/8/8/8/8 b - - 4 48|37 39 248 362 752|328 413 415 576 722
general|7k/8/5K2/P1P5/8/8/8/8 w - - 0 49|37 39 362 760|320 413 415 722
general|7k/8/4K3/P1P5/8/8/8/8 b - - 1 49|37 39 363 760|320 413 415 723
general|8/6k1/4K3/P1P5/8/8/8/8 w - - 2 50|37 39 363 753|329 413 415 723
general|8/6k1/P3K3/2P5/8/8/8/8 b - - 0 50|37 47 363 753|329 407 413 723
general|7k/8/P3K3/2P5/8/8/8/8 w - - 1 51|37 47 363 760|320 407 413 723
general|7k/4K3/P7/2P5/8/8/8/8 b - - 2 51|37 47 371 760|320 407 413 715
general|8/4K2k/P7/2P5/8/8/8/8 w - - 3 52|37 47 371 752|328 407 413 715
general|8/7k/P2K4/2P5/8/8/8/8 b - - 4 52|34 40 363 759|328 407 413 724
general|7k/8/P2K4/2P5/8/8/8/8 w - - 5 53|34 40 363 767|320 407 413 724
general|7k/8/P1K5/2P5/8/8/8/8 b - - 6 53|34 40 362 767|320 407 413 725
general|8/7k/P1K5/2P5/8/8/8/8 w - - 7 54|34 40 362 759|328 407 413 725
general|8/1K5k/P7/2P5/8/8/8/8 b - - 8 54|34 40 369 759|328 407 413 718
general|8/1K6/P6k/2P5/8/8/8/8 w - - 9 55|34 40 369 751|336 407 413 718
general|8/8/P1K4k/2P5/8/8/8/8 b - - 10 55|34 40 362 751|336 407 413 725
general|8/8/P1K3k1/2P5/8/8/8/8 w - - 11 56|34 40 362 750|337 407 413 725
general|8/2K5/P5k1/2P5/8/8/8/8 b - - 12 56|34 40 370 750|337 407 413 717
general|8/2K5/P6k/2P5/8/8/8/8 w - - 13 57|34 40 370 751|336 407 413 717
general|8/3K4/P6k/2P5/8/8/8/8 b - - 14 57|34 40 371 751|336 407 413 716
general|8/3K4/P7/2P4k/8/8/8/8 w - - 15 58|34 40 371 743|344 407 413 716
general|8/3K4/P1P5/7k/8/8/8/8 b - - 0 58|40 42 371 743|344 405 407 716
general|8/3K4/P1P5/8/6k1/8/8/8 w - - 1 59|40 42 371 734|353 405 407 716
general|3K4/8/P1P5/8/6k1/8/8/8 b - - 2 59|40 42 379 734|353 405 407 708
general|3K4/8/P1P5/8/7k/8/8/8 w - - 3 60|40 42 379 735|352 405 407 708
general|Q1K5/8/2P5/8/8/8/7k/8 b - - 0 62|42 312 378 719|368 405 647 709
general|Q1K5/8/2P5/8/8/8/6k1/8 w - - 1 63|42 312 378 718|369 405 647 709
general|2K5/8/2P5/8/8/8/Q5k1/8 b - - 2 63|42 264 378 718|369 405 695 709
general|2K5/8/2P5/8/8/6k1/Q7/8 w - - 3 64|42 264 378 726|361 405 695 709
general|2K5/8/2P5/8/Q7/6k1/8/8 b - - 4 64|42 280 378 726|361 405 679 709
general|2K5/8/2P5/8/Q7/7k/8/8 w - - 5 65|42 280 378 727|360 405 679 709
general|Q1K5/8/2P5/8/8/7k/8/8 b - - 6 65|42 312 378 727|360 405 647 709
general|Q1K5/8/2P5/8/8/6k1/8/8 w - - 7 66|42 312 378 726|361 405 647 709
general|1KQ5/8/8/8/6k1/1Q6/8/8 b - - 0 74|273 314 377 734|353 645 686 710
general|1KQ5/8/8/7k/8/1Q6/8/8 w - - 1 75|273 314 377 743|344 645 686 710
general|1K6/8/4Q3/7k/8/1Q6/8/8 b - - 2 75|273 300 377 743|344 659 686 710
general|1K6/8/4Q3/8/7k/1Q6/8/8 w - - 3 76|273 300 377 735|352 659 686 710
general|1K6/8/8/8/7k/1Q6/4Q3/8 b - - 4 76|268 273 377 735|352 686 691 710
general|1K6/8/8/6k1/8/1Q6/4Q3/8 w - - 5 77|268 273 377 742|345 686 691 710
general|1K6/8/8/6k1/8/1Q6/8/5Q2 b - - 6 77|261 273 377 742|345 686 698 710
general|1K6/8/8/8/6k1/1Q6/8/5Q2 w - - 7 78|261 273 377 734|353 686 698 710
general|1K6/5Q2/8/8/6k1/1Q6/8/8 b - - 8 78|273 309 377 734|353 650 686 710
general|1K6/5Q2/8/8/7k/1Q6/8/8 w - - 9 79|273 309 377 735|352 650 686 710
general|1K6/5Q2/8/8/7k/8/8/1Q6 b - - 10 79|257 309 377 735|352 650 702 710
general|1K6/5Q2/8/8/8/6k1/8/1Q6 w - - 11 80|257 309 377 726|361 650 702 710
general|1K6/8/8/8/8/6k1/5Q2/1Q6 b - - 12 80|257 269 377 726|361 690 702 710
general|1K6/8/8/8/8/8/5k2/1Q6 w - - 0 81|257 377 717|370 702 710
general|1K6/8/8/8/4Q3/8/5k2/8 b - - 1 81|284 377 717|370 675 710
general|1K6/8/8/8/4Q3/6k1/8/8 w - - 2 82|284 377 726|361 675 710
general|1K6/4Q3/8/8/8/6k1/8/8 b - - 3 82|308 377 726|361 651 710
general|1K6/4Q3/8/8/8/8/5k2/8 w - - 4 83|308 377 717|370 651 710
general|8/2K1Q3/8/8/8/8/5k2/8 b - - 5 83|308 370 717|370 651 717
general|8/2K1Q3/8/8/8/5k2/8/8 w - - 6 84|308 370 725|362 651 717
general|8/2K5/8/8/8/5k2/4Q3/8 b - - 7 84|268 370 725|362 691 717
general|8/2K5/8/8/5k2/8/4Q3/8 w - - 8 85|268 370 733|354 691 717
general|8/2K5/8/8/5k2/8/7Q/8 b - - 9 85|271 370 733|354 688 717
general|8/2K5/8/8/8/5k2/7Q/8 w - - 10 86|271 370 725|362 688 717
general|8/2K5/8/8/7Q/5k2/8/8 b - - 11 86|287 370 725|362 672 717
general|8/2K5/8/8/7Q/8/6k1/8 w - - 12 87|287 370 718|369 672 717
general|8/3K4/8/8/7Q/8/6k1/8 b - - 13 87|287 371 718|369 672 716
general|8/3K4/8/8/7Q/8/8/6k1 w - - 14 88|287 371 710|377 672 716
general|8/3K4/8/8/5Q2/8/8/6k1 b - - 15 88|285 371 710|377 674 716
general|8/3K4/8/8/5Q2/8/6k1/8 w - - 16 89|285 371 718|369 674 716
general|8/8/2K5/8/5Q2/8/6k1/8 b - - 17 89|285 362 718|369 674 725
general|8/8/2K5/8/5Q2/8/8/7k w - - 18 90|285 362 711|376 674 725
general|8/2Q5/2K5/8/8/8/8/7k b - - 19 90|306 362 711|376 653 725
general|8/2Q5/2K5/8/8/8/6k1/8 w - - 20 91|306 362 718|369 653 725
general|8/8/2K5/8/5Q2/7k/8/8 w - - 22 92|285 362 727|360 674 725
general|8/8/8/1K6/5Q2/7k/8/8 b - - 23 92|285 353 727|360 674 734
general|8/8/8/1K6/5Q2/8/6k1/8 w - - 24 93|285 353 718|369 674 734
general|8/8/8/K7/5Q2/8/6k1/8 b - - 25 93|285 352 718|369 674 735
general|8/8/8/K7/5Q2/7k/8/8 w - - 26 94|285 352 727|360 674 735
general|8/8/8/K7/8/6Qk/8/8 b - - 27 94|278 352 727|360 681 735
general|8/8/8/K7/8/6k1/8/8 w - - 0 95|352 726|361 735
general|rR3b1r/p2k2pp/P4p2/8/4P3/6P1/1q1PKP2/2B2QN1 w - - 1 17|10 12 17 27 47 65 133 254 258 331 426 432 433 439 570 632 639 654 756|8 14 15 21 133 192 199 305 331 400 420 430 435 437 510 570 577 701 756
general|r3Rb1r/p2k2pp/P4p2/8/4P3/6P1/1q1PKP2/2B2QN1 b - - 2 17|10 12 17 27 47 65 133 251 258 331 426 432 433 439 570 632 639 654 756|8 14 15 21 133 192 199 305 331 400 420 430 435 437 510 570 580 701 756
general|r3Rb1r/p2k2pp/P4p2/8/4P3/6P1/2qPKP2/2B2QN1 w - - 3 18|10 12 17 27 47 65 133 251 258 331 426 432 433 439 570 632 639 653 756|8 14 15 21 133 192 199 306 331 400 420 430 435 437 510 570 580 701 756
general|R4b1r/p2k2pp/P4p2/8/4P3/6P1/2qPKP2/2B2QN1 b - - 0 18|10 12 17 27 47 65 133 255 258 331 426 432 433 439 570 632 653 756|8 14 15 21 133 199 306 331 400 420 430 435 437 510 570 576 701 756
general|R4b1r/p2k2pp/P4p2/8/4q3/6P1/3PKP2/2B2QN1 w - - 0 19|10 12 17 47 65 133 255 258 331 426 432 433 439 570 632 667 756|8 14 15 21 133 199 292 331 400 430 435 437 510 570 576 701 756
general|R4b1r/p2k2pp/P4p2/8/4q3/6P1/3P1P2/2BK1QN1 b - - 1 19|11 13 22 40 70 130 248 261 323 429 432 438 439 573 639 668 755|8 14 15 21 133 199 292 331 400 430 435 437 510 570 576 701 763
general|R4b1r/p2k2pp/P4p2/8/7q/6P1/3P1P2/2BK1QN1 w - - 2 20|11 13 22 40 70 130 248 261 323 429 432 438 439 573 639 671 755|8 14 15 21 133 199 295 331 400 430 435 437 510 570 576 701 763
general|5R1r/p2k2pp/P4p2/8/7q/6P1/3P1P2/2BK1QN1 b - - 0 20|11 13 22 40 70 130 253 261 323 429 432 438 439 639 671 755|8 14 15 21 199 295 331 400 430 435 437 510 570 581 701 763
general|5R1r/p2k2pp/P4p1q/8/8/6P1/3P1P2/2BK1QN1 w - - 1 21|11 13 22 40 70 130 253 261 323 429 432 438 439 639 687 755|8 14 15 21 199 279 331 400 430 435 437 510 570 581 701 763
general|7r/p2k2pp/P4R1q/8/8/6P1/3P1P2/2BK1QN1 b - - 0 21|11 13 22 40 70 130 237 261 323 432 438 439 639 687 755|8 14 15 199 279 331 400 430 435 437 510 570 597 701 763
general|7r/p2k3p/P4p1q/8/8/6P1/3P1P2/2BK1QN1 w - - 0 22|11 13 22 40 70 130 261 323 429 432 439 639 687 755|8 15 21 199 279 331 400 430 435 437 510 570 701 763
general|7r/p2k3p/P4p1q/1Q6/8/6P1/3P1P2/2BK2N1 b - - 1 22|11 13 22 40 70 130 289 323 429 432 439 639 687 755|8 15 21 199 279 331 400 430 435 437 510 570 665 763
general|2k4r/p6p/P4p1q/1Q6/8/6P1/3P1P2/2BK2N1 w - - 2 23|11 13 22 40 70 130 289 323 429 432 439 639 687 762|8 15 21 199 279 322 400 430 435 437 510 570 665 763
general|2k4r/p6p/P4p1q/Q7/8/6P1/3P1P2/2BK2N1 b - - 3 23|11 13 22 40 70 130 288 323 429 432 439 639 687 762|8 15 21 199 279 322 400 430 435 437 510 570 664 763
general|2k4r/p6p/P4p2/Q7/8/6P1/3q1P2/2BK2N1 w - - 0 24|13 22 40 70 130 288 323 429 432 439 639 651 762|8 15 21 199 307 322 400 430 437 510 570 664 763
general|2k4r/p6p/P4p2/Q7/8/6P1/3K1P2/2B3N1 b - - 0 24|13 22 40 70 130 288 331 429 432 439 639 762|8 15 21 199 322 400 430 437 510 570 664 755
general|2k2r2/p6p/P4p2/Q7/8/6P1/3K1P2/2B3N1 w - - 1 25|13 22 40 70 130 288 331 429 432 439 637 762|8 15 21 197 322 400 430 437 510 570 664 755
general|2k2r2/p6p/P4p2/Q7/8/6P1/2K2P2/2B3N1 b - - 2 25|13 22 40 70 130 288 330 429 432 439 637 762|8 15 21 197 322 400 430 437 510 570 664 754
general|1k3r2/p6p/P4p2/Q7/8/6P1/2K2P2/2B3N1 w - - 3 26|13 22 40 70 130 288 330 429 432 439 637 761|8 15 21 197 321 400 430 437 510 570 664 754
general|1k3r2/p6p/P4p2/6Q1/8/6P1/2K2P2/2B3N1 b - - 4 26|13 22 40 70 130 294 330 429 432 439 637 761|8 15 21 197 321 400 430 437 510 570 670 754
general|1k3r2/p6p/P7/6p1/8/6P1/2K2P2/2B3N1 w - - 0 27|13 22 40 70 130 330 422 432 439 637 761|8 15 30 197 321 400 430 437 510 570 754
general|1k3r2/p6p/P7/6B1/8/6P1/2K2P2/6N1 b - - 0 27|13 22 40 70 166 330 432 439 637 761|8 15 197 321 400 430 437 510 542 754
general|1k6/p6p/P7/6B1/8/6P1/2K2r2/6N1 w - - 0 28|22 40 70 166 330 432 439 589 761|8 15 245 321 400 430 510 542 754
general|1k6/p6p/P7/6B1/8/6P1/5r2/3K2N1 b - - 1 28|22 40 70 166 323 432 439 589 761|8 15 245 321 400 430 510 542 763
general|1k6/p7/P6p/6B1/8/6P1/5r2/3K2N1 w - - 0 29|22 40 70 166 323 431 432 589 761|8 23 245 321 400 430 510 542 763
general|1k6/p7/P6B/8/8/6P1/5r2/3K2N1 b - - 0 29|22 40 70 175 323 432 589 761|8 245 321 400 430 510 535 763
general|2k5/p7/P6B/8/8/6P1/5r2/3K2N1 w - - 1 30|22 40 70 175 323 432 589 762|8 245 322 400 430 510 535 763
general|2k5/p7/P6B/8/8/6P1/5r2/2K3N1 b - - 2 30|22 40 70 175 322 432 589 762|8 245 322 400 430 510 535 762
general|8/p1k5/P6B/8/8/6P1/5r2/2K3N1 w - - 3 31|22 40 70 175 322 432 589 754|8 245 330 400 430 510 535 762
general|8/p1k5/P6B/8/8/5NP1/5r2/2K5 b - - 4 31|22 40 85 175 322 432 589 754|8 245 330 400 430 493 535 762
general|8/p1k5/P6B/8/8/5rP1/8/2K5 w - - 0 32|22 40 175 322 432 597 754|8 237 330 400 430 535 762
general|8/p1k5/P6B/8/8/5rP1/1K6/8 b - - 1 32|22 40 175 329 432 597 754|8 237 330 400 430 535 753
general|8/p1k5/P6B/8/8/6P1/1K6/5r2 w - - 2 33|22 40 175 329 432 581 754|8 253 330 400 430 535 753
general|8/p1k5/P6B/8/8/2K3P1/8/5r2 b - - 3 33|22 40 175 338 432 581 754|8 253 330 400 430 535 746
general|8/p1k5/P6B/8/8/2K3P1/8/3r4 w - - 4 34|22 40 175 338 432 579 754|8 251 330 400 430 535 746
general|8/p1k5/P7/8/8/2K1B1P1/8/3r4 b - - 5 34|22 40 148 338 432 579 754|8 251 330 400 430 556 746
general|8/p1k5/P7/8/8/2K1B1P1/8/7r w - - 6 35|22 40 148 338 432 583 754|8 255 330 400 430 556 746
general|8/B1k5/P7/8/8/2K3P1/8/7r b - - 0 35|22 40 176 338 583 754|255 330 400 430 520 746
general|8/B1k5/P7/8/8/2K3P1/8/3r4 w - - 1 36|22 40 176 338 579 754|251 330 400 430 520 746
general|8/B1k5/P7/8/6P1/2K5/8/3r4 b - - 0 36|30 40 176 338 579 754|251 330 400 422 520 746
general|8/B1k5/P7/8/6P1/2K5/3r4/8 w - - 1 37|30 40 176 338 587 754|243 330 400 422 520 746
general|8/2k5/P7/8/6P1/2K5/3r4/6B1 b - - 2 37|30 40 134 338 587 754|243 330 400 422 574 746
general|8/2k5/P7/8/6P1/2K5/5r2/6B1 w - - 3 38|30 40 134 338 589 754|245 330 400 422 574 746
general|8/2k5/P7/8/6P1/2K5/5B2/8 b - - 0 38|30 40 141 338 754|330 400 422 565 746
general|3k4/8/P7/8/6P1/2K5/5B2/8 w - - 1 39|30 40 141 338 763|323 400 422 565 746
general|3k4/8/P7/8/3K2P1/8/5B2/8 b - - 2 39|30 40 141 347 763|323 400 422 565 739
general|8/2k5/P7/8/3K2P1/8/5B2/8 w - - 3 40|30 40 141 347 754|330 400 422 565 739
general|8/2k5/P7/8/3K2P1/4B3/8/8 b - - 4 40|30 40 148 347 754|330 400 422 556 739
general|8/3k4/P7/8/3K2P1/4B3/8/8 w - - 5 41|30 40 148 347 755|331 400 422 556 739
general|8/3k4/P7/6B1/3K2P1/8/8/8 b - - 6 41|30 40 166 347 755|331 400 422 542 739
general|2k5/8/P7/6B1/3K2P1/8/8/8 w - - 7 42|30 40 166 347 762|322 400 422 542 739
general|2k5/4B3/P7/8/3K2P1/8/8/8 b - - 8 42|30 40 180 347 762|322 400 422 524 739
general|8/2k1B3/P7/8/3K2P1/8/8/8 w - - 9 43|30 40 180 347 754|330 400 422 524 739
general|8/2k1B3/P7/4K3/6P1/8/8/8 b - - 10 43|25 47 179 355 757|330 400 422 524 732
general|1k6/4B3/P7/4K3/6P1/8/8/8 w - - 11 44|25 47 179 355 766|321 400 422 524 732
general|1k6/4B3/P2K4/8/6P1/8/8/8 b - - 12 44|30 40 180 363 761|321 400 422 524 723
general|8/k3B3/P2K4/8/6P1/8/8/8 w - - 13 45|30 40 180 363 752|328 400 422 524 723
general|8/k3B3/P7/2K5/6P1/8/8/8 b - - 14 45|30 40 180 354 752|328 400 422 524 730
general|k7/4B3/P7/2K5/6P1/8/8/8 w - - 15 46|30 40 180 354 760|320 400 422 524 730
general|k2B4/8/P7/2K5/6P1/8/8/8 b - - 16 46|30 40 187 354 760|320 400 422 515 730
general|3B4/k7/P7/2K5/6P1/8/8/8 w - - 17 47|30 40 187 354 752|328 400 422 515 730
general|8/k7/PB6/2K5/6P1/8/8/8 b - - 18 47|30 40 169 354 752|328 400 422 529 730
general|k7/8/PB6/2K5/6P1/8/8/8 w - - 19 48|30 40 169 354 760|320 400 422 529 730
general|k7/8/PB6/8/2K3P1/8/8/8 b - - 20 48|30 40 169 346 760|320 400 422 529 738
general|1k6/8/PB6/8/2K3P1/8/8/8 w - - 21 49|30 40 169 346 761|321 400 422 529 738
general|1k6/8/P7/8/2KB2P1/8/8/8 b - - 22 49|30 40 155 346 761|321 400 422 547 738
general|k7/8/P7/8/2KB2P1/8/8/8 w - - 23 50|30 40 155 346 760|320 400 422 547 738
general|k7/8/P7/2K5/3B2P1/8/8/8 b - - 24 50|30 40 155 354 760|320 400 422 547 730
general|1k6/8/P7/2K5/3B2P1/8/8/8 w - - 25 51|30 40 155 354 761|321 400 422 547 730
general|1k6/8/P7/2K5/6P1/8/8/6B1 b - - 26 51|30 40 134 354 761|321 400 422 574 730
general|k7/8/P7/2K5/6P1/8/8/6B1 w - - 27 52|30 40 134 354 760|320 400 422 574 730
general|k7/8/PK6/8/6P1/8/8/6B1 b - - 28 52|30 40 134 361 760|320 400 422 574 721
general|1k6/8/PK6/8/6P1/8/8/6B1 w - - 29 53|30 40 134 361 761|321 400 422 574 721
general|1k6/8/PK6/2B5/6P1/8/8/8 b - - 30 53|30 40 162 361 761|321 400 422 538 721
general|k7/8/PK6/2B5/6P1/8/8/8 w - - 31 54|30 40 162 361 760|320 400 422 538 721
general|k7/2K5/P7/2B5/6P1/8/8/8 b - - 32 54|30 40 162 370 760|320 400 422 538 714
general|2bq1bn1/2pkBppr/7p/8/2PP4/8/3KPPPP/1r3BNR b - - 1 12|12 13 14 15 26 27 70 133 180 199 331 431 434 437 438 510 570 573 577 631 699 755|10 13 14 23 70 130 133 207 249 259 331 418 419 436 437 438 439 510 524 573 639 755
general|2bq1bn1/2pkBppr/7p/8/2PP4/8/3KPPPP/r4BNR w - - 2 13|12 13 14 15 26 27 70 133 180 199 331 431 434 437 438 510 570 573 576 631 699 755|10 13 14 23 70 130 133 207 248 259 331 418 419 436 437 438 439 510 524 573 639 755
general|2bq1Bn1/2pk1ppr/7p/8/2PP4/8/3KPPPP/r4BNR b - - 0 13|12 13 14 15 26 27 70 133 189 199 331 431 434 437 438 510 570 576 631 699 755|10 13 14 23 70 130 207 248 259 331 418 419 436 437 438 439 510 517 573 639 755
general|2b2Bn1/2pk1ppr/5q1p/8/2PP4/8/3KPPPP/r4BNR w - - 1 14|12 13 14 15 26 27 70 133 189 199 331 431 434 437 438 510 570 576 631 685 755|10 13 14 23 70 130 207 248 277 331 418 419 436 437 438 439 510 517 573 639 755
general|2b3n1/2pk1pBr/5q1p/8/2PP4/8/3KPPPP/r4BNR b - - 0 14|12 13 14 15 26 27 70 133 182 199 331 431 434 437 510 570 576 631 685 755|10 13 23 70 130 207 248 277 331 418 419 436 437 438 439 510 526 573 639 755
general|2b3n1/2pkqpBr/7p/8/2PP4/8/3KPPPP/r4BNR w - - 1 15|12 13 14 15 26 27 70 133 182 199 331 431 434 437 510 570 576 631 692 755|10 13 23 70 130 207 248 268 331 418 419 436 437 438 439 510 526 573 639 755
general|2b3n1/2pkqpBr/7p/8/2PP4/7P/3KPPP1/r4BNR b - - 0 15|12 13 14 23 26 27 70 133 182 199 331 431 434 437 510 570 576 631 692 755|10 13 23 70 130 207 248 268 331 418 419 431 436 437 438 510 526 573 639 755
general|2b3n1/2pkqpr1/7p/8/2PP4/7P/3KPPP1/r4BNR w - - 0 16|12 13 14 23 26 27 70 133 199 331 431 434 437 510 570 576 630 692 755|10 13 23 70 130 206 248 268 331 418 419 431 436 437 438 510 573 639 755
general|2b3n1/2pkqpr1/7p/8/2PP4/7P/2K1PPP1/r4BNR b - - 1 16|12 13 14 23 26 27 70 133 199 330 431 434 437 510 570 576 630 692 755|10 13 23 70 130 206 248 268 331 418 419 431 436 437 438 510 573 639 754
general|2b3n1/2pk1pr1/7p/8/2PP4/7P/2K1qPP1/r4BNR w - - 0 17|13 14 23 26 27 70 133 199 330 431 434 437 510 570 576 630 652 755|10 13 23 70 130 206 248 308 331 418 419 431 437 438 510 573 639 754
general|2b3n1/2pk1pr1/7p/8/2PP4/7P/2K1BPP1/r5NR b - - 0 17|13 14 23 26 27 70 140 199 330 431 434 437 510 570 576 630 755|10 13 23 70 130 206 248 331 418 419 431 437 438 510 564 639 754
general|2b3n1/2pk1p2/7p/8/2PP4/7P/2K1BPr1/r5NR w - - 0 18|13 23 26 27 70 140 199 330 431 434 437 510 570 576 590 755|10 13 23 70 130 246 248 331 418 419 431 437 510 564 639 754
general|2b3n1/2pk1p2/7p/8/2PP4/7P/2K1BPrR/r5N1 b - - 1 18|13 23 26 27 70 140 207 330 431 434 437 510 570 576 590 755|10 13 23 70 130 246 248 331 418 419 431 437 510 564 631 754
general|2b3n1/2pk4/5p1p/8/2PP4/7P/2K1BPrR/r5N1 w - - 0 19|13 23 26 27 70 140 207 330 429 431 434 510 570 576 590 755|10 21 23 70 130 246 248 331 418 419 431 437 510 564 631 754
general|2b3n1/2pk4/5p1p/8/2PP4/7P/2K1BPR1/r5N1 b - - 0 19|13 23 26 27 70 140 206 330 429 431 434 510 570 576 755|10 21 23 70 130 248 331 418 419 431 437 510 564 630 754
general|2b3n1/2pk4/5p1p/8/2PP4/7P/2K1BPR1/6r1 w - - 0 20|13 23 26 27 140 206 330 429 431 434 510 570 582 755|10 21 23 70 130 254 331 418 419 431 437 564 630 754
general|2b3R1/2pk4/5p1p/8/2PP4/7P/2K1BP2/6r1 b - - 0 20|13 23 26 27 140 254 330 429 431 434 570 582 755|10 21 23 130 254 331 418 419 431 437 564 582 754
general|2b3R1/2pk4/5p1p/8/2PP4/7P/2K1BP2/1r6 w - - 1 21|13 23 26 27 140 254 330 429 431 434 570 577 755|10 21 23 130 249 331 418 419 431 437 564 582 754
general|2R5/2pk4/5p1p/8/2PP4/7P/2K1BP2/1r6 b - - 0 21|13 23 26 27 140 250 330 429 431 434 577 755|10 21 23 249 331 418 419 431 437 564 578 754
general|2R5/2pk4/5p1p/8/2PP4/7P/2K1BP2/7r w - - 1 22|13 23 26 27 140 250 330 429 431 434 583 755|10 21 23 255 331 418 419 431 437 564 578 754
general|8/2Rk4/5p1p/8/2PP4/7P/2K1BP2/7r b - - 0 22|13 23 26 27 140 242 330 429 431 583 755|21 23 255 331 418 419 431 437 564 586 754
general|8/2R5/3k1p1p/8/2PP4/7P/2K1BP2/7r w - - 1 23|13 23 26 27 140 242 330 429 431 583 747|21 23 255 339 418 419 431 437 564 586 754
general|8/2R5/3k1p1p/8/2PP1P2/7r/2K1B3/8 w - - 0 24|26 27 29 140 242 330 429 431 599 747|21 23 239 339 418 419 421 564 586 754
general|8/8/3k1p1p/2R5/2PP1P2/7r/2K1B3/8 b - - 1 24|26 27 29 140 226 330 429 431 599 747|21 23 239 339 418 419 421 564 602 754
general|8/8/3k1p2/2R4p/2PP1P2/7r/2K1B3/8 w - - 0 25|26 27 29 140 226 330 423 429 599 747|21 31 239 339 418 419 421 564 602 754
general|8/8/3k1p2/2R4p/2PP1P2/7r/3KB3/8 b - - 1 25|26 27 29 140 226 331 423 429 599 747|21 31 239 339 418 419 421 564 602 755
general|8/8/3k1p2/2R4p/2PP1P2/5r2/3KB3/8 w - - 2 26|26 27 29 140 226 331 423 429 597 747|21 31 237 339 418 419 421 564 602 755
general|8/8/3k1p2/2R4p/2PP1P2/5r2/2K1B3/8 b - - 3 26|26 27 29 140 226 330 423 429 597 747|21 31 237 339 418 419 421 564 602 754
general|8/8/3k1p2/2R4p/2PP1r2/8/2K1B3/8 w - - 0 27|26 27 140 226 330 423 429 605 747|21 31 229 339 418 419 564 602 754
general|8/8/3k1p2/7R/2PP1r2/8/2K1B3/8 b - - 0 27|26 27 140 231 330 429 605 747|21 229 339 418 419 564 607 754
general|8/8/3k1p2/7R/2Pr4/8/2K1B3/8 w - - 0 28|26 140 231 330 429 603 747|21 227 339 418 564 607 754
general|8/8/3k1p2/6R1/2Pr4/8/2K1B3/8 b - - 1 28|26 140 230 330 429 603 747|21 227 339 418 564 606 754
general|8/8/3k1p2/6R1/2r5/8/2K1B3/8 w - - 0 29|140 230 330 429 602 747|21 226 339 564 606 754
general|8/8/3k1p2/6R1/2B5/8/2K5/8 b - - 0 29|154 230 330 429 747|21 339 546 606 754
general|8/8/3k4/6p1/2B5/8/2K5/8 w - - 0 30|154 330 422 747|30 339 546 754
general|8/8/3k4/6p1/2B5/8/8/2K5 b - - 1 30|154 322 422 747|30 339 546 762
general|8/8/3k4/8/2B3p1/8/8/2K5 w - - 0 31|154 322 414 747|38 339 546 762
general|8/5B2/3k4/8/6p1/8/8/2K5 b - - 1 31|181 322 414 747|38 339 525 762
general|8/5B2/8/2k5/6p1/8/8/2K5 w - - 2 32|181 322 414 738|38 346 525 762
general|8/8/8/2kB4/6p1/8/8/2K5 b - - 3 32|163 322 414 738|38 346 539 762
general|8/8/8/3k4/6p1/8/8/2K5 w - - 0 33|322 414 739|38 347 762
general|8/8/8/3k4/6p1/8/8/3K4 b - - 1 33|323 414 739|38 347 763
general|8/8/8/8/2k3p1/8/8/3K4 w - - 2 34|323 414 730|38 354 763
general|8/8/8/8/2k3p1/8/8/4K3 b - - 3 34|323 409 733|38 354 764
general|8/8/8/8/6p1/2k5/8/4K3 w - - 4 35|323 409 725|38 362 764
general|8/8/8/8/6p1/2k5/4K3/8 b - - 5 35|331 409 725|38 362 756
general|8/8/8/8/3k2p1/8/4K3/8 w - - 6 36|331 409 732|38 355 756
general|8/8/8/8/3k2p1/8/8/4K3 b - - 7 36|323 409 732|38 355 764
general|8/8/8/8/2k3p1/8/8/4K3 w - - 8 37|323 409 733|38 354 764
general|8/8/8/8/2k3p1/8/5K2/8 b - - 9 37|330 409 733|38 354 757
general|8/8/8/1k6/6p1/8/5K2/8 w - - 10 38|330 409 742|38 345 757
general|8/8/8/1k6/6p1/4K3/8/8 b - - 11 38|339 409 742|38 345 748
general|8/8/8/k7/6p1/4K3/8/8 w - - 12 39|339 409 743|38 344 748
general|8/8/8/k7/5Kp1/8/8/8 b - - 13 39|346 409 743|38 344 741
general|8/8/8/1k6/5Kp1/8/8/8 w - - 14 40|346 409 742|38 345 741
general|8/8/8/1k6/6K1/8/8/8 b - - 0 40|345 742|345 742
general|4kbn1/3bpr2/8/p2B4/6p1/4P1P1/PPPP4/1RBQK1N1 b - - 2 16|12 13 14 15 17 19 65 133 164 198 260 323 409 423 435 505 564 570 626 763|11 31 33 65 130 140 202 323 425 427 436 437 438 439 505 540 573 638 700 763
general|4kbn1/4pr2/4b3/p2B4/6p1/4P1P1/PPPP4/1RBQK1N1 w - - 3 17|12 13 14 15 17 19 65 133 164 198 260 323 409 423 435 505 555 570 626 763|11 31 33 65 130 147 202 323 425 427 436 437 438 439 505 540 573 638 700 763
general|4kbn1/4pr2/4B3/p7/6p1/4P1P1/PPPP4/1RBQK1N1 b - - 0 17|12 13 14 15 17 19 65 133 171 198 260 323 409 423 435 505 570 626 763|11 31 33 65 130 202 323 425 427 436 437 438 439 505 531 573 638 700 763
general|4kbn1/4p3/4B3/p7/6p1/4P1P1/PPPP4/1RBQKrN1 w - - 1 18|12 13 14 15 17 19 65 133 171 198 260 323 409 423 435 505 570 578 763|11 31 33 65 130 250 323 425 427 436 437 438 439 505 531 573 638 700 763
general|4kbn1/4p3/4B3/p7/6p1/4P1P1/PPPP4/1RBQ1KN1 b - - 0 18|12 13 14 15 17 19 65 133 171 198 260 322 409 423 435 505 570 763|11 31 33 65 130 323 425 427 436 437 438 439 505 531 573 638 700 762
general|4kb2/4p3/4B2n/p7/6p1/4P1P1/PPPP4/1RBQ1KN1 w - - 1 19|12 13 14 15 17 19 65 133 171 198 260 322 409 423 435 488 570 763|11 31 33 80 130 323 425 427 436 437 438 439 505 531 573 638 700 762
general|4kb2/4p3/4B3/p4n2/2P3p1/4P1P1/PP1P4/1RBQ1KN1 w - - 1 20|12 14 15 17 19 29 65 133 171 198 260 322 409 423 435 482 570 763|11 31 33 90 130 323 421 425 427 436 438 439 505 531 573 638 700 762
general|4kb2/4p3/4B3/p4n2/2P3p1/P3P1P1/1P1P4/1RBQ1KN1 b - - 0 20|12 14 17 19 23 29 65 133 171 198 260 322 409 423 435 482 570 763|11 31 33 90 130 323 421 425 427 431 436 438 505 531 573 638 700 762
general|4kb2/4p3/4B3/p7/2P3p1/P3n1P1/1P1P4/1RBQ1KN1 w - - 0 21|12 14 17 23 29 65 133 171 198 260 322 409 423 435 467 570 763|11 31 33 107 130 323 421 425 431 436 438 505 531 573 638 700 762
general|4kb2/4p3/4B3/p7/2P3p1/P3P1P1/1P6/1RBQ1KN1 b - - 0 21|14 17 19 23 29 65 133 171 198 260 322 409 423 435 570 763|11 31 33 130 323 421 425 427 431 438 505 531 573 638 700 762
general|4kb2/4p3/4B3/8/p1P3p1/P3P1P1/1P6/1RBQ1KN1 w - - 0 22|14 17 19 23 29 65 133 171 198 260 322 409 415 435 570 763|11 33 39 130 323 421 425 427 431 438 505 531 573 638 700 762
general|4kb2/4p3/4B3/8/Q1P3p1/P3P1P1/1P6/1RB2KN1 b - - 0 22|14 17 19 23 29 65 133 171 198 287 322 409 435 570 763|11 33 130 323 421 425 427 431 438 505 531 573 638 679 762
general|3k1b2/4p3/4B3/8/Q1P3p1/P3P1P1/1P6/1RB2KN1 w - - 1 23|14 17 19 23 29 65 133 171 198 287 322 409 435 570 764|12 38 133 323 418 424 428 430 433 510 532 570 633 672 765
general|3k1b2/4p3/4B3/8/1QP3p1/P3P1P1/1P6/1RB2KN1 b - - 2 23|14 17 19 23 29 65 133 171 198 286 322 409 435 570 764|12 38 133 323 418 424 428 430 433 510 532 570 633 673 765
general|3k4/4p3/4B2b/8/1QP3p1/P3P1P1/1P6/1RB2KN1 w - - 3 24|14 17 19 23 29 65 133 171 198 286 322 409 435 552 764|12 38 151 323 418 424 428 430 433 510 532 570 633 673 765
general|3k4/4Q3/4B2b/8/2P3p1/P3P1P1/1P6/1RB2KN1 b - - 0 24|14 17 19 23 29 65 133 171 198 307 322 409 552 764|38 151 323 418 424 428 430 433 510 532 570 633 652 765
general|8/4k3/4B2b/8/2P3p1/P3P1P1/1P6/1RB2KN1 w - - 0 25|14 17 19 23 29 65 133 171 198 322 409 552 755|33 144 331 421 425 427 431 438 505 531 573 638 762
general|8/4kB2/7b/8/2P3p1/P3P1P1/1P6/1RB2KN1 b - - 1 25|14 17 19 23 29 65 133 178 198 322 409 552 755|33 144 331 421 425 427 431 438 505 522 573 638 762
general|8/4kB2/8/8/2P3p1/P3b1P1/1P6/1RB2KN1 w - - 0 26|14 17 23 29 65 133 178 198 322 409 531 755|33 171 331 421 425 431 438 505 522 573 638 762
general|8/4k3/6B1/8/2P3p1/P3b1P1/1P6/1RB2KN1 b - - 1 26|14 17 23 29 65 133 169 198 322 409 531 755|33 171 331 421 425 431 438 505 529 573 638 762
general|8/4k3/6B1/8/2P3p1/P5P1/1P6/1Rb2KN1 w - - 0 27|14 17 23 29 65 169 198 322 409 517 755|33 189 331 421 425 431 438 505 529 638 762
general|8/4kB2/8/8/2P3p1/P5P1/1P6/1Rb2KN1 b - - 1 27|14 17 23 29 65 178 198 322 409 517 755|33 189 331 421 425 431 438 505 522 638 762
general|8/4kB2/8/8/2P3p1/P5P1/1b6/1R3KN1 w - - 0 28|17 23 29 65 178 198 322 409 526 755|33 182 331 421 425 431 505 522 638 762
general|8/4kB2/8/8/2P3p1/P5P1/1R6/5KN1 b - - 0 28|17 23 29 65 178 206 322 409 755|33 331 421 425 431 505 522 630 762
general|8/5k2/8/8/2P3p1/P5P1/1R6/5KN1 w - - 0 29|17 23 29 65 206 322 409 754|33 330 421 425 431 505 630 762
general|8/5k2/8/8/2P3p1/P5P1/1R3K2/6N1 b - - 1 29|17 23 29 65 206 330 409 754|33 330 421 425 431 505 630 754
general|8/4k3/8/8/2P3p1/P5P1/1R3K2/6N1 w - - 2 30|17 23 29 65 206 330 409 755|33 331 421 425 431 505 630 754
general|8/4k3/8/8/2P3p1/P5P1/4RK2/6N1 b - - 3 30|17 23 29 65 203 330 409 755|33 331 421 425 431 505 627 754
general|8/5k2/8/8/2P3p1/P5P1/4RK2/6N1 w - - 4 31|17 23 29 65 203 330 409 754|33 330 421 425 431 505 627 754
general|8/5k2/8/8/2P3p1/P4NP1/4RK2/8 b - - 5 31|17 23 29 82 203 330 409 754|33 330 421 425 431 490 627 754
general|5k2/8/8/8/2P3p1/P4NP1/4RK2/8 w - - 6 32|17 23 29 82 203 330 409 762|33 322 421 425 431 490 627 754
general|5k2/8/8/8/2P3p1/P5P1/4RK2/4N3 b - - 7 32|17 23 29 67 203 330 409 762|33 322 421 425 431 507 627 754
general|8/6k1/8/8/2P3p1/P5P1/4RK2/4N3 w - - 8 33|17 23 29 67 203 330 409 753|33 329 421 425 431 507 627 754
general|4R3/6k1/8/8/2P3p1/P5P1/5K2/4N3 b - - 9 33|17 23 29 67 251 330 409 753|33 329 421 425 431 507 579 754
general|4R3/8/7k/8/2P3p1/P5P1/5K2/4N3 w - - 10 34|17 23 29 67 251 330 409 744|33 336 421 425 431 507 579 754
general|3R4/8/7k/8/2P3p1/P5P1/5K2/4N3 b - - 11 34|17 23 29 67 252 330 409 744|33 336 421 425 431 507 580 754
general|3R4/8/8/7k/2P3p1/P5P1/5K2/4N3 w - - 12 35|17 23 29 67 252 330 409 736|33 344 421 425 431 507 580 754
general|3R4/8/8/7k/2P3p1/P5P1/8/4N1K1 b - - 13 35|17 23 29 67 252 321 409 736|33 344 421 425 431 507 580 761
general|3R4/8/8/6k1/2P3p1/P5P1/8/4N1K1 w - - 14 36|17 23 29 67 252 321 409 737|33 345 421 425 431 507 580 761
general|6R1/8/8/6k1/2P3p1/P5P1/8/4N1K1 b - - 15 36|17 23 29 67 249 321 409 737|33 345 421 425 431 507 577 761
general|6R1/8/8/5k2/2P3p1/P5P1/8/4N1K1 w - - 16 37|17 23 29 67 249 321 409 738|33 346 421 425 431 507 577 761
general|5R2/8/8/5k2/2P3p1/P5P1/8/4N1K1 b - - 17 37|17 23 29 67 250 321 409 738|33 346 421 425 431 507 578 761
general|5R2/8/8/6k1/2P3p1/P5P1/8/4N1K1 w - - 18 38|17 23 29 67 250 321 409 737|33 345 421 425 431 507 578 761
general|8/8/8/6k1/2P3p1/P5P1/5R2/4N1K1 b - - 19 38|17 23 29 67 202 321 409 737|33 345 421 425 431 507 626 761
general|8/8/7k/8/2P3p1/P5P1/5R2/4N1K1 w - - 20 39|17 23 29 67 202 321 409 744|33 336 421 425 431 507 626 761
general|8/8/7k/8/2P3p1/P5P1/7R/4N1K1 b - - 21 39|17 23 29 67 200 321 409 744|33 336 421 425 431 507 624 761
general|8/6k1/8/8/2P3p1/P5P1/7R/4N1K1 w - - 22 40|17 23 29 67 200 321 409 753|33 329 421 425 431 507 624 761
general|8/6k1/8/8/P1P3p1/6P1/7R/4N1K1 b - - 0 40|17 29 31 67 200 321 409 753|33 329 421 423 425 507 624 761
general|8/8/6k1/8/P1P3p1/6P1/7R/4N1K1 w - - 1 41|17 29 31 67 200 321 409 745|33 337 421 423 425 507 624 761
general|8/8/6k1/7R/P1P3p1/6P1/8/4N1K1 b - - 2 41|17 29 31 67 224 321 409 745|33 337 421 423 425 507 600 761
general|8/8/8/7k/P1P3p1/6P1/8/4N1K1 w - - 0 42|17 29 31 67 321 409 736|33 344 421 423 425 507 761
general|8/8/8/2P4k/P5p1/6P1/8/4N1K1 b - - 0 42|17 31 37 67 321 409 736|33 344 413 423 425 507 761
general|8/8/7k/2P5/P5p1/6P1/8/4N1K1 w - - 1 43|17 31 37 67 321 409 744|33 336 413 423 425 507 761
general|8/8/7k/2P5/P5p1/6P1/8/4NK2 b - - 2 43|17 31 37 67 322 409 744|33 336 413 423 425 507 762
general|8/8/8/2P3k1/P5p1/6P1/8/4NK2 w - - 3 44|17 31 37 67 322 409 737|33 345 413 423 425 507 762
general|8/8/8/2P3k1/P5p1/5NP1/8/5K2 b - - 4 44|17 31 37 82 322 409 737|33 345 413 423 425 490 762
general|8/8/7k/2P5/P5p1/5NP1/8/5K2 w - - 5 45|17 31 37 82 322 409 744|33 336 413 423 425 490 762
general|8/8/7k/P1P5/6p1/5NP1/8/5K2 b - - 0 45|17 37 39 82 322 409 744|33 336 413 415 425 490 762
general|8/6k1/8/P1P5/6p1/5NP1/8/5K2 w - - 1 46|17 37 39 82 322 409 753|33 329 413 415 425 490 762
general|8/6k1/8/P1P5/6p1/6P1/8/5KN1 b - - 2 46|17 37 39 65 322 409 753|33 329 413 415 425 505 762
general|8/5k2/8/P1P5/6p1/6P1/8/5KN1 w - - 3 47|17 37 39 65 322 409 754|33 330 413 415 425 505 762
general|8/5k2/8/P1P5/6p1/6PN/8/5K2 b - - 4 47|17 37 39 80 322 409 754|33 330 413 415 425 488 762
general|8/5k2/8/P1P5/8/6Pp/8/5K2 w - - 0 48|17 37 39 322 400 754|40 330 413 415 425 762
general|8/5k2/8/P1P5/8/6Pp/8/4K3 b - - 1 48|17 37 39 323 400 754|40 330 413 415 425 763
general|8/6k1/8/P1P5/8/6Pp/8/4K3 w - - 2 49|17 37 39 323 400 753|40 329 413 415 425 763
general|8/6k1/8/P1P5/8/6Pp/8/5K2 b - - 3 49|17 37 39 322 400 753|40 329 413 415 425 762
general|5k2/8/8/P1P5/8/6Pp/8/5K2 w - - 4 50|17 37 39 322 400 762|40 322 413 415 425 762
general|5k2/8/8/P1P5/6P1/7p/8/5K2 b - - 0 50|25 37 39 322 400 762|40 322 413 415 417 762
general|8/4k3/8/P1P5/6P1/8/7K/8 b - - 0 52|25 37 39 328 755|331 413 415 417 752
general|5k2/8/8/P1P5/6P1/8/7K/8 w - - 1 53|25 37 39 328 762|322 413 415 417 752
general|5k2/8/8/P1P3P1/8/8/7K/8 b - - 0 53|33 37 39 328 762|322 409 413 415 752
general|8/4k3/8/P1P3P1/8/8/7K/8 w - - 1 54|33 37 39 328 755|331 409 413 415 752
general|8/4k3/P7/2P3P1/8/8/7K/8 b - - 0 54|33 37 47 328 755|331 407 409 413 752
general|8/8/P3k3/2P3P1/8/8/7K/8 w - - 1 55|33 37 47 328 747|339 407 409 413 752
general|8/8/P3k1P1/2P5/8/8/7K/8 b - - 0 55|37 41 47 328 747|339 401 407 413 752
general|8/4k3/P5P1/2P5/8/8/7K/8 w - - 1 56|37 41 47 328 755|331 401 407 413 752
general|8/4k3/P5P1/2P5/8/7K/8/8 b - - 2 56|37 41 47 336 755|331 401 407 413 744
general|8/3k4/P5P1/2P5/8/7K/8/8 w - - 3 57|37 41 47 336 756|331 400 406 410 751
general|8/3k4/P5P1/2P5/8/8/6K1/8 b - - 4 57|37 41 47 329 756|331 400 406 410 758
general|3k4/8/P5P1/2P5/8/8/6K1/8 w - - 5 58|37 41 47 329 764|323 400 406 410 758
general|3k4/8/P5P1/2P5/8/8/7K/8 b - - 6 58|37 41 47 328 764|323 400 406 410 759
general|4k3/8/P5P1/2P5/8/8/7K/8 w - - 7 59|37 41 47 328 763|323 401 407 413 752
general|4k3/8/P5P1/2P5/8/8/6K1/8 b - - 8 59|37 41 47 329 763|323 401 407 413 753
general|5k2/8/P5P1/2P5/8/8/6K1/8 w - - 9 60|37 41 47 329 762|322 401 407 413 753
general|N3k3/8/6P1/2P5/8/8/6K1/8 b - - 0 61|37 41 127 329 763|323 401 413 455 753
general|N4k2/8/6P1/2P5/8/8/6K1/8 w - - 1 62|37 41 127 329 762|322 401 413 455 753
general|N4k2/8/6P1/2P5/8/8/5K2/8 b - - 2 62|37 41 127 330 762|322 401 413 455 754
general|N7/6k1/6P1/2P5/8/8/5K2/8 w - - 3 63|37 41 127 330 753|329 401 413 455 754
general|8/2N3k1/6P1/2P5/8/8/5K2/8 b - - 4 63|37 41 117 330 753|329 401 413 461 754
general|6k1/2N5/6P1/2P5/8/8/5K2/8 w - - 5 64|37 41 117 330 761|321 401 413 461 754
general|8/2N3k1/8/2P5/8/8/5K2/8 w - - 0 65|37 117 330 753|329 413 461 754
general|8/2N3k1/8/2P5/8/8/8/5K2 b - - 1 65|37 117 322 753|329 413 461 762
general|6k1/2N5/8/2P5/8/8/8/5K2 w - - 2 66|37 117 322 761|321 413 461 762
general|6k1/8/8/2PN4/8/8/8/5K2 b - - 3 66|37 100 322 761|321 413 476 762
general|8/6k1/8/2PN4/8/8/8/5K2 w - - 4 67|37 100 322 753|329 413 476 762
general|6k1/8/4N3/2P5/8/8/8/5K2 b - - 7 68|37 107 322 761|321 413 467 762
general|7k/8/4N3/2P5/8/8/8/5K2 w - - 8 69|37 107 322 760|320 413 467 762
general|7k/8/4N3/2P5/8/8/6K1/8 b - - 9 69|37 107 329 760|320 413 467 753
general|6k1/8/4N3/2P5/8/8/6K1/8 w - - 10 70|37 107 329 761|321 413 467 753
general|6k1/8/4N3/2P5/8/8/8/6K1 b - - 11 70|37 107 321 761|321 413 467 761
general|8/7k/4N3/2P5/8/8/8/6K1 w - - 12 71|37 107 321 752|328 413 467 761
general|8/7k/4N3/2P5/8/8/5K2/8 b - - 13 71|37 107 330 752|328 413 467 754
general|7k/8/4N3/2P5/8/8/5K2/8 w - - 14 72|37 107 330 760|320 413 467 754
general|7k/8/4N3/2P5/8/8/8/5K2 b - - 15 72|37 107 322 760|320 413 467 762
general|6k1/8/4N3/2P5/8/8/8/5K2 w - - 16 73|37 107 322 761|321 413 467 762
general|6k1/8/8/2P5/5N2/8/8/5K2 b - - 17 73|37 90 322 761|321 413 482 762
general|8/6k1/8/2P5/5N2/8/8/5K2 w - - 18 74|37 90 322 753|329 413 482 762
general|8/6k1/8/2PN4/8/8/8/5K2 b - - 19 74|37 100 322 753|329 413 476 762
general|8/8/7k/2PN4/8/8/8/5K2 w - - 20 75|37 100 322 744|336 413 476 762
general|8/2N5/7k/2P5/8/8/8/5K2 b - - 21 75|37 117 322 744|336 413 461 762
general|8/2N4k/8/2P5/8/8/8/5K2 w - - 22 76|37 117 322 752|328 413 461 762
general|8/7k/8/1NP5/8/8/8/5K2 b - - 23 76|37 102 322 752|328 413 478 762
general|6k1/8/8/1NP5/8/8/8/5K2 w - - 24 77|37 102 322 761|321 413 478 762
general|6k1/8/8/1NP5/8/8/8/6K1 b - - 25 77|37 102 321 761|321 413 478 761
general|5k2/8/8/1NP5/8/8/8/6K1 w - - 26 78|37 102 321 762|322 413 478 761
general|5k2/8/8/2P5/8/2N5/8/6K1 b - - 27 78|37 85 321 762|322 413 493 761
general|4k3/8/8/2P5/8/2N5/8/6K1 w - - 28 79|37 85 321 763|323 413 493 761
general|4k3/8/8/2P5/8/2N5/7K/8 b - - 29 79|37 85 328 763|323 413 493 752
general|8/5k2/8/2P5/8/2N5/7K/8 w - - 30 80|37 85 328 754|330 413 493 752
general|8/5k2/8/1NP5/8/8/7K/8 b - - 31 80|37 102 328 754|330 413 478 752
general|4k3/8/8/1NP5/8/8/7K/8 w - - 32 81|37 102 328 763|323 413 478 752
general|4k3/8/8/2P5/8/N7/7K/8 b - - 33 81|37 87 328 763|323 413 495 752
general|8/3k4/8/2P5/8/N7/7K/8 w - - 34 82|37 87 328 756|331 410 488 759
general|8/3k4/8/2P5/8/N7/8/6K1 b - - 35 82|37 87 321 756|331 410 488 766
general|8/4k3/8/2P5/8/N7/8/6K1 w - - 36 83|37 87 321 755|331 413 495 761
general|8/4k3/8/2P5/8/N7/8/5K2 b - - 37 83|37 87 322 755|331 413 495 762
general|8/8/5k2/2P5/8/N7/8/5K2 w - - 38 84|37 87 322 746|338 413 495 762
general|8/8/5k2/2P5/8/N7/8/4K3 b - - 39 84|37 87 323 746|338 413 495 763
general|8/8/6k1/2P5/8/N7/8/4K3 w - - 40 85|37 87 323 745|337 413 495 763
general|8/8/2P3k1/8/8/N7/8/4K3 b - - 0 85|45 87 323 745|337 405 495 763
general|8/7k/2P5/8/8/N7/8/4K3 w - - 1 86|45 87 323 752|328 405 495 763
general|8/7k/2P5/8/8/8/8/1N2K3 b - - 2 86|45 70 323 752|328 405 510 763
general|8/8/2P4k/8/8/8/8/1N2K3 w - - 3 87|45 70 323 744|336 405 510 763
general|8/8/2P4k/8/8/8/8/1N1K4 b - - 4 87|42 65 323 751|336 405 510 764
general|8/8/2P3k1/8/8/8/8/1N1K4 w - - 5 88|42 65 323 750|337 405 510 764
general|8/8/2P3k1/8/8/N7/8/3K4 b - - 6 88|42 80 323 750|337 405 495 764
general|8/5k2/2P5/8/8/N7/8/3K4 w - - 7 89|42 80 323 757|330 405 495 764
general|8/5k2/2P5/8/8/N7/3K4/8 b - - 8 89|42 80 331 757|330 405 495 756
general|8/8/2P3k1/8/8/N7/3K4/8 w - - 9 90|42 80 331 750|337 405 495 756
general|8/8/2P3k1/8/8/N7/8/2K5 b - - 10 90|42 80 322 750|337 405 495 765
general|8/8/2P5/6k1/8/N7/8/2K5 w - - 11 91|42 80 322 742|345 405 495 765
general|8/8/2P5/6k1/8/N7/8/3K4 b - - 12 91|42 80 323 742|345 405 495 764
general|8/8/2P5/8/6k1/N7/8/3K4 w - - 13 92|42 80 323 734|353 405 495 764
general|8/8/2P5/8/6k1/N7/8/2K5 b - - 14 92|42 80 322 734|353 405 495 765
general|8/8/2P5/6k1/8/N7/1K6/8 b - - 16 93|42 80 329 742|345 405 495 758
general|8/8/2P5/7k/8/N7/1K6/8 w - - 17 94|42 80 329 743|344 405 495 758
general|8/8/2P5/7k/8/N7/8/1K6 b - - 18 94|42 80 321 743|344 405 495 766
general|8/8/2P5/8/6k1/N7/8/1K6 w - - 19 95|42 80 321 734|353 405 495 766
general|8/8/2P5/8/6k1/N7/8/K7 b - - 20 95|42 80 320 734|353 405 495 767
general|8/8/2P5/5k2/8/N7/8/K7 w - - 21 96|42 80 320 741|346 405 495 767
general|8/8/2P5/5k2/8/N7/8/1K6 b - - 22 96|42 80 321 741|346 405 495 766
general|8/8/2P2k2/8/8/N7/8/1K6 w - - 23 97|42 80 321 749|338 405 495 766
general|8/8/2P2k2/8/8/8/2N5/1K6 b - - 24 97|42 74 321 749|338 405 501 766
general|8/8/2P3k1/8/8/8/2N5/1K6 w - - 25 98|42 74 321 750|337 405 501 766
general|8/8/2P3k1/8/1N6/8/8/1K6 b - - 26 98|42 89 321 750|337 405 486 766
general|8/8/2P2k2/8/1N6/8/8/1K6 w - - 27 99|42 89 321 749|338 405 486 766
general|8/8/2P2k2/8/1N6/8/K7/8 b - - 28 99|42 89 328 749|338 405 486 759
general|8/8/2P3k1/8/1N6/8/K7/8 w - - 29 100|42 89 328 750|337 405 486 759
general|8/8/2P3k1/8/1N6/1K6/8/8 b - - 30 100|42 89 337 750|337 405 486 750
general|8/8/2P4k/8/1N6/1K6/8/8 w - - 31 101|42 89 337 751|336 405 486 750
general|8/8/2P4k/8/1N6/8/2K5/8 b - - 32 101|42 89 330 751|336 405 486 757
general|8/8/2P5/7k/1N6/8/2K5/8 w - - 33 102|42 89 330 743|344 405 486 757
general|8/8/2P5/7k/1N6/8/8/3K4 b - - 34 102|42 89 323 743|344 405 486 764
general|8/8/2P4k/8/1N6/8/8/3K4 w - - 35 103|42 89 323 751|336 405 486 764
general|8/8/2P4k/8/8/8/N7/3K4 b - - 36 103|42 72 323 751|336 405 503 764
general|8/8/2P5/6k1/8/8/N7/3K4 w - - 37 104|42 72 323 742|345 405 503 764
general|8/8/2P5/6k1/1N6/8/8/3K4 b - - 38 104|42 89 323 742|345 405 486 764
general|8/8/2P5/8/1N5k/8/8/3K4 w - - 39 105|42 89 323 735|352 405 486 764
general|8/8/2P5/8/1N5k/8/3K4/8 b - - 40 105|42 89 331 735|352 405 486 756
general|8/8/2P5/8/1N6/7k/3K4/8 w - - 41 106|42 89 331 727|360 405 486 756
general|8/8/2P5/8/8/3N3k/3K4/8 b - - 42 106|42 83 331 727|360 405 492 756
general|8/8/2P5/8/8/3N4/3K3k/8 w - - 43 107|42 83 331 719|368 405 492 756
general|8/8/2P5/8/8/3N4/2K4k/8 b - - 44 107|42 83 330 719|368 405 492 757
general|8/8/2P5/8/8/3N4/2K5/6k1 w - - 45 108|42 83 330 710|377 405 492 757
general|8/8/2P5/2N5/8/8/2K5/6k1 b - - 46 108|42 98 330 710|377 405 477 757
general|8/8/2P5/2N5/8/8/2K3k1/8 w - - 47 109|42 98 330 718|369 405 477 757
general|2N5/8/4N3/8/8/8/3K3k/8 b - - 0 113|108 122 331 719|368 453 467 756
general|2N5/8/4N3/8/8/8/3K4/6k1 w - - 1 114|108 122 331 710|377 453 467 756
general|2N5/8/8/8/3N4/8/3K4/6k1 b - - 2 114|91 122 331 710|377 453 484 756
general|2N5/8/8/8/3N4/8/3K4/7k w - - 3 115|91 122 331 711|376 453 484 756
general|8/N7/8/8/3N4/8/3K4/7k b - - 4 115|91 112 331 711|376 463 484 756
general|8/N7/8/8/3N4/8/3K3k/8 w - - 5 116|91 112 331 719|368 463 484 756
general|8/N7/8/8/3N4/8/2K4k/8 b - - 6 116|91 112 330 719|368 463 484 757
general|8/N7/8/8/3N4/8/2K3k1/8 w - - 7 117|91 112 330 718|369 463 484 757
general|8/N7/8/8/3N4/8/3K2k1/8 b - - 8 117|91 112 331 718|369 463 484 756
general|8/N7/8/8/3N4/8/3K4/6k1 w - - 9 118|91 112 331 710|377 463 484 756
general|8/N7/8/8/8/8/2NK4/6k1 b - - 10 118|74 112 331 710|377 463 501 756
general|8/N7/8/8/8/8/2NK4/5k2 w - - 11 119|74 112 331 709|378 463 501 756
general|8/N7/8/8/8/2K5/2N5/5k2 b - - 12 119|74 112 338 709|378 463 501 749
general|8/N7/8/8/8/2K5/2N5/6k1 w - - 13 120|74 112 338 710|377 463 501 749
general|8/N7/8/8/1N6/2K5/8/6k1 b - - 14 120|89 112 338 710|377 463 486 749
general|8/N7/8/8/1N6/2K5/7k/8 w - - 15 121|89 112 338 719|368 463 486 749
general|8/N7/8/8/8/2K5/2N4k/8 b - - 16 121|74 112 338 719|368 463 501 749
general|8/N7/8/8/8/2K3k1/2N5/8 w - - 17 122|74 112 338 726|361 463 501 749
general|8/N7/8/8/2K5/6k1/2N5/8 b - - 18 122|74 112 346 726|361 463 501 741
general|8/N7/8/8/2K5/5k2/2N5/8 w - - 19 123|74 112 346 725|362 463 501 741
general|8/N7/8/8/8/2K2k2/2N5/8 b - - 20 123|74 112 338 725|362 463 501 749
general|8/N7/8/8/8/2K5/2N2k2/8 w - - 21 124|74 112 338 717|370 463 501 749
general|8/N7/8/8/8/2K5/5k2/N7 b - - 22 124|64 112 338 717|370 463 511 749
general|8/N7/8/8/8/2K3k1/8/N7 w - - 23 125|64 112 338 726|361 463 511 749
general|8/8/8/1N6/8/2K3k1/8/N7 b - - 24 125|64 97 338 726|361 478 511 749
general|8/8/8/1N6/5k2/2K5/8/N7 w - - 25 126|64 97 338 733|354 478 511 749
general|8/8/8/8/5k2/N1K5/8/N7 b - - 26 126|64 80 338 733|354 495 511 749
general|8/8/8/4k3/8/N1K5/8/N7 w - - 27 127|64 80 338 740|347 495 511 749
general|8/8/8/4k3/8/2K5/8/NN6 b - - 28 127|64 65 338 740|347 510 511 749
general|8/8/8/8/4k3/2K5/8/NN6 w - - 29 128|64 65 338 732|355 510 511 749
general|8/8/8/8/2K1k3/8/8/NN6 b - - 30 128|64 65 346 732|355 510 511 741
general|8/8/8/4k3/2K5/8/8/NN6 w - - 31 129|64 65 346 740|347 510 511 741
general|8/8/8/4k3/1K6/8/8/NN6 b - - 32 129|64 65 345 740|347 510 511 742
general|8/8/3k4/8/1K6/8/8/NN6 w - - 33 130|64 65 345 747|339 504 505 737
general|8/8/3k4/K7/8/8/8/NN6 b - - 34 130|64 65 352 747|339 504 505 728
general|8/8/8/K1k5/8/8/8/NN6 w - - 35 131|64 65 352 738|346 504 505 728
general|8/8/8/2k5/K7/8/8/NN6 b - - 36 131|64 65 344 738|346 504 505 736
general|8/8/8/3k4/K7/8/8/NN6 w - - 37 132|64 65 344 739|347 504 505 736
general|8/8/8/3k4/8/K7/8/NN6 b - - 38 132|64 65 336 739|347 504 505 744
general|8/8/8/8/3k4/K7/8/NN6 w - - 39 133|64 65 336 731|355 504 505 744
general|8/8/8/8/3k4/KN6/8/1N6 b - - 40 133|65 81 336 731|355 489 505 744
general|8/8/8/4k3/8/KN6/8/1N6 w - - 41 134|65 81 336 740|347 494 510 751
general|8/8/8/4k3/8/1N6/K7/1N6 b - - 42 134|65 81 328 740|347 494 510 759
general|8/8/8/8/5k2/1N6/K7/1N6 w - - 43 135|65 81 328 733|354 494 510 759
general|8/8/8/8/5k2/1N6/8/KN6 b - - 44 135|65 81 320 733|354 494 510 767
general|8/8/8/5k2/8/1N6/8/KN6 w - - 45 136|65 81 320 741|346 494 510 767
general|8/8/8/5k2/8/1N6/K7/1N6 b - - 46 136|65 81 328 741|346 494 510 759
general|8/8/5k2/8/8/1N6/K7/1N6 w - - 47 137|65 81 328 749|338 494 510 759
general|8/8/5k2/8/8/NN6/K7/8 b - - 48 137|80 81 328 749|338 494 495 759
general|8/5k2/8/8/8/NN6/K7/8 w - - 49 138|80 81 328 757|330 494 495 759
general|8/5k2/8/8/8/NN6/8/K7 b - - 50 138|80 81 320 757|330 494 495 767
general|6k1/8/8/8/8/NN6/8/K7 w - - 51 139|80 81 320 766|321 494 495 767
general|6k1/8/8/8/8/1N6/2N5/K7 b - - 52 139|74 81 320 766|321 494 501 767
general|8/7k/8/8/8/1N6/2N5/K7 w - - 53 140|74 81 320 759|328 494 501 767
general|8/7k/8/8/8/1N6/K1N5/8 b - - 54 140|74 81 328 759|328 494 501 759
general|6k1/8/8/8/8/1N6/K1N5/8 w - - 55 141|74 81 328 766|321 494 501 759
general|6k1/8/8/8/8/8/K1NN4/8 b - - 56 141|74 75 328 766|321 500 501 759
general|8/5k2/8/8/8/8/K1NN4/8 w - - 57 142|74 75 328 757|330 500 501 759
general|8/5k2/8/8/2N5/8/K1N5/8 b - - 58 142|74 90 328 757|330 485 501 759
general|4k3/8/8/8/2N5/8/K1N5/8 w - - 59 143|74 90 328 764|323 485 501 759
general|4k3/8/1N6/8/8/8/K1N5/8 b - - 60 143|74 105 328 764|323 470 501 759
general|5k2/8/1N6/8/8/8/K1N5/8 w - - 61 144|74 105 328 765|322 470 501 759
general|5k2/3N4/8/8/8/8/K1N5/8 b - - 62 144|74 115 328 765|322 460 501 759
general|8/3Nk3/8/8/8/8/K1N5/8 w - - 63 145|74 115 328 756|331 460 501 759
general|8/4k3/1N6/8/8/8/K1N5/8 b - - 64 145|74 105 328 756|331 470 501 759
general|8/8/1N1k4/8/8/8/K1N5/8 w - - 65 146|74 105 328 747|339 465 498 752
general|8/3N4/3k4/8/8/8/K1N5/8 b - - 66 146|74 115 328 747|339 459 498 752
general|8/3k4/8/8/8/8/K1N5/8 w - - 0 147|74 328 755|331 498 752
general|rnbq2r1/p1ppk1p1/1p6/4Pp2/1P1P2p1/8/2PNPKP1/R1B1QBNR w - - 1 12|9 11 13 28 30 35 65 76 130 133 192 199 259 330 409 418 430 433 436 437 439 510 573 633 639 700 755|9 12 13 15 22 26 33 70 133 193 199 260 331 411 420 422 433 435 437 500 505 570 573 632 639 699 754
general|rnbq2r1/p1ppk1p1/1p6/4Pp2/1P1P2p1/5N2/2P1PKP1/R1B1QBNR b - - 2 12|9 11 13 28 30 35 65 82 130 133 192 199 259 330 409 418 430 433 436 437 439 510 573 633 639 700 755|9 12 13 15 22 26 33 70 133 193 199 260 331 411 420 422 433 435 437 490 505 570 573 632 639 699 754
general|rnbq2r1/p1ppk3/1p4p1/4Pp2/1P1P2p1/5N2/2P1PKP1/R1B1QBNR w - - 0 13|9 11 13 28 30 35 65 82 130 133 192 199 259 330 409 418 425 430 436 437 439 510 573 633 639 700 755|12 13 15 17 22 26 33 70 133 193 199 260 331 411 420 422 433 435 437 490 505 570 573 632 639 699 754
general|rnbqk1r1/p1pp4/1p4p1/4Pp2/1PPP2p1/5N2/4PKP1/R1B1QBNR w - - 1 14|9 11 28 29 30 35 65 82 130 133 192 199 259 330 409 418 425 430 436 437 439 510 573 633 639 700 763|12 13 15 17 22 26 33 70 133 193 199 260 323 411 420 421 422 433 435 490 505 570 573 632 639 699 754
general|rnbqk1r1/p1pp4/1p4p1/4Pp2/1PPP1Bp1/5N2/4PKP1/R3QBNR b - - 2 14|9 11 28 29 30 35 65 82 130 154 192 199 259 330 409 418 425 430 436 437 439 510 573 633 639 700 763|12 13 15 17 22 26 33 70 133 193 199 260 323 411 420 421 422 433 435 490 505 546 570 632 639 699 754
general|r1bqk1r1/p1pp4/1pn3p1/4Pp2/1PPP1Bp1/5N2/4PKP1/R3QBNR w - - 3 15|9 11 28 29 30 35 65 82 130 154 192 199 259 330 409 418 425 430 436 437 439 493 573 633 639 700 763|12 13 15 17 22 26 33 85 133 193 199 260 323 411 420 421 422 433 435 490 505 546 570 632 639 699 754
general|r1bqk1r1/R1pp4/1pn3p1/4Pp2/1PPP1Bp1/5N2/4PKP1/4QBNR b - - 0 15|9 11 28 29 30 35 65 82 130 154 192 247 259 330 409 418 425 430 436 437 493 573 633 639 700 763|12 13 17 22 26 33 85 133 193 199 260 323 411 420 421 422 433 435 490 505 546 570 591 632 699 754
general|r1b1k1r1/R1pp4/1pn2qp1/4Pp2/1PPP1Bp1/5N2/4PKP1/4QBNR w - - 1 16|9 11 28 29 30 35 65 82 130 154 192 247 259 330 409 418 425 430 436 437 493 573 633 639 682 763|12 13 17 22 26 33 85 133 193 199 274 323 411 420 421 422 433 435 490 505 546 570 591 632 699 754
general|r1b1k1r1/R1pp4/1pn2Pp1/5p2/1PPP1Bp1/5N2/4PKP1/4QBNR b - - 0 16|9 11 28 29 30 42 65 82 130 154 192 247 259 330 409 418 425 430 436 437 493 573 633 639 763|12 13 17 22 26 33 85 133 193 199 323 402 420 421 422 433 435 490 505 546 570 591 632 699 754
general|r1b1k2r/R1pp4/1pn2Pp1/5p2/1PPP1Bp1/5N2/4PKP1/4QBNR w - - 1 17|9 11 28 29 30 42 65 82 130 154 192 247 259 330 409 418 425 430 436 437 493 573 632 639 763|12 13 17 22 26 33 85 133 192 199 323 402 420 421 422 433 435 490 505 546 570 591 632 699 754
general|R1b1k2r/2pp4/1pn2Pp1/5p2/1PPP1Bp1/5N2/4PKP1/4QBNR b - - 0 17|9 11 28 29 30 42 65 82 130 154 192 255 259 330 409 418 425 430 436 437 493 573 632 763|12 13 17 22 26 33 85 133 192 323 402 420 421 422 433 435 490 505 546 570 583 632 699 754
general|R1bnk2r/2pp4/1p3Pp1/5p2/1PPP1Bp1/5N2/4PKP1/4QBNR w - - 1 18|9 11 28 29 30 42 65 82 130 154 192 255 259 330 409 418 425 430 436 437 508 573 632 763|12 13 17 22 26 33 68 133 192 323 402 420 421 422 433 435 490 505 546 570 583 632 699 754
general|R1bnk2r/2pp4/1p3Pp1/5p2/1PPP2p1/5NB1/4PKP1/4QBNR b - - 2 18|9 11 28 29 30 42 65 82 130 145 192 255 259 330 409 418 425 430 436 437 508 573 632 763|12 13 17 22 26 33 68 133 192 323 402 420 421 422 433 435 490 505 553 570 583 632 699 754
general|R1bnk3/2pp4/1p3Pp1/5p2/1PPP2pr/5NB1/4PKP1/4QBNR w - - 3 19|9 11 28 29 30 42 65 82 130 145 192 255 259 330 409 418 425 430 436 437 508 573 600 763|12 13 17 22 26 33 68 133 224 323 402 420 421 422 433 435 490 505 553 570 583 632 699 754
general|R1bnk3/2pp4/1p3Pp1/5p2/1PPP2pR/5NB1/4PKP1/4QBN1 b - - 0 19|9 11 28 29 30 42 65 82 130 145 216 255 259 330 409 418 425 430 436 437 508 573 763|12 13 17 22 26 33 68 133 323 402 420 421 422 433 435 490 505 553 570 583 608 699 754
general|R1bnk3/2pp4/1p3Pp1/5p2/1PPP3R/5pB1/4PKP1/4QBN1 w - - 0 20|9 11 28 29 30 42 65 130 145 216 255 259 330 402 418 425 430 436 437 508 573 763|12 13 17 22 26 42 68 133 323 402 420 421 422 433 435 505 553 570 583 608 699 754
general|2bnk3/R1pp4/1p3Pp1/5p2/1PPP3R/5pB1/4PKP1/4QBN1 b - - 1 20|9 11 28 29 30 42 65 130 145 216 247 259 330 402 418 425 430 436 437 508 573 763|12 13 17 22 26 42 68 133 323 402 420 421 422 433 435 505 553 570 591 608 699 754
general|3nk3/Rbpp4/1p3Pp1/5p2/1PPP3R/5pB1/4PKP1/4QBN1 w - - 2 21|9 11 28 29 30 42 65 130 145 216 247 259 330 402 418 425 430 436 437 508 566 763|12 13 17 22 26 42 68 142 323 402 420 421 422 433 435 505 553 570 591 608 699 754
general|3nk3/Rbpp4/1p3Pp1/5p2/1PPP3R/5NB1/4PKP1/4QB2 b - - 0 21|9 11 28 29 30 42 82 130 145 216 247 259 330 418 425 430 436 437 508 566 763|12 13 17 22 26 68 142 323 402 420 421 422 433 435 490 553 570 591 608 699 754
general|3nk3/R1pp4/1p3Pp1/5p2/1PPP3R/5bB1/4PKP1/4QB2 w - - 0 22|9 11 28 29 30 42 130 145 216 247 259 330 418 425 430 436 437 508 530 763|12 13 17 22 26 68 170 323 402 420 421 422 433 435 553 570 591 608 699 754
general|3nk3/R1pp4/1p3Pp1/5p2/1PPP3R/5bB1/4PKP1/2Q2B2 b - - 1 22|9 11 28 29 30 42 130 145 216 247 261 330 418 425 430 436 437 508 530 763|12 13 17 22 26 68 170 323 402 420 421 422 433 435 553 570 591 608 701 754
general|3nk3/R1pp4/1p3Pp1/5p2/1PPP3R/6B1/4PKb1/2Q2B2 w - - 0 23|11 28 29 30 42 130 145 216 247 261 330 418 425 430 436 437 508 521 763|12 13 17 22 26 68 177 323 402 420 421 422 435 553 570 591 608 701 754
general|3nk3/R1pp4/1p3Pp1/5p2/1PPP3R/6B1/4P1K1/2Q2B2 b - - 0 23|11 28 29 30 42 130 145 216 247 261 329 418 425 430 436 437 508 763|12 13 17 22 26 68 323 402 420 421 422 435 553 570 591 608 701 753
general|3nk3/R1pp4/1p3P2/5pp1/1PPP3R/6B1/4P1K1/2Q2B2 w - - 0 24|11 28 29 30 42 130 145 216 247 261 329 417 418 430 436 437 508 763|12 13 22 25 26 68 323 402 420 421 422 435 553 570 591 608 701 753
general|3nk3/R1pp4/1p3P2/5pQ1/1PPP3R/6B1/4P1K1/5B2 b - - 0 24|11 28 29 30 42 130 145 216 247 289 329 418 430 436 437 508 763|12 13 22 26 68 323 402 420 421 422 435 553 570 591 608 665 753
general|3n4/R1pp1k2/1p3P2/5pQ1/1PPP3R/6B1/4P1K1/5B2 w - - 1 25|11 28 29 30 42 130 145 216 247 289 329 418 430 436 437 508 754|12 13 22 26 68 330 402 420 421 422 435 553 570 591 608 665 753
general|3n4/R1pp1k2/1p3P2/5pQ1/1PPP3R/8/4P1K1/4BB2 b - - 2 25|11 28 29 30 42 130 131 216 247 289 329 418 430 436 437 508 754|12 13 22 26 68 330 402 420 421 422 435 570 571 591 608 665 753
general|8/R1pp1k2/1pn2P2/5pQ1/1PPP3R/8/4P1K1/4BB2 w - - 3 26|11 28 29 30 42 130 131 216 247 289 329 418 430 436 437 493 754|12 13 22 26 85 330 402 420 421 422 435 570 571 591 608 665 753
general|8/2Rp1k2/1pn2P2/5pQ1/1PPP3R/8/4P1K1/4BB2 b - - 0 26|11 28 29 30 42 130 131 216 245 289 329 418 430 436 493 754|12 22 26 85 330 402 420 421 422 435 570 571 589 608 665 753
general|8/2Rp1k2/1p3P2/5pQ1/1PPn3R/8/4P1K1/4BB2 w - - 0 27|11 29 30 42 130 131 216 245 289 329 418 430 436 476 754|12 22 26 100 330 402 421 422 435 570 571 589 608 665 753
general|8/2Rp1k2/1p3P2/5pQ1/1PPn3R/2B5/4P1K1/5B2 b - - 1 27|11 29 30 42 130 149 216 245 289 329 418 430 436 476 754|12 22 26 100 330 402 421 422 435 557 570 589 608 665 753
general|8/2Rp1k2/1p3P2/5pQ1/1PP4R/2B5/4n1K1/5B2 w - - 0 28|29 30 42 130 149 216 245 289 329 418 430 436 459 754|12 22 26 115 330 402 421 422 557 570 589 608 665 753
general|8/2Rp1k2/1p3P2/5pQ1/1PP4R/2B4K/4n3/5B2 b - - 1 28|29 30 42 130 149 216 245 289 336 418 430 436 459 754|12 22 26 115 330 402 421 422 557 570 589 608 665 744
general|8/2Rp1k2/1p3P2/5pQ1/1PP4R/2n4K/8/5B2 w - - 0 29|29 30 42 130 216 245 289 336 418 430 436 469 754|12 22 26 109 330 402 421 422 570 589 608 665 744
general|8/2Rp1k2/1p3P2/5pQ1/1PP4R/2n5/6K1/5B2 b - - 1 29|29 30 42 130 216 245 289 329 418 430 436 469 754|12 22 26 109 330 402 421 422 570 589 608 665 753
general|4k3/2Rp4/1p3P2/5pQ1/1PP4R/2n5/6K1/5B2 w - - 2 30|29 30 42 130 216 245 289 329 418 430 436 469 763|12 22 26 109 323 402 421 422 570 589 608 665 753
general|4k3/2Rp4/1p3P2/5pQ1/1PP5/2n5/6K1/5B1R b - - 3 30|29 30 42 130 192 245 289 329 418 430 436 469 763|12 22 26 109 323 402 421 422 570 589 632 665 753
general|8/2Rp1k2/1p3P2/5pQ1/1PP5/2n5/6K1/5B1R w - - 4 31|29 30 42 130 192 245 289 329 418 430 436 469 754|12 22 26 109 330 402 421 422 570 589 632 665 753
general|8/3R1k2/1p3P2/5pQ1/1PP5/2n5/6K1/5B1R b - - 0 31|29 30 42 130 192 244 289 329 418 430 469 754|22 26 109 330 402 421 422 570 588 632 665 753
general|4k3/3R4/1p3P2/5pQ1/1PP5/2n5/6K1/5B1R w - - 1 32|29 30 42 130 192 244 289 329 418 430 469 763|22 26 109 323 402 421 422 570 588 632 665 753
general|4k3/3R4/1p3P1R/5pQ1/1PP5/2n5/6K1/5B2 b - - 2 32|29 30 42 130 232 244 289 329 418 430 469 763|22 26 109 323 402 421 422 570 588 592 665 753
general|8/3k4/1p3P1R/5pQ1/1PP5/2n5/6K1/5B2 w - - 0 33|29 30 42 130 232 289 329 418 430 469 756|17 29 106 331 405 417 418 573 599 670 758
general|8/3k4/1p3PR1/5pQ1/1PP5/2n5/6K1/5B2 b - - 1 33|29 30 42 130 233 289 329 418 430 469 756|17 29 106 331 405 417 418 573 598 670 758
general|8/3k4/5PR1/1p3pQ1/1PP5/2n5/6K1/5B2 w - - 0 34|29 30 42 130 233 289 329 418 422 469 756|25 29 106 331 405 417 418 573 598 670 758
general|8/3k4/5PR1/1p3Q2/1PP5/2n5/6K1/5B2 b - - 0 34|29 30 42 130 233 290 329 422 469 756|25 106 331 405 417 418 573 598 669 758
general|8/8/3k1PR1/1p3Q2/1PP5/2n5/6K1/5B2 w - - 1 35|29 30 42 130 233 290 329 422 469 748|25 106 339 405 417 418 573 598 669 758
general|8/8/3k1PR1/1p3Q2/1PP5/2n4K/8/5B2 b - - 2 35|29 30 42 130 233 290 336 422 469 748|25 106 339 405 417 418 573 598 669 751
general|8/2k5/5PR1/1p3Q2/1PP5/2n4K/8/5B2 w - - 3 36|29 30 42 130 233 290 336 422 469 757|25 106 330 405 417 418 573 598 669 751
general|8/2k5/5PR1/1Q6/1PP5/2n4K/8/5B2 b - - 0 36|29 30 42 130 233 294 336 469 757|106 330 405 417 418 573 598 665 751
general|8/2k5/5PR1/1n6/1PP5/7K/8/5B2 w - - 0 37|29 30 42 130 233 336 486 757|89 330 405 417 418 573 598 751
general|8/2k5/5PR1/1P6/1P6/7K/8/5B2 b - - 0 37|30 38 42 130 233 336 757|330 405 409 417 573 598 751
general|1k6/8/5PR1/1P6/1P6/7K/8/5B2 w - - 1 38|30 38 42 130 233 336 766|321 405 409 417 573 598 751
general|1k6/8/5PR1/1P6/1P6/8/7K/5B2 b - - 2 38|30 38 42 130 233 328 766|321 405 409 417 573 598 759
general|2k5/8/5PR1/1P6/1P6/8/7K/5B2 w - - 3 39|30 38 42 130 233 328 765|322 405 409 417 573 598 759
general|2k5/8/1P3PR1/8/1P6/8/7K/5B2 b - - 0 39|30 42 46 130 233 328 765|322 401 405 417 573 598 759
general|8/3k4/1P3PR1/8/1P6/8/7K/5B2 w - - 1 40|30 42 46 130 233 328 756|331 401 405 417 573 598 759
general|6R1/3k4/1P3P2/8/1P6/8/7K/5B2 b - - 2 40|30 42 46 130 249 328 756|331 401 405 417 573 582 759
general|6R1/8/1P1k1P2/8/1P6/8/7K/5B2 w - - 3 41|30 42 46 130 249 328 748|339 401 405 417 573 582 759
general|6R1/8/BP1k1P2/8/1P6/8/7K/8 b - - 4 41|30 42 46 175 249 328 748|339 401 405 417 528 582 759
general|6R1/8/BP2kP2/8/1P6/8/7K/8 w - - 5 42|30 42 46 175 249 328 747|339 402 406 422 535 577 752
general|6R1/8/1P2kP2/8/1P6/8/4B2K/8 b - - 6 42|30 42 46 139 249 328 747|339 402 406 422 563 577 752
general|6R1/8/1P3k2/8/1P6/8/4B2K/8 w - - 0 43|30 46 139 249 328 746|338 406 422 563 577 752
general|6R1/8/1P3k2/8/1P6/8/7K/5B2 b - - 1 43|30 46 130 249 328 746|338 406 422 570 577 752
general|6R1/5k2/1P6/8/1P6/8/7K/5B2 w - - 2 44|30 46 130 249 328 754|330 406 422 570 577 752
general|1R6/6k1/8/1P6/8/8/7K/5B2 b - - 0 46|38 130 254 328 753|329 414 570 582 752
general|1R6/8/7k/1P6/8/8/7K/5B2 w - - 1 47|38 130 254 328 744|336 414 570 582 752
general|1R6/8/7k/1P6/2B5/8/7K/8 b - - 2 47|38 157 254 328 744|336 414 549 582 752
general|1R6/7k/8/1P6/2B5/8/7K/8 w - - 3 48|38 157 254 328 752|328 414 549 582 752
general|1R6/7k/8/1P6/2B5/8/8/6K1 b - - 4 48|38 157 254 321 752|328 414 549 582 761
general|1R6/8/6k1/1P6/2B5/8/8/6K1 w - - 5 49|38 157 254 321 745|337 414 549 582 761
general|7R/8/6k1/1P6/2B5/8/8/6K1 b - - 6 49|38 157 248 321 745|337 414 549 576 761
general|7R/8/8/1P3k2/2B5/8/8/6K1 w - - 7 50|38 157 248 321 738|346 414 549 576 761
general|4R3/8/8/1P3k2/2B5/8/8/6K1 b - - 8 50|38 157 251 321 738|346 414 549 579 761
general|4R3/8/6k1/1P6/2B5/8/8/6K1 w - - 9 51|38 157 251 321 745|337 414 549 579 761
general|4R3/8/6k1/1P6/2B5/8/8/7K b - - 10 51|38 157 251 320 745|337 414 549 579 760
general|4R3/7k/8/1P6/2B5/8/8/7K w - - 11 52|38 157 251 320 752|328 414 549 579 760
general|8/7k/8/1P6/2B5/8/4R3/7K b - - 12 52|38 157 203 320 752|328 414 549 627 760
general|7k/8/8/1P6/2B5/8/4R3/7K w - - 13 53|38 157 203 320 760|320 414 549 627 760
general|6Bk/8/8/1P6/8/8/4R3/7K b - - 14 53|38 185 203 320 760|320 414 513 627 760
general|6B1/6k1/8/1P6/8/8/4R3/7K w - - 15 54|38 185 203 320 753|329 414 513 627 760
general|6B1/6k1/8/1P6/8/8/1R6/7K b - - 16 54|38 185 206 320 753|329 414 513 630 760
general|6k1/8/8/1P6/8/8/1R6/7K w - - 0 55|38 206 320 761|321 414 630 760
general|6k1/8/1P6/8/8/8/1R6/7K b - - 0 55|46 206 320 761|321 406 630 760
general|7k/8/1P6/8/8/8/1R6/7K w - - 1 56|46 206 320 760|320 406 630 760
general|7k/8/1P6/8/8/8/5R2/7K b - - 2 56|46 202 320 760|320 406 626 760
general|6k1/8/1P6/8/8/8/5R2/7K w - - 3 57|46 202 320 761|321 406 626 760
general|8/7k/1P6/8/8/8/1R6/7K w - - 5 58|46 206 320 752|328 406 630 760
general|8/7k/1P6/8/8/8/4R3/7K b - - 6 58|46 203 320 752|328 406 627 760
general|8/8/1P4k1/8/8/8/4R3/7K w - - 7 59|46 203 320 745|337 406 627 760
general|8/8/1P4k1/8/8/8/3R4/7K b - - 8 59|46 204 320 745|337 406 628 760
general|8/8/1P5k/8/8/8/3R4/7K w - - 9 60|46 204 320 744|336 406 628 760
general|8/8/1P5k/8/8/8/8/3R3K b - - 10 60|46 196 320 744|336 406 636 760
general|8/8/1P6/6k1/8/8/8/3R3K w - - 11 61|46 196 320 737|345 406 636 760
general|1N1k4/8/8/8/7K/8/8/8 b - - 0 76|126 344 764|323 449 743
general|4k1n1/n3B1r1/8/1p5p/7P/Pp3P2/5P2/3RK3 b - - 2 24|10 18 23 24 179 196 323 406 416 422 503 505 625 763|24 30 46 65 79 201 323 416 426 431 434 523 636 763
general|4k1n1/n3B3/8/1p4rp/7P/Pp3P2/5P2/3RK3 w - - 3 25|10 18 23 24 179 196 323 406 416 422 503 505 609 763|24 30 46 65 79 217 323 416 426 431 434 523 636 763
general|4k1n1/n7/8/1p4rp/1B5P/Pp3P2/5P2/3RK3 b - - 4 25|10 18 23 24 158 196 323 406 416 422 503 505 609 763|24 30 46 65 79 217 323 416 426 431 434 550 636 763
general|4k1n1/n7/6r1/1p5p/7P/P4P2/1B3P2/3RK3 b - - 0 27|10 18 23 24 142 196 323 416 422 503 505 617 763|24 30 65 79 209 323 416 426 431 434 566 636 763
general|4k1n1/n7/2r5/1p5p/7P/P4P2/1B3P2/3RK3 w - - 1 28|10 18 23 24 142 196 323 416 422 503 505 621 763|24 30 65 79 213 323 416 426 431 434 566 636 763
general|4k1n1/n7/2r5/1p5p/3R3P/P4P2/1B3P2/4K3 b - - 2 28|10 18 23 24 142 220 323 416 422 503 505 621 763|24 30 65 79 213 323 416 426 431 434 566 612 763
general|4k1n1/n7/6r1/1p5p/3R3P/P4P2/1B3P2/4K3 w - - 3 29|10 18 23 24 142 220 323 416 422 503 505 617 763|24 30 65 79 209 323 416 426 431 434 566 612 763
general|4k1n1/n7/6r1/1p5p/R6P/P4P2/1B3P2/4K3 b - - 4 29|10 18 23 24 142 223 323 416 422 503 505 617 763|24 30 65 79 209 323 416 426 431 434 566 615 763
general|4k1n1/n7/6r1/7p/p6P/P4P2/1B3P2/4K3 w - - 0 30|10 18 23 24 142 323 415 416 503 505 617 763|24 39 65 79 209 323 416 426 431 434 566 763
general|4k1n1/n7/6r1/7p/p6P/P4P2/1B3P2/3K4 b - - 1 30|13 16 21 31 137 323 408 423 496 510 622 764|24 39 65 79 209 323 416 426 431 434 566 764
general|4k1n1/n7/3r4/7p/p6P/P4P2/1B3P2/3K4 w - - 2 31|13 16 21 31 137 323 408 423 496 510 619 764|24 39 65 79 212 323 416 426 431 434 566 764
general|4k1n1/n7/3r4/7p/p6P/P4P2/1B3P2/2K5 b - - 3 31|13 16 21 31 137 322 408 423 496 510 619 764|24 39 65 79 212 323 416 426 431 434 566 765
general|4k1n1/n7/8/7p/p6P/P4P2/1B3P2/2Kr4 w - - 4 32|13 16 21 31 137 322 408 423 496 510 579 764|24 39 65 79 252 323 416 426 431 434 566 765
general|4k1n1/n7/8/7p/p6P/P4P2/1B3P2/3K4 b - - 0 32|13 16 21 31 137 323 408 423 496 510 764|24 39 65 79 323 416 426 431 434 566 764
general|4k1n1/8/2n5/7p/p6P/P4P2/1B3P2/3K4 w - - 1 33|13 16 21 31 137 323 408 423 490 510 764|24 39 65 85 323 416 426 431 434 566 764
general|4k1n1/8/2n5/4B2p/p6P/P4P2/5P2/3K4 b - - 2 33|13 16 21 31 164 323 408 423 490 510 764|24 39 65 85 323 416 426 431 434 539 764
general|4k1n1/8/8/4n2p/p6P/P4P2/5P2/3K4 w - - 0 34|13 16 21 31 323 408 423 484 510 764|24 39 65 91 323 416 426 431 434 764
general|4k1n1/8/8/4n2p/p6P/P4P2/4KP2/8 b - - 1 34|10 18 23 24 331 415 416 483 505 763|24 39 65 91 323 416 426 431 434 755
general|4k1n1/8/8/7p/p6P/P4n2/4KP2/8 w - - 0 35|10 23 24 331 415 416 466 505 763|24 39 65 106 323 416 431 434 755
general|4k1n1/8/8/7p/p6P/P4K2/5P2/8 b - - 0 35|10 23 24 338 415 416 505 763|24 39 65 323 416 431 434 746
general|4k3/4n3/8/7p/p6P/P4K2/5P2/8 w - - 1 36|10 23 24 338 415 416 499 763|24 39 75 323 416 431 434 746
general|4k3/4n3/8/7p/p6P/P7/5PK1/8 b - - 2 36|10 23 24 329 415 416 499 763|24 39 75 323 416 431 434 753
general|8/4nk2/8/7p/p6P/P7/5PK1/8 w - - 3 37|10 23 24 329 415 416 499 754|24 39 75 330 416 431 434 753
general|8/4nk2/8/7p/p6P/P7/5P2/5K2 b - - 4 37|10 23 24 322 415 416 499 754|24 39 75 330 416 431 434 762
general|2n5/5k2/8/7p/p6P/P7/5P2/5K2 w - - 5 38|10 23 24 322 415 416 509 754|24 39 69 330 416 431 434 762
general|2n5/5k2/8/7p/p6P/P4P2/8/5K2 b - - 0 38|18 23 24 322 415 416 509 754|24 39 69 330 416 426 431 762
general|2n1k3/8/8/7p/p6P/P4P2/8/5K2 w - - 1 39|18 23 24 322 415 416 509 763|24 39 69 323 416 426 431 762
general|2n1k3/8/8/7p/p4P1P/P7/8/5K2 b - - 0 39|23 24 26 322 415 416 509 763|24 39 69 323 416 418 431 762
general|4k3/4n3/8/7p/p4P1P/P7/8/5K2 w - - 1 40|23 24 26 322 415 416 499 763|24 39 75 323 416 418 431 762
general|4k3/4n3/8/7p/p4P1P/P7/8/6K1 b - - 2 40|23 24 26 321 415 416 499 763|24 39 75 323 416 418 431 761
general|2n1k3/8/8/7p/p4P1P/P7/8/6K1 w - - 3 41|23 24 26 321 415 416 509 763|24 39 69 323 416 418 431 761
general|2n1k3/8/8/7p/p4P1P/P7/7K/8 b - - 4 41|23 24 26 328 415 416 509 763|24 39 69 323 416 418 431 752
general|4k3/n7/8/7p/p4P1P/P7/7K/8 w - - 5 42|23 24 26 328 415 416 503 763|24 39 79 323 416 418 431 752
general|4k3/n7/8/7p/p4P1P/P5K1/8/8 b - - 6 42|23 24 26 337 415 416 503 763|24 39 79 323 416 418 431 745
general|2n1k3/8/8/7p/p4P1P/P5K1/8/8 w - - 7 43|23 24 26 337 415 416 509 763|24 39 69 323 416 418 431 745
general|2n1k3/8/8/7p/p4P1P/P7/6K1/8 b - - 8 43|23 24 26 329 415 416 509 763|24 39 69 323 416 418 431 753
general|2n5/3k4/8/7p/p4P1P/P7/6K1/8 w - - 9 44|23 24 26 329 415 416 509 756|31 32 66 331 421 423 424 758
general|2n5/3k4/8/7p/p4P1P/P7/8/6K1 b - - 10 44|23 24 26 321 415 416 509 756|31 32 66 331 421 423 424 766
general|4k3/8/3n4/7p/p4P1P/P7/7K/8 w - - 13 46|23 24 26 328 415 416 492 763|24 39 84 323 416 418 431 752
general|4k3/8/3n4/7p/p4P1P/P7/6K1/8 b - - 14 46|23 24 26 329 415 416 492 763|24 39 84 323 416 418 431 753
general|4k3/8/8/1n5p/p4P1P/P7/6K1/8 w - - 15 47|23 24 26 329 415 416 486 763|24 39 94 323 416 418 431 753
general|4k3/8/8/1n5p/p4P1P/P7/5K2/8 b - - 16 47|23 24 26 330 415 416 486 763|24 39 94 323 416 418 431 754
general|8/3k4/8/1n5p/p4P1P/P7/5K2/8 w - - 17 48|23 24 26 330 415 416 486 756|31 32 89 331 421 423 424 757
general|8/3k4/8/1n5p/p4P1P/P7/8/4K3 b - - 18 48|23 24 26 323 415 416 486 756|31 32 89 331 421 423 424 764
general|8/3k4/8/7p/p4P1P/n7/8/4K3 w - - 0 49|24 26 323 415 416 471 756|31 32 104 331 421 423 764
general|8/3k4/8/7p/p4P1P/n7/8/3K4 b - - 1 49|29 31 323 408 423 464 755|31 32 104 331 421 423 763
general|8/2k5/8/7p/p4P1P/n7/8/3K4 w - - 2 50|29 31 323 408 423 464 754|31 32 104 330 421 423 763
general|8/2k5/8/7p/p4P1P/n7/8/4K3 b - - 3 50|24 26 323 415 416 471 757|31 32 104 330 421 423 764
general|8/2k5/8/7p/p4P1P/8/2n5/4K3 w - - 4 51|24 26 323 415 416 461 757|31 32 114 330 421 423 764
general|8/2k5/8/7p/p4P1P/8/2n5/3K4 b - - 5 51|29 31 323 408 423 458 754|31 32 114 330 421 423 763
general|8/8/1k6/7p/p4P1P/8/2n5/3K4 w - - 6 52|29 31 323 408 423 458 745|31 32 114 337 421 423 763
general|8/8/1k6/7p/p4P1P/8/2n5/2K5 b - - 7 52|29 31 322 408 423 458 745|31 32 114 337 421 423 762
general|8/8/1k6/7p/p4P1P/8/8/2K1n3 w - - 8 53|29 31 322 408 423 452 745|31 32 124 337 421 423 762
general|8/8/1k6/5P1p/p6P/8/8/2K1n3 b - - 0 53|31 37 322 408 423 452 745|31 32 124 337 413 423 762
general|8/8/k7/5P1p/p6P/8/8/2K1n3 w - - 1 54|31 37 322 408 423 452 744|31 32 124 336 413 423 762
general|8/8/k4P2/7p/p6P/8/8/2K1n3 b - - 0 54|31 45 322 408 423 452 744|31 32 124 336 405 423 762
general|8/8/k4P2/7p/7P/p7/8/2K1n3 w - - 0 55|31 45 322 400 423 452 744|31 40 124 336 405 423 762
general|8/8/k4P2/7p/7P/p7/8/1K2n3 b - - 1 55|31 45 321 400 423 452 744|31 40 124 336 405 423 761
general|8/8/k4P2/7p/7P/p7/2n5/1K6 w - - 2 56|31 45 321 400 423 458 744|31 40 114 336 405 423 761
general|8/8/k4P2/7p/7P/p7/2K5/8 b - - 0 56|31 45 330 400 423 744|31 40 336 405 423 754
general|8/8/5P2/1k5p/7P/p7/2K5/8 w - - 1 57|31 45 330 400 423 737|31 40 345 405 423 754
general|8/8/5P2/1k5p/7P/p7/8/2K5 b - - 2 57|31 45 322 400 423 737|31 40 345 405 423 762
general|8/8/5P2/1k5p/7P/8/3K4/r7 w - - 0 59|31 45 331 423 576 737|31 248 345 405 423 755
general|5Q2/8/8/7p/2k4P/8/3K4/r7 b - - 0 60|31 317 331 423 576 730|31 248 354 423 645 755
general|5Q2/8/8/7p/2k4P/8/3K4/4r3 w - - 1 61|31 317 331 423 580 730|31 252 354 423 645 755
general|2Q5/8/8/7p/2k4P/8/3K4/4r3 b - - 2 61|31 314 331 423 580 730|31 252 354 423 642 755
general|2Q5/8/8/7p/3k3P/8/3K4/4r3 w - - 3 62|31 314 331 423 580 731|31 252 355 423 642 755
general|2Q5/8/8/7p/3k3P/8/2K5/4r3 b - - 4 62|31 314 330 423 580 731|31 252 355 423 642 754
general|2Q5/8/8/7p/3k3P/8/2K5/2r5 w - - 5 63|31 314 330 423 578 731|31 250 355 423 642 754
general|2Q5/8/8/7p/3k3P/8/8/2K5 b - - 0 63|31 314 322 423 731|31 355 423 642 762
general|2Q5/8/8/4k2p/7P/8/8/2K5 w - - 1 64|31 314 322 423 740|24 347 416 645 765
general|8/8/8/4kQ1p/7P/8/8/2K5 b - - 2 64|31 293 322 423 740|24 347 416 666 765
general|8/8/8/5k1p/7P/8/8/2K5 w - - 0 65|31 322 423 741|24 346 416 765
general|8/8/8/5k1p/7P/8/2K5/8 b - - 1 65|31 330 423 741|24 346 416 757
general|8/8/8/4k2p/7P/8/2K5/8 w - - 2 66|31 330 423 740|24 347 416 757
general|8/8/8/4k2p/7P/1K6/8/8 b - - 3 66|31 337 423 740|24 347 416 750
general|8/8/8/7p/3k3P/1K6/8/8 w - - 4 67|31 337 423 731|31 355 423 745
general|8/8/8/7p/K2k3P/8/8/8 b - - 5 67|31 344 423 731|31 355 423 736
general|8/8/8/3k3p/K6P/8/8/8 w - - 6 68|31 344 423 739|31 347 423 736
general|8/8/8/3k3p/7P/1K6/8/8 b - - 7 68|31 337 423 739|31 347 423 745
general|8/8/8/4k2p/7P/1K6/8/8 w - - 8 69|31 337 423 740|24 347 416 750
general|8/8/8/4k2p/7P/8/1K6/8 b - - 9 69|31 329 423 740|24 347 416 758
general|8/8/4k3/7p/7P/8/1K6/8 w - - 10 70|31 329 423 748|24 339 416 758
general|8/8/4k3/7p/7P/1K6/8/8 b - - 11 70|31 337 423 748|24 339 416 750
general|8/8/8/7p/3k3P/8/1K6/8 w - - 14 72|31 329 423 731|31 355 423 753
general|8/8/8/7p/3k3P/8/2K5/8 b - - 15 72|31 330 423 731|31 355 423 754
general|8/8/8/7p/7P/4k3/2K5/8 w - - 16 73|31 330 423 724|24 363 416 757
general|8/8/8/7p/7P/1K2k3/8/8 b - - 17 73|31 337 423 724|24 363 416 750
general|8/8/8/7p/7P/1K6/3k4/8 w - - 18 74|31 337 423 715|31 371 423 745
general|8/8/8/7p/1K5P/8/3k4/8 b - - 19 74|31 345 423 715|31 371 423 737
general|8/8/8/7p/1K5P/8/4k3/8 w - - 20 75|31 345 423 716|24 371 416 742
general|8/8/8/K6p/7P/8/4k3/8 b - - 21 75|31 352 423 716|24 371 416 735
general|8/8/8/K6p/7P/8/8/3k4 w - - 22 76|31 352 423 707|31 379 423 728
general|8/8/8/7p/1K5P/8/8/3k4 b - - 23 76|31 345 423 707|31 379 423 737
general|8/8/8/7p/1K5P/8/2k5/8 w - - 24 77|31 345 423 714|31 370 423 737
general|8/8/8/2K4p/7P/8/2k5/8 b - - 25 77|31 354 423 714|31 370 423 730
general|8/8/8/2K4p/7P/2k5/8/8 w - - 26 78|31 354 423 722|31 362 423 730
general|8/8/1K6/7p/7P/2k5/8/8 b - - 27 78|31 361 423 722|31 362 423 721
general|8/8/1K6/7p/3k3P/8/8/8 w - - 28 79|31 361 423 731|31 355 423 721
general|8/K7/8/7p/3k3P/8/8/8 b - - 29 79|31 368 423 731|31 355 423 712
general|8/K7/8/7p/4k2P/8/8/8 w - - 30 80|31 368 423 732|24 355 416 719
general|8/1K6/8/7p/4k2P/8/8/8 b - - 31 80|31 369 423 732|24 355 416 718
general|8/1K6/8/7p/7P/3k4/8/8 w - - 32 81|31 369 423 723|31 363 423 713
general|8/K7/8/7p/7P/3k4/8/8 b - - 33 81|31 368 423 723|31 363 423 712
general|8/K7/8/7p/3k3P/8/8/8 w - - 34 82|31 368 423 731|31 355 423 712
general|8/8/1K6/7p/3k3P/8/8/8 b - - 35 82|31 361 423 731|31 355 423 721
general|8/8/1K6/7p/4k2P/8/8/8 w - - 36 83|31 361 423 732|24 355 416 726
general|8/8/2K5/7p/4k2P/8/8/8 b - - 37 83|31 362 423 732|24 355 416 725
general|8/8/2K5/7p/3k3P/8/8/8 w - - 38 84|31 362 423 731|31 355 423 722
general|8/3K4/8/7p/3k3P/8/8/8 b - - 39 84|31 371 423 731|31 355 423 715
general|8/3K4/8/7p/7P/3k4/8/8 w - - 40 85|31 371 423 723|31 363 423 715
general|8/4K3/8/7p/7P/3k4/8/8 b - - 41 85|24 371 416 724|31 363 423 716
general|8/4K3/8/7p/3k3P/8/8/8 w - - 42 86|24 371 416 732|31 355 423 716
general|5K2/8/8/7p/3k3P/8/8/8 b - - 43 86|24 378 416 732|31 355 423 709
general|5K2/8/8/7p/7P/2k5/8/8 w - - 44 87|24 378 416 725|31 362 423 709
general|8/4K3/8/7p/7P/2k5/8/8 b - - 45 87|24 371 416 725|31 362 423 716
general|8/4K3/8/7p/7P/8/1k6/8 w - - 46 88|24 371 416 718|31 369 423 716
general|4K3/8/8/7p/7P/8/1k6/8 b - - 47 88|24 379 416 718|31 369 423 708
general|4K3/8/8/7p/7P/8/2k5/8 w - - 48 89|24 379 416 717|31 370 423 708
general|5K2/8/8/7p/7P/8/2k5/8 b - - 49 89|24 378 416 717|31 370 423 709
general|5K2/8/8/7p/7P/8/8/1k6 w - - 50 90|24 378 416 710|31 377 423 709
general|8/5K2/8/7p/7P/8/8/1k6 b - - 51 90|24 370 416 710|31 377 423 717
general|8/5K2/8/7p/7P/8/8/k7 w - - 52 91|24 370 416 711|31 376 423 717
general|4K3/8/8/7p/7P/8/8/k7 b - - 53 91|24 379 416 711|31 376 423 708
general|4K3/8/8/7p/7P/8/k7/8 w - - 54 92|24 379 416 719|31 368 423 708
general|3K4/8/8/7p/7P/8/k7/8 b - - 55 92|31 379 423 712|31 368 423 707
general|3K4/8/8/7p/7P/8/8/k7 w - - 56 93|31 379 423 704|31 376 423 707
general|4K3/8/8/7p/7P/8/1k6/8 w - - 58 94|24 379 416 718|31 369 423 708
general|8/5K2/8/7p/7P/8/1k6/8 b - - 59 94|24 370 416 718|31 369 423 717
general|8/5K2/8/7p/7P/k7/8/8 w - - 60 95|24 370 416 727|31 360 423 717
general|8/6K1/8/7p/7P/k7/8/8 b - - 61 95|24 369 416 727|31 360 423 718
general|8/6K1/8/7p/7P/8/1k6/8 w - - 62 96|24 369 416 718|31 369 423 718
general|8/7K/8/7p/7P/8/1k6/8 b - - 63 96|24 368 416 718|31 369 423 719
general|8/7K/8/7p/7P/8/8/1k6 w - - 64 97|24 368 416 710|31 377 423 719
general|6K1/8/8/7p/7P/8/8/1k6 b - - 65 97|24 377 416 710|31 377 423 710
general|6K1/8/8/7p/7P/8/8/k7 w - - 66 98|24 377 416 711|31 376 423 710
general|8/6K1/8/7p/7P/8/8/k7 b - - 67 98|24 369 416 711|31 376 423 718
general|8/6K1/8/7p/7P/8/k7/8 w - - 68 99|24 369 416 719|31 368 423 718
general|8/7K/8/7p/7P/8/k7/8 b - - 69 99|24 368 416 719|31 368 423 719
general|8/7K/8/7p/7P/8/1k6/8 w - - 70 100|24 368 416 718|31 369 423 719
general|6K1/8/8/7p/7P/8/1k6/8 b - - 71 100|24 377 416 718|31 369 423 710
general|6K1/8/8/7p/7P/8/8/1k6 w - - 72 101|24 377 416 710|31 377 423 710
general|7K/8/8/7p/7P/8/8/1k6 b - - 73 101|24 376 416 710|31 377 423 711
general|7K/8/8/7p/7P/8/8/k7 w - - 74 102|24 376 416 711|31 376 423 711
general|8/6K1/8/7p/7P/8/8/1k6 w - - 76 103|24 369 416 710|31 377 423 718
general|8/5K2/8/7p/7P/8/8/2k5 w - - 78 104|24 370 416 709|31 378 423 717
general|8/8/4K3/7p/7P/8/8/2k5 b - - 79 104|24 363 416 709|31 378 423 724
general|8/8/4K3/7p/7P/8/8/3k4 w - - 80 105|24 363 416 708|31 379 423 724
general|8/8/5K2/7p/7P/8/8/3k4 b - - 81 105|24 362 416 708|31 379 423 725
general|8/8/5K2/7p/7P/8/2k5/8 w - - 82 106|24 362 416 717|31 370 423 725
general|8/8/8/6Kp/7P/8/2k5/8 b - - 83 106|24 353 416 717|31 370 423 734
general|8/8/8/6Kp/7P/3k4/8/8 w - - 84 107|24 353 416 724|31 363 423 734
general|8/8/8/7K/7P/3k4/8/8 b - - 0 107|24 352 724|363 423 735
general|8/8/8/7K/7P/2k5/8/8 w - - 1 108|24 352 725|362 423 735
general|8/8/8/6K1/7P/2k5/8/8 b - - 2 108|24 353 725|362 423 734
general|8/8/8/6K1/3k3P/8/8/8 w - - 3 109|24 353 732|355 423 734
general|8/8/8/8/3k1K1P/8/8/8 b - - 4 109|24 346 732|355 423 741
general|8/8/8/3k4/5K1P/8/8/8 w - - 5 110|24 346 740|347 423 741
general|8/8/8/3k4/6KP/8/8/8 b - - 6 110|24 345 740|347 423 742
general|8/8/8/2k5/6KP/8/8/8 w - - 7 111|24 345 741|346 423 742
general|8/8/8/2k5/7P/7K/8/8 b - - 8 111|24 336 741|346 423 751
general|8/8/1k6/8/7P/7K/8/8 w - - 9 112|24 336 750|337 423 751
general|8/8/1k6/8/7P/8/6K1/8 b - - 10 112|24 329 750|337 423 758
general|8/8/k7/8/7P/8/6K1/8 w - - 11 113|24 329 751|336 423 758
general|8/8/k7/8/7P/5K2/8/8 b - - 12 113|24 338 751|336 423 749
general|8/8/1k6/8/7P/5K2/8/8 w - - 13 114|24 338 750|337 423 749
general|8/8/1k6/8/7P/8/4K3/8 b - - 14 114|24 331 750|337 423 756
general|8/8/k7/8/7P/8/4K3/8 w - - 15 115|24 331 751|336 423 756
general|8/8/k7/7P/8/8/4K3/8 b - - 0 115|32 331 751|336 415 756
general|8/8/8/k6P/8/8/4K3/8 w - - 1 116|32 331 743|344 415 756
general|8/8/8/k6P/8/8/8/3K4 b - - 2 116|39 323 736|344 415 763
general|8/8/8/1k5P/8/8/8/3K4 w - - 3 117|39 323 737|345 415 763
general|8/8/8/1k5P/8/8/4K3/8 b - - 4 117|32 331 742|345 415 756
general|8/8/8/2k4P/8/8/4K3/8 w - - 5 118|32 331 741|346 415 756
general|8/8/8/2k4P/8/8/8/4K3 b - - 6 118|32 323 741|346 415 764
general|8/8/2k5/7P/8/8/8/4K3 w - - 7 119|32 323 749|338 415 764
general|8/8/2k5/7P/8/8/8/5K2 b - - 8 119|32 322 749|338 415 765
general|8/8/8/2k4P/8/8/8/5K2 w - - 9 120|32 322 741|346 415 765
general|8/8/8/2k4P/8/8/6K1/8 b - - 10 120|32 329 741|346 415 758
general|8/8/8/7P/1k6/8/6K1/8 w - - 11 121|32 329 734|353 415 758
general|8/8/7P/8/1k6/8/6K1/8 b - - 0 121|40 329 734|353 407 758
general|8/8/7P/8/8/2k5/6K1/8 w - - 1 122|40 329 725|362 407 758
general|8/8/7P/8/8/2k5/8/6K1 b - - 2 122|40 321 725|362 407 766
general|8/8/7P/8/1k6/8/8/6K1 w - - 3 123|40 321 734|353 407 766
general|8/8/7P/2k5/8/8/6K1/8 w - - 5 124|40 329 741|346 407 758
general|8/8/7P/2k5/8/8/7K/8 b - - 6 124|40 328 741|346 407 759
general|8/8/7P/3k4/8/8/7K/8 w - - 7 125|40 328 740|347 407 759
general|7R/8/1k6/8/7K/8/8/8 b - - 0 128|248 344 750|337 583 743
general|7R/2k5/8/8/7K/8/8/8 w - - 1 129|248 344 757|330 583 743
general|7R/2k5/8/6K1/8/8/8/8 b - - 2 129|248 353 757|330 583 734
general|7R/1k6/8/6K1/8/8/8/8 w - - 3 130|248 353 758|329 583 734
general|8/1k6/8/6K1/8/7R/8/8 b - - 4 130|208 353 758|329 623 734
general|8/8/k7/6K1/8/7R/8/8 w - - 5 131|208 353 751|336 623 734
general|8/8/k7/6K1/8/8/8/7R b - - 6 131|192 353 751|336 639 734
general|8/8/1k6/6K1/8/8/8/7R w - - 7 132|192 353 750|337 639 734
general|8/8/1k4K1/8/8/8/8/7R b - - 8 132|192 361 750|337 639 726
general|8/1k6/6K1/8/8/8/8/7R w - - 9 133|192 361 758|329 639 726
general|8/1k6/6KR/8/8/8/8/8 b - - 10 133|232 361 758|329 599 726
general|k7/8/6KR/8/8/8/8/8 w - - 11 134|232 361 767|320 599 726
general|k7/8/7R/5K2/8/8/8/8 b - - 12 134|232 354 767|320 599 733
general|1k6/8/7R/5K2/8/8/8/8 w - - 13 135|232 354 766|321 599 733
general|1k6/8/8/5K2/8/8/8/7R b - - 14 135|192 354 766|321 639 733
humo|rnbqk1nr/pp3ppp/4p3/2p5/1bPP4/2N5/PP3PPP/R1BQKBNR w KQkq - 0 7|8 9 10 14 15 28 29 65 85 130 133 192 199 260 323 421 427 432 433 434 438 439 505 510 542 573 632 639 700 763 768 769 770 771|8 9 10 14 15 19 29 65 70 133 166 192 199 260 323 420 421 432 433 434 438 439 493 505 570 573 632 639 700 763 768 769 770 771
humo|2rqkb1r/pp1b1ppp/4pn2/n2p4/3P1B2/2NBP3/PPQ2PPP/R3K1NR w KQk - 0 11|8 9 10 14 15 19 28 65 85 148 154 192 199 269 323 420 427 432 433 434 438 439 487 490 564 570 632 637 700 763 768 769 770|8 9 10 14 15 19 28 82 95 130 140 192 197 260 323 420 427 432 433 434 438 439 493 505 546 556 632 639 693 763 768 770 771
humo|r1bqkb1r/pppn1ppp/3p1n2/4p3/3PP3/2N2N2/PPP2P1P/R1BQKBR1 w Qkq - 2 7|8 10 13 14 15 27 28 82 85 130 133 193 199 260 323 419 428 432 433 434 437 438 439 490 500 570 573 632 639 700 763 769 770 771|8 9 10 13 14 15 20 27 76 82 130 133 192 199 260 323 419 420 432 434 437 438 439 490 493 570 573 633 639 700 763 768 769 771
humo|r2q1rk1/pb1n1ppp/1p2pn2/6B1/1bBP4/2N2N2/PP2QPPP/2R2RK1 b - - 5 12|8 9 10 14 15 28 82 85 157 161 194 197 267 321 427 430 432 433 434 439 490 500 542 566 634 639 700 761|8 9 10 15 19 22 76 82 142 166 194 199 260 321 420 432 433 434 438 439 490 493 537 549 634 637 691 761
humo|r1bqkbnr/pppp2pp/2n5/4pp2/2P5/6P1/PP1PPPBP/RNBQK1NR w KQkq - 0 4|8 10 11 12 14 15 17 29 65 70 133 137 192 199 260 323 418 419 432 433 436 437 438 439 493 505 570 573 632 639 700 763 768 769 770 771|8 9 12 13 14 15 26 27 65 85 130 133 192 199 260 323 421 425 432 434 435 436 438 439 505 510 561 573 632 639 700 763 768 769 770 771
humo|r1bqk2r/p2pppbp/2p2np1/2p1P3/8/5N2/PPPP1PPP/RNBQR1K1 b kq - 0 7|8 9 10 12 13 14 15 35 70 82 133 195 199 260 321 421 425 429 432 434 435 436 439 490 561 573 632 639 700 763 770 771|8 10 11 12 15 17 21 29 82 133 137 192 199 260 323 411 432 433 434 436 437 438 439 490 510 573 635 639 700 761 768 769
humo|r1bq1rk1/bpp2pp1/p1np1n1p/4p3/4P3/1BPP1N2/PP3PPP/R1BQRNK1 b - - 3 10|8 9 10 14 15 20 21 27 66 82 133 150 195 199 260 321 419 424 428 431 433 434 437 438 490 493 567 573 634 639 700 761|9 10 13 14 16 20 23 27 82 85 133 143 194 199 260 321 419 428 429 432 433 434 438 439 490 506 558 573 635 639 700 761
humo|r1bq1rk1/pp1nbpp1/4pn1p/2pp4/2PP3B/2N1PN2/PPQ2PPP/3RKB1R b K - 1 9|8 9 10 14 15 19 28 29 82 85 130 152 192 196 269 323 420 421 424 427 433 434 438 439 490 500 563 573 634 639 700 761 768|9 10 14 15 16 19 28 29 76 82 133 139 194 199 260 321 420 421 427 432 433 434 438 439 490 493 544 570 632 636 693 763 770
